TimeQuest Timing Analyzer report for miniProject
Fri May 13 19:50:36 2022
Quartus II 64-Bit Version 13.0.1 Build 232 06/12/2013 Service Pack 1 SJ Web Edition


---------------------
; Table of Contents ;
---------------------
  1. Legal Notice
  2. TimeQuest Timing Analyzer Summary
  3. Parallel Compilation
  4. Clocks
  5. Slow 1200mV 85C Model Fmax Summary
  6. Timing Closure Recommendations
  7. Slow 1200mV 85C Model Setup Summary
  8. Slow 1200mV 85C Model Hold Summary
  9. Slow 1200mV 85C Model Recovery Summary
 10. Slow 1200mV 85C Model Removal Summary
 11. Slow 1200mV 85C Model Minimum Pulse Width Summary
 12. Slow 1200mV 85C Model Setup: 'inst2|altpll_component|auto_generated|pll1|clk[0]'
 13. Slow 1200mV 85C Model Setup: 'VGA_SYNC:inst|vert_sync_out'
 14. Slow 1200mV 85C Model Hold: 'inst2|altpll_component|auto_generated|pll1|clk[0]'
 15. Slow 1200mV 85C Model Hold: 'VGA_SYNC:inst|vert_sync_out'
 16. Slow 1200mV 85C Model Minimum Pulse Width: 'VGA_SYNC:inst|vert_sync_out'
 17. Slow 1200mV 85C Model Minimum Pulse Width: 'clk'
 18. Slow 1200mV 85C Model Minimum Pulse Width: 'inst2|altpll_component|auto_generated|pll1|clk[0]'
 19. Setup Times
 20. Hold Times
 21. Clock to Output Times
 22. Minimum Clock to Output Times
 23. Slow 1200mV 85C Model Metastability Report
 24. Slow 1200mV 0C Model Fmax Summary
 25. Slow 1200mV 0C Model Setup Summary
 26. Slow 1200mV 0C Model Hold Summary
 27. Slow 1200mV 0C Model Recovery Summary
 28. Slow 1200mV 0C Model Removal Summary
 29. Slow 1200mV 0C Model Minimum Pulse Width Summary
 30. Slow 1200mV 0C Model Setup: 'inst2|altpll_component|auto_generated|pll1|clk[0]'
 31. Slow 1200mV 0C Model Setup: 'VGA_SYNC:inst|vert_sync_out'
 32. Slow 1200mV 0C Model Hold: 'inst2|altpll_component|auto_generated|pll1|clk[0]'
 33. Slow 1200mV 0C Model Hold: 'VGA_SYNC:inst|vert_sync_out'
 34. Slow 1200mV 0C Model Minimum Pulse Width: 'VGA_SYNC:inst|vert_sync_out'
 35. Slow 1200mV 0C Model Minimum Pulse Width: 'clk'
 36. Slow 1200mV 0C Model Minimum Pulse Width: 'inst2|altpll_component|auto_generated|pll1|clk[0]'
 37. Setup Times
 38. Hold Times
 39. Clock to Output Times
 40. Minimum Clock to Output Times
 41. Slow 1200mV 0C Model Metastability Report
 42. Fast 1200mV 0C Model Setup Summary
 43. Fast 1200mV 0C Model Hold Summary
 44. Fast 1200mV 0C Model Recovery Summary
 45. Fast 1200mV 0C Model Removal Summary
 46. Fast 1200mV 0C Model Minimum Pulse Width Summary
 47. Fast 1200mV 0C Model Setup: 'inst2|altpll_component|auto_generated|pll1|clk[0]'
 48. Fast 1200mV 0C Model Setup: 'VGA_SYNC:inst|vert_sync_out'
 49. Fast 1200mV 0C Model Hold: 'inst2|altpll_component|auto_generated|pll1|clk[0]'
 50. Fast 1200mV 0C Model Hold: 'VGA_SYNC:inst|vert_sync_out'
 51. Fast 1200mV 0C Model Minimum Pulse Width: 'VGA_SYNC:inst|vert_sync_out'
 52. Fast 1200mV 0C Model Minimum Pulse Width: 'clk'
 53. Fast 1200mV 0C Model Minimum Pulse Width: 'inst2|altpll_component|auto_generated|pll1|clk[0]'
 54. Setup Times
 55. Hold Times
 56. Clock to Output Times
 57. Minimum Clock to Output Times
 58. Fast 1200mV 0C Model Metastability Report
 59. Multicorner Timing Analysis Summary
 60. Setup Times
 61. Hold Times
 62. Clock to Output Times
 63. Minimum Clock to Output Times
 64. Board Trace Model Assignments
 65. Input Transition Times
 66. Slow Corner Signal Integrity Metrics
 67. Fast Corner Signal Integrity Metrics
 68. Setup Transfers
 69. Hold Transfers
 70. Report TCCS
 71. Report RSKM
 72. Unconstrained Paths
 73. TimeQuest Timing Analyzer Messages



----------------
; Legal Notice ;
----------------
Copyright (C) 1991-2013 Altera Corporation
Your use of Altera Corporation's design tools, logic functions 
and other software and tools, and its AMPP partner logic 
functions, and any output files from any of the foregoing 
(including device programming or simulation files), and any 
associated documentation or information are expressly subject 
to the terms and conditions of the Altera Program License 
Subscription Agreement, Altera MegaCore Function License 
Agreement, or other applicable license agreement, including, 
without limitation, that your use is for the sole purpose of 
programming logic devices manufactured by Altera and sold by 
Altera or its authorized distributors.  Please refer to the 
applicable agreement for further details.



+----------------------------------------------------------------------------------------+
; TimeQuest Timing Analyzer Summary                                                      ;
+--------------------+-------------------------------------------------------------------+
; Quartus II Version ; Version 13.0.1 Build 232 06/12/2013 Service Pack 1 SJ Web Edition ;
; Revision Name      ; miniProject                                                       ;
; Device Family      ; Cyclone III                                                       ;
; Device Name        ; EP3C16F484C6                                                      ;
; Timing Models      ; Final                                                             ;
; Delay Model        ; Combined                                                          ;
; Rise/Fall Delays   ; Enabled                                                           ;
+--------------------+-------------------------------------------------------------------+


Parallel compilation was disabled, but you have multiple processors available. Enable parallel compilation to reduce compilation time.
+-------------------------------------+
; Parallel Compilation                ;
+----------------------------+--------+
; Processors                 ; Number ;
+----------------------------+--------+
; Number detected on machine ; 8      ;
; Maximum allowed            ; 1      ;
+----------------------------+--------+


+-------------------------------------------------------------------------------------------------------------------------------------------------------------------------------------------------------------------------------------------------------------------------------------------------------------------------+
; Clocks                                                                                                                                                                                                                                                                                                                  ;
+---------------------------------------------------+-----------+--------+------------+-------+--------+------------+-----------+-------------+-------+--------+-----------+------------+----------+--------+-----------------------------------------------------+-------------------------------------------------------+
; Clock Name                                        ; Type      ; Period ; Frequency  ; Rise  ; Fall   ; Duty Cycle ; Divide by ; Multiply by ; Phase ; Offset ; Edge List ; Edge Shift ; Inverted ; Master ; Source                                              ; Targets                                               ;
+---------------------------------------------------+-----------+--------+------------+-------+--------+------------+-----------+-------------+-------+--------+-----------+------------+----------+--------+-----------------------------------------------------+-------------------------------------------------------+
; clk                                               ; Base      ; 20.000 ; 50.0 MHz   ; 0.000 ; 10.000 ;            ;           ;             ;       ;        ;           ;            ;          ;        ;                                                     ; { clk }                                               ;
; inst2|altpll_component|auto_generated|pll1|clk[0] ; Generated ; 40.000 ; 25.0 MHz   ; 0.000 ; 20.000 ; 50.00      ; 2         ; 1           ;       ;        ;           ;            ; false    ; clk    ; inst2|altpll_component|auto_generated|pll1|inclk[0] ; { inst2|altpll_component|auto_generated|pll1|clk[0] } ;
; VGA_SYNC:inst|vert_sync_out                       ; Base      ; 1.000  ; 1000.0 MHz ; 0.000 ; 0.500  ;            ;           ;             ;       ;        ;           ;            ;          ;        ;                                                     ; { VGA_SYNC:inst|vert_sync_out }                       ;
+---------------------------------------------------+-----------+--------+------------+-------+--------+------------+-----------+-------------+-------+--------+-----------+------------+----------+--------+-----------------------------------------------------+-------------------------------------------------------+


+-----------------------------------------------------------------------------------------+
; Slow 1200mV 85C Model Fmax Summary                                                      ;
+------------+-----------------+---------------------------------------------------+------+
; Fmax       ; Restricted Fmax ; Clock Name                                        ; Note ;
+------------+-----------------+---------------------------------------------------+------+
; 56.33 MHz  ; 56.33 MHz       ; inst2|altpll_component|auto_generated|pll1|clk[0] ;      ;
; 408.33 MHz ; 408.33 MHz      ; VGA_SYNC:inst|vert_sync_out                       ;      ;
+------------+-----------------+---------------------------------------------------+------+
This panel reports FMAX for every clock in the design, regardless of the user-specified clock periods.  FMAX is only computed for paths where the source and destination registers or ports are driven by the same clock.  Paths of different clocks, including generated clocks, are ignored.  For paths between a clock and its inversion, FMAX is computed as if the rising and falling edges are scaled along with FMAX, such that the duty cycle (in terms of a percentage) is maintained. Altera recommends that you always use clock constraints and other slack reports for sign-off analysis.


----------------------------------
; Timing Closure Recommendations ;
----------------------------------
HTML report is unavailable in plain text report export.


+----------------------------------------------------------------------------+
; Slow 1200mV 85C Model Setup Summary                                        ;
+---------------------------------------------------+--------+---------------+
; Clock                                             ; Slack  ; End Point TNS ;
+---------------------------------------------------+--------+---------------+
; inst2|altpll_component|auto_generated|pll1|clk[0] ; -5.150 ; -14.652       ;
; VGA_SYNC:inst|vert_sync_out                       ; -1.449 ; -22.556       ;
+---------------------------------------------------+--------+---------------+


+---------------------------------------------------------------------------+
; Slow 1200mV 85C Model Hold Summary                                        ;
+---------------------------------------------------+-------+---------------+
; Clock                                             ; Slack ; End Point TNS ;
+---------------------------------------------------+-------+---------------+
; inst2|altpll_component|auto_generated|pll1|clk[0] ; 0.357 ; 0.000         ;
; VGA_SYNC:inst|vert_sync_out                       ; 0.410 ; 0.000         ;
+---------------------------------------------------+-------+---------------+


------------------------------------------
; Slow 1200mV 85C Model Recovery Summary ;
------------------------------------------
No paths to report.


-----------------------------------------
; Slow 1200mV 85C Model Removal Summary ;
-----------------------------------------
No paths to report.


+----------------------------------------------------------------------------+
; Slow 1200mV 85C Model Minimum Pulse Width Summary                          ;
+---------------------------------------------------+--------+---------------+
; Clock                                             ; Slack  ; End Point TNS ;
+---------------------------------------------------+--------+---------------+
; VGA_SYNC:inst|vert_sync_out                       ; -1.000 ; -22.000       ;
; clk                                               ; 9.825  ; 0.000         ;
; inst2|altpll_component|auto_generated|pll1|clk[0] ; 19.736 ; 0.000         ;
+---------------------------------------------------+--------+---------------+


+----------------------------------------------------------------------------------------------------------------------------------------------------------------------------------------------------------------------------------+
; Slow 1200mV 85C Model Setup: 'inst2|altpll_component|auto_generated|pll1|clk[0]'                                                                                                                                                 ;
+--------+----------------------------------+-------------------------------------+---------------------------------------------------+---------------------------------------------------+--------------+------------+------------+
; Slack  ; From Node                        ; To Node                             ; Launch Clock                                      ; Latch Clock                                       ; Relationship ; Clock Skew ; Data Delay ;
+--------+----------------------------------+-------------------------------------+---------------------------------------------------+---------------------------------------------------+--------------+------------+------------+
; -5.150 ; bouncy_ball:inst7|ball_y_pos[4]  ; VGA_SYNC:inst|blue_out              ; VGA_SYNC:inst|vert_sync_out                       ; inst2|altpll_component|auto_generated|pll1|clk[0] ; 1.000        ; -2.040     ; 4.055      ;
; -4.968 ; bouncy_ball:inst7|ball_y_pos[5]  ; VGA_SYNC:inst|blue_out              ; VGA_SYNC:inst|vert_sync_out                       ; inst2|altpll_component|auto_generated|pll1|clk[0] ; 1.000        ; -2.040     ; 3.873      ;
; -4.963 ; bouncy_ball:inst7|ball_y_pos[3]  ; VGA_SYNC:inst|blue_out              ; VGA_SYNC:inst|vert_sync_out                       ; inst2|altpll_component|auto_generated|pll1|clk[0] ; 1.000        ; -2.040     ; 3.868      ;
; -4.938 ; bouncy_ball:inst7|pipe_x_pos[5]  ; VGA_SYNC:inst|green_out             ; VGA_SYNC:inst|vert_sync_out                       ; inst2|altpll_component|auto_generated|pll1|clk[0] ; 1.000        ; -2.050     ; 3.833      ;
; -4.938 ; bouncy_ball:inst7|pipe_x_pos[4]  ; VGA_SYNC:inst|green_out             ; VGA_SYNC:inst|vert_sync_out                       ; inst2|altpll_component|auto_generated|pll1|clk[0] ; 1.000        ; -2.050     ; 3.833      ;
; -4.885 ; bouncy_ball:inst7|pipe_x_pos[3]  ; VGA_SYNC:inst|green_out             ; VGA_SYNC:inst|vert_sync_out                       ; inst2|altpll_component|auto_generated|pll1|clk[0] ; 1.000        ; -2.051     ; 3.779      ;
; -4.884 ; bouncy_ball:inst7|ball_y_pos[6]  ; VGA_SYNC:inst|blue_out              ; VGA_SYNC:inst|vert_sync_out                       ; inst2|altpll_component|auto_generated|pll1|clk[0] ; 1.000        ; -2.040     ; 3.789      ;
; -4.612 ; bouncy_ball:inst7|pipe_x_pos[8]  ; VGA_SYNC:inst|green_out             ; VGA_SYNC:inst|vert_sync_out                       ; inst2|altpll_component|auto_generated|pll1|clk[0] ; 1.000        ; -2.416     ; 3.141      ;
; -4.564 ; bouncy_ball:inst7|ball_y_pos[4]  ; VGA_SYNC:inst|red_out               ; VGA_SYNC:inst|vert_sync_out                       ; inst2|altpll_component|auto_generated|pll1|clk[0] ; 1.000        ; -2.040     ; 3.469      ;
; -4.562 ; bouncy_ball:inst7|pipe_x_pos[6]  ; VGA_SYNC:inst|green_out             ; VGA_SYNC:inst|vert_sync_out                       ; inst2|altpll_component|auto_generated|pll1|clk[0] ; 1.000        ; -2.051     ; 3.456      ;
; -4.520 ; bouncy_ball:inst7|pipe_x_pos[7]  ; VGA_SYNC:inst|green_out             ; VGA_SYNC:inst|vert_sync_out                       ; inst2|altpll_component|auto_generated|pll1|clk[0] ; 1.000        ; -2.051     ; 3.414      ;
; -4.493 ; bouncy_ball:inst7|ball_y_pos[0]  ; VGA_SYNC:inst|blue_out              ; VGA_SYNC:inst|vert_sync_out                       ; inst2|altpll_component|auto_generated|pll1|clk[0] ; 1.000        ; -2.040     ; 3.398      ;
; -4.397 ; bouncy_ball:inst7|ball_y_pos[7]  ; VGA_SYNC:inst|blue_out              ; VGA_SYNC:inst|vert_sync_out                       ; inst2|altpll_component|auto_generated|pll1|clk[0] ; 1.000        ; -2.040     ; 3.302      ;
; -4.384 ; bouncy_ball:inst7|ball_y_pos[5]  ; VGA_SYNC:inst|red_out               ; VGA_SYNC:inst|vert_sync_out                       ; inst2|altpll_component|auto_generated|pll1|clk[0] ; 1.000        ; -2.040     ; 3.289      ;
; -4.383 ; bouncy_ball:inst7|ball_y_pos[1]  ; VGA_SYNC:inst|blue_out              ; VGA_SYNC:inst|vert_sync_out                       ; inst2|altpll_component|auto_generated|pll1|clk[0] ; 1.000        ; -2.040     ; 3.288      ;
; -4.377 ; bouncy_ball:inst7|ball_y_pos[3]  ; VGA_SYNC:inst|red_out               ; VGA_SYNC:inst|vert_sync_out                       ; inst2|altpll_component|auto_generated|pll1|clk[0] ; 1.000        ; -2.040     ; 3.282      ;
; -4.298 ; bouncy_ball:inst7|ball_y_pos[6]  ; VGA_SYNC:inst|red_out               ; VGA_SYNC:inst|vert_sync_out                       ; inst2|altpll_component|auto_generated|pll1|clk[0] ; 1.000        ; -2.040     ; 3.203      ;
; -4.282 ; bouncy_ball:inst7|ball_y_pos[2]  ; VGA_SYNC:inst|blue_out              ; VGA_SYNC:inst|vert_sync_out                       ; inst2|altpll_component|auto_generated|pll1|clk[0] ; 1.000        ; -2.040     ; 3.187      ;
; -4.202 ; bouncy_ball:inst7|pipe_x_pos[0]  ; VGA_SYNC:inst|green_out             ; VGA_SYNC:inst|vert_sync_out                       ; inst2|altpll_component|auto_generated|pll1|clk[0] ; 1.000        ; -2.050     ; 3.097      ;
; -4.161 ; bouncy_ball:inst7|ball_y_pos[8]  ; VGA_SYNC:inst|blue_out              ; VGA_SYNC:inst|vert_sync_out                       ; inst2|altpll_component|auto_generated|pll1|clk[0] ; 1.000        ; -2.040     ; 3.066      ;
; -4.151 ; bouncy_ball:inst7|pipe_x_pos[10] ; VGA_SYNC:inst|green_out             ; VGA_SYNC:inst|vert_sync_out                       ; inst2|altpll_component|auto_generated|pll1|clk[0] ; 1.000        ; -2.416     ; 2.680      ;
; -4.147 ; bouncy_ball:inst7|pipe_x_pos[2]  ; VGA_SYNC:inst|green_out             ; VGA_SYNC:inst|vert_sync_out                       ; inst2|altpll_component|auto_generated|pll1|clk[0] ; 1.000        ; -2.050     ; 3.042      ;
; -4.101 ; bouncy_ball:inst7|ball_y_pos[9]  ; VGA_SYNC:inst|blue_out              ; VGA_SYNC:inst|vert_sync_out                       ; inst2|altpll_component|auto_generated|pll1|clk[0] ; 1.000        ; -2.403     ; 2.643      ;
; -4.059 ; bouncy_ball:inst7|pipe_x_pos[1]  ; VGA_SYNC:inst|green_out             ; VGA_SYNC:inst|vert_sync_out                       ; inst2|altpll_component|auto_generated|pll1|clk[0] ; 1.000        ; -2.041     ; 2.963      ;
; -4.015 ; bouncy_ball:inst7|pipe_x_pos[9]  ; VGA_SYNC:inst|green_out             ; VGA_SYNC:inst|vert_sync_out                       ; inst2|altpll_component|auto_generated|pll1|clk[0] ; 1.000        ; -2.416     ; 2.544      ;
; -3.909 ; bouncy_ball:inst7|ball_y_pos[0]  ; VGA_SYNC:inst|red_out               ; VGA_SYNC:inst|vert_sync_out                       ; inst2|altpll_component|auto_generated|pll1|clk[0] ; 1.000        ; -2.040     ; 2.814      ;
; -3.811 ; bouncy_ball:inst7|ball_y_pos[7]  ; VGA_SYNC:inst|red_out               ; VGA_SYNC:inst|vert_sync_out                       ; inst2|altpll_component|auto_generated|pll1|clk[0] ; 1.000        ; -2.040     ; 2.716      ;
; -3.797 ; bouncy_ball:inst7|ball_y_pos[1]  ; VGA_SYNC:inst|red_out               ; VGA_SYNC:inst|vert_sync_out                       ; inst2|altpll_component|auto_generated|pll1|clk[0] ; 1.000        ; -2.040     ; 2.702      ;
; -3.698 ; bouncy_ball:inst7|ball_y_pos[2]  ; VGA_SYNC:inst|red_out               ; VGA_SYNC:inst|vert_sync_out                       ; inst2|altpll_component|auto_generated|pll1|clk[0] ; 1.000        ; -2.040     ; 2.603      ;
; -3.577 ; bouncy_ball:inst7|ball_y_pos[8]  ; VGA_SYNC:inst|red_out               ; VGA_SYNC:inst|vert_sync_out                       ; inst2|altpll_component|auto_generated|pll1|clk[0] ; 1.000        ; -2.040     ; 2.482      ;
; -3.515 ; bouncy_ball:inst7|ball_y_pos[9]  ; VGA_SYNC:inst|red_out               ; VGA_SYNC:inst|vert_sync_out                       ; inst2|altpll_component|auto_generated|pll1|clk[0] ; 1.000        ; -2.403     ; 2.057      ;
; 11.123 ; VGA_SYNC:inst|pixel_row[4]       ; char_rom:inst6|rom_address[7]       ; inst2|altpll_component|auto_generated|pll1|clk[0] ; inst2|altpll_component|auto_generated|pll1|clk[0] ; 20.000       ; -0.061     ; 8.811      ;
; 11.123 ; VGA_SYNC:inst|pixel_row[4]       ; char_rom:inst6|rom_address[6]       ; inst2|altpll_component|auto_generated|pll1|clk[0] ; inst2|altpll_component|auto_generated|pll1|clk[0] ; 20.000       ; -0.061     ; 8.811      ;
; 11.123 ; VGA_SYNC:inst|pixel_row[4]       ; char_rom:inst6|rom_address[5]       ; inst2|altpll_component|auto_generated|pll1|clk[0] ; inst2|altpll_component|auto_generated|pll1|clk[0] ; 20.000       ; -0.061     ; 8.811      ;
; 11.123 ; VGA_SYNC:inst|pixel_row[4]       ; char_rom:inst6|rom_address[4]       ; inst2|altpll_component|auto_generated|pll1|clk[0] ; inst2|altpll_component|auto_generated|pll1|clk[0] ; 20.000       ; -0.061     ; 8.811      ;
; 11.123 ; VGA_SYNC:inst|pixel_row[4]       ; char_rom:inst6|rom_address[3]       ; inst2|altpll_component|auto_generated|pll1|clk[0] ; inst2|altpll_component|auto_generated|pll1|clk[0] ; 20.000       ; -0.061     ; 8.811      ;
; 11.123 ; VGA_SYNC:inst|pixel_row[4]       ; char_rom:inst6|rom_address[2]       ; inst2|altpll_component|auto_generated|pll1|clk[0] ; inst2|altpll_component|auto_generated|pll1|clk[0] ; 20.000       ; -0.061     ; 8.811      ;
; 11.123 ; VGA_SYNC:inst|pixel_row[4]       ; char_rom:inst6|rom_address[1]       ; inst2|altpll_component|auto_generated|pll1|clk[0] ; inst2|altpll_component|auto_generated|pll1|clk[0] ; 20.000       ; -0.061     ; 8.811      ;
; 11.123 ; VGA_SYNC:inst|pixel_row[4]       ; char_rom:inst6|rom_address[0]       ; inst2|altpll_component|auto_generated|pll1|clk[0] ; inst2|altpll_component|auto_generated|pll1|clk[0] ; 20.000       ; -0.061     ; 8.811      ;
; 11.272 ; VGA_SYNC:inst|pixel_row[6]       ; char_rom:inst6|rom_address[7]       ; inst2|altpll_component|auto_generated|pll1|clk[0] ; inst2|altpll_component|auto_generated|pll1|clk[0] ; 20.000       ; -0.061     ; 8.662      ;
; 11.272 ; VGA_SYNC:inst|pixel_row[6]       ; char_rom:inst6|rom_address[6]       ; inst2|altpll_component|auto_generated|pll1|clk[0] ; inst2|altpll_component|auto_generated|pll1|clk[0] ; 20.000       ; -0.061     ; 8.662      ;
; 11.272 ; VGA_SYNC:inst|pixel_row[6]       ; char_rom:inst6|rom_address[5]       ; inst2|altpll_component|auto_generated|pll1|clk[0] ; inst2|altpll_component|auto_generated|pll1|clk[0] ; 20.000       ; -0.061     ; 8.662      ;
; 11.272 ; VGA_SYNC:inst|pixel_row[6]       ; char_rom:inst6|rom_address[4]       ; inst2|altpll_component|auto_generated|pll1|clk[0] ; inst2|altpll_component|auto_generated|pll1|clk[0] ; 20.000       ; -0.061     ; 8.662      ;
; 11.272 ; VGA_SYNC:inst|pixel_row[6]       ; char_rom:inst6|rom_address[3]       ; inst2|altpll_component|auto_generated|pll1|clk[0] ; inst2|altpll_component|auto_generated|pll1|clk[0] ; 20.000       ; -0.061     ; 8.662      ;
; 11.272 ; VGA_SYNC:inst|pixel_row[6]       ; char_rom:inst6|rom_address[2]       ; inst2|altpll_component|auto_generated|pll1|clk[0] ; inst2|altpll_component|auto_generated|pll1|clk[0] ; 20.000       ; -0.061     ; 8.662      ;
; 11.272 ; VGA_SYNC:inst|pixel_row[6]       ; char_rom:inst6|rom_address[1]       ; inst2|altpll_component|auto_generated|pll1|clk[0] ; inst2|altpll_component|auto_generated|pll1|clk[0] ; 20.000       ; -0.061     ; 8.662      ;
; 11.272 ; VGA_SYNC:inst|pixel_row[6]       ; char_rom:inst6|rom_address[0]       ; inst2|altpll_component|auto_generated|pll1|clk[0] ; inst2|altpll_component|auto_generated|pll1|clk[0] ; 20.000       ; -0.061     ; 8.662      ;
; 11.343 ; VGA_SYNC:inst|pixel_row[7]       ; char_rom:inst6|rom_address[7]       ; inst2|altpll_component|auto_generated|pll1|clk[0] ; inst2|altpll_component|auto_generated|pll1|clk[0] ; 20.000       ; -0.061     ; 8.591      ;
; 11.343 ; VGA_SYNC:inst|pixel_row[7]       ; char_rom:inst6|rom_address[6]       ; inst2|altpll_component|auto_generated|pll1|clk[0] ; inst2|altpll_component|auto_generated|pll1|clk[0] ; 20.000       ; -0.061     ; 8.591      ;
; 11.343 ; VGA_SYNC:inst|pixel_row[7]       ; char_rom:inst6|rom_address[5]       ; inst2|altpll_component|auto_generated|pll1|clk[0] ; inst2|altpll_component|auto_generated|pll1|clk[0] ; 20.000       ; -0.061     ; 8.591      ;
; 11.343 ; VGA_SYNC:inst|pixel_row[7]       ; char_rom:inst6|rom_address[4]       ; inst2|altpll_component|auto_generated|pll1|clk[0] ; inst2|altpll_component|auto_generated|pll1|clk[0] ; 20.000       ; -0.061     ; 8.591      ;
; 11.343 ; VGA_SYNC:inst|pixel_row[7]       ; char_rom:inst6|rom_address[3]       ; inst2|altpll_component|auto_generated|pll1|clk[0] ; inst2|altpll_component|auto_generated|pll1|clk[0] ; 20.000       ; -0.061     ; 8.591      ;
; 11.343 ; VGA_SYNC:inst|pixel_row[7]       ; char_rom:inst6|rom_address[2]       ; inst2|altpll_component|auto_generated|pll1|clk[0] ; inst2|altpll_component|auto_generated|pll1|clk[0] ; 20.000       ; -0.061     ; 8.591      ;
; 11.343 ; VGA_SYNC:inst|pixel_row[7]       ; char_rom:inst6|rom_address[1]       ; inst2|altpll_component|auto_generated|pll1|clk[0] ; inst2|altpll_component|auto_generated|pll1|clk[0] ; 20.000       ; -0.061     ; 8.591      ;
; 11.343 ; VGA_SYNC:inst|pixel_row[7]       ; char_rom:inst6|rom_address[0]       ; inst2|altpll_component|auto_generated|pll1|clk[0] ; inst2|altpll_component|auto_generated|pll1|clk[0] ; 20.000       ; -0.061     ; 8.591      ;
; 11.558 ; VGA_SYNC:inst|pixel_row[5]       ; char_rom:inst6|rom_address[7]       ; inst2|altpll_component|auto_generated|pll1|clk[0] ; inst2|altpll_component|auto_generated|pll1|clk[0] ; 20.000       ; -0.060     ; 8.377      ;
; 11.558 ; VGA_SYNC:inst|pixel_row[5]       ; char_rom:inst6|rom_address[6]       ; inst2|altpll_component|auto_generated|pll1|clk[0] ; inst2|altpll_component|auto_generated|pll1|clk[0] ; 20.000       ; -0.060     ; 8.377      ;
; 11.558 ; VGA_SYNC:inst|pixel_row[5]       ; char_rom:inst6|rom_address[5]       ; inst2|altpll_component|auto_generated|pll1|clk[0] ; inst2|altpll_component|auto_generated|pll1|clk[0] ; 20.000       ; -0.060     ; 8.377      ;
; 11.558 ; VGA_SYNC:inst|pixel_row[5]       ; char_rom:inst6|rom_address[4]       ; inst2|altpll_component|auto_generated|pll1|clk[0] ; inst2|altpll_component|auto_generated|pll1|clk[0] ; 20.000       ; -0.060     ; 8.377      ;
; 11.558 ; VGA_SYNC:inst|pixel_row[5]       ; char_rom:inst6|rom_address[3]       ; inst2|altpll_component|auto_generated|pll1|clk[0] ; inst2|altpll_component|auto_generated|pll1|clk[0] ; 20.000       ; -0.060     ; 8.377      ;
; 11.558 ; VGA_SYNC:inst|pixel_row[5]       ; char_rom:inst6|rom_address[2]       ; inst2|altpll_component|auto_generated|pll1|clk[0] ; inst2|altpll_component|auto_generated|pll1|clk[0] ; 20.000       ; -0.060     ; 8.377      ;
; 11.558 ; VGA_SYNC:inst|pixel_row[5]       ; char_rom:inst6|rom_address[1]       ; inst2|altpll_component|auto_generated|pll1|clk[0] ; inst2|altpll_component|auto_generated|pll1|clk[0] ; 20.000       ; -0.060     ; 8.377      ;
; 11.558 ; VGA_SYNC:inst|pixel_row[5]       ; char_rom:inst6|rom_address[0]       ; inst2|altpll_component|auto_generated|pll1|clk[0] ; inst2|altpll_component|auto_generated|pll1|clk[0] ; 20.000       ; -0.060     ; 8.377      ;
; 11.651 ; VGA_SYNC:inst|pixel_row[4]       ; char_rom:inst6|character_address[3] ; inst2|altpll_component|auto_generated|pll1|clk[0] ; inst2|altpll_component|auto_generated|pll1|clk[0] ; 20.000       ; -0.061     ; 8.283      ;
; 11.718 ; VGA_SYNC:inst|pixel_row[6]       ; char_rom:inst6|character_address[3] ; inst2|altpll_component|auto_generated|pll1|clk[0] ; inst2|altpll_component|auto_generated|pll1|clk[0] ; 20.000       ; -0.061     ; 8.216      ;
; 11.840 ; VGA_SYNC:inst|pixel_row[8]       ; char_rom:inst6|rom_address[7]       ; inst2|altpll_component|auto_generated|pll1|clk[0] ; inst2|altpll_component|auto_generated|pll1|clk[0] ; 20.000       ; -0.057     ; 8.098      ;
; 11.840 ; VGA_SYNC:inst|pixel_row[8]       ; char_rom:inst6|rom_address[6]       ; inst2|altpll_component|auto_generated|pll1|clk[0] ; inst2|altpll_component|auto_generated|pll1|clk[0] ; 20.000       ; -0.057     ; 8.098      ;
; 11.840 ; VGA_SYNC:inst|pixel_row[8]       ; char_rom:inst6|rom_address[5]       ; inst2|altpll_component|auto_generated|pll1|clk[0] ; inst2|altpll_component|auto_generated|pll1|clk[0] ; 20.000       ; -0.057     ; 8.098      ;
; 11.840 ; VGA_SYNC:inst|pixel_row[8]       ; char_rom:inst6|rom_address[4]       ; inst2|altpll_component|auto_generated|pll1|clk[0] ; inst2|altpll_component|auto_generated|pll1|clk[0] ; 20.000       ; -0.057     ; 8.098      ;
; 11.840 ; VGA_SYNC:inst|pixel_row[8]       ; char_rom:inst6|rom_address[3]       ; inst2|altpll_component|auto_generated|pll1|clk[0] ; inst2|altpll_component|auto_generated|pll1|clk[0] ; 20.000       ; -0.057     ; 8.098      ;
; 11.840 ; VGA_SYNC:inst|pixel_row[8]       ; char_rom:inst6|rom_address[2]       ; inst2|altpll_component|auto_generated|pll1|clk[0] ; inst2|altpll_component|auto_generated|pll1|clk[0] ; 20.000       ; -0.057     ; 8.098      ;
; 11.840 ; VGA_SYNC:inst|pixel_row[8]       ; char_rom:inst6|rom_address[1]       ; inst2|altpll_component|auto_generated|pll1|clk[0] ; inst2|altpll_component|auto_generated|pll1|clk[0] ; 20.000       ; -0.057     ; 8.098      ;
; 11.840 ; VGA_SYNC:inst|pixel_row[8]       ; char_rom:inst6|rom_address[0]       ; inst2|altpll_component|auto_generated|pll1|clk[0] ; inst2|altpll_component|auto_generated|pll1|clk[0] ; 20.000       ; -0.057     ; 8.098      ;
; 11.871 ; VGA_SYNC:inst|pixel_row[7]       ; char_rom:inst6|character_address[3] ; inst2|altpll_component|auto_generated|pll1|clk[0] ; inst2|altpll_component|auto_generated|pll1|clk[0] ; 20.000       ; -0.061     ; 8.063      ;
; 12.050 ; VGA_SYNC:inst|pixel_column[7]    ; char_rom:inst6|rom_address[7]       ; inst2|altpll_component|auto_generated|pll1|clk[0] ; inst2|altpll_component|auto_generated|pll1|clk[0] ; 20.000       ; -0.074     ; 7.871      ;
; 12.050 ; VGA_SYNC:inst|pixel_column[7]    ; char_rom:inst6|rom_address[6]       ; inst2|altpll_component|auto_generated|pll1|clk[0] ; inst2|altpll_component|auto_generated|pll1|clk[0] ; 20.000       ; -0.074     ; 7.871      ;
; 12.050 ; VGA_SYNC:inst|pixel_column[7]    ; char_rom:inst6|rom_address[5]       ; inst2|altpll_component|auto_generated|pll1|clk[0] ; inst2|altpll_component|auto_generated|pll1|clk[0] ; 20.000       ; -0.074     ; 7.871      ;
; 12.050 ; VGA_SYNC:inst|pixel_column[7]    ; char_rom:inst6|rom_address[4]       ; inst2|altpll_component|auto_generated|pll1|clk[0] ; inst2|altpll_component|auto_generated|pll1|clk[0] ; 20.000       ; -0.074     ; 7.871      ;
; 12.050 ; VGA_SYNC:inst|pixel_column[7]    ; char_rom:inst6|rom_address[3]       ; inst2|altpll_component|auto_generated|pll1|clk[0] ; inst2|altpll_component|auto_generated|pll1|clk[0] ; 20.000       ; -0.074     ; 7.871      ;
; 12.050 ; VGA_SYNC:inst|pixel_column[7]    ; char_rom:inst6|rom_address[2]       ; inst2|altpll_component|auto_generated|pll1|clk[0] ; inst2|altpll_component|auto_generated|pll1|clk[0] ; 20.000       ; -0.074     ; 7.871      ;
; 12.050 ; VGA_SYNC:inst|pixel_column[7]    ; char_rom:inst6|rom_address[1]       ; inst2|altpll_component|auto_generated|pll1|clk[0] ; inst2|altpll_component|auto_generated|pll1|clk[0] ; 20.000       ; -0.074     ; 7.871      ;
; 12.050 ; VGA_SYNC:inst|pixel_column[7]    ; char_rom:inst6|rom_address[0]       ; inst2|altpll_component|auto_generated|pll1|clk[0] ; inst2|altpll_component|auto_generated|pll1|clk[0] ; 20.000       ; -0.074     ; 7.871      ;
; 12.086 ; VGA_SYNC:inst|pixel_row[5]       ; char_rom:inst6|character_address[3] ; inst2|altpll_component|auto_generated|pll1|clk[0] ; inst2|altpll_component|auto_generated|pll1|clk[0] ; 20.000       ; -0.060     ; 7.849      ;
; 12.183 ; VGA_SYNC:inst|pixel_row[4]       ; char_rom:inst6|character_address[4] ; inst2|altpll_component|auto_generated|pll1|clk[0] ; inst2|altpll_component|auto_generated|pll1|clk[0] ; 20.000       ; -0.061     ; 7.751      ;
; 12.183 ; VGA_SYNC:inst|pixel_row[4]       ; char_rom:inst6|character_address[2] ; inst2|altpll_component|auto_generated|pll1|clk[0] ; inst2|altpll_component|auto_generated|pll1|clk[0] ; 20.000       ; -0.061     ; 7.751      ;
; 12.183 ; VGA_SYNC:inst|pixel_row[4]       ; char_rom:inst6|character_address[1] ; inst2|altpll_component|auto_generated|pll1|clk[0] ; inst2|altpll_component|auto_generated|pll1|clk[0] ; 20.000       ; -0.061     ; 7.751      ;
; 12.183 ; VGA_SYNC:inst|pixel_row[4]       ; char_rom:inst6|character_address[0] ; inst2|altpll_component|auto_generated|pll1|clk[0] ; inst2|altpll_component|auto_generated|pll1|clk[0] ; 20.000       ; -0.061     ; 7.751      ;
; 12.228 ; VGA_SYNC:inst|pixel_column[8]    ; char_rom:inst6|rom_address[7]       ; inst2|altpll_component|auto_generated|pll1|clk[0] ; inst2|altpll_component|auto_generated|pll1|clk[0] ; 20.000       ; -0.074     ; 7.693      ;
; 12.228 ; VGA_SYNC:inst|pixel_column[8]    ; char_rom:inst6|rom_address[6]       ; inst2|altpll_component|auto_generated|pll1|clk[0] ; inst2|altpll_component|auto_generated|pll1|clk[0] ; 20.000       ; -0.074     ; 7.693      ;
; 12.228 ; VGA_SYNC:inst|pixel_column[8]    ; char_rom:inst6|rom_address[5]       ; inst2|altpll_component|auto_generated|pll1|clk[0] ; inst2|altpll_component|auto_generated|pll1|clk[0] ; 20.000       ; -0.074     ; 7.693      ;
; 12.228 ; VGA_SYNC:inst|pixel_column[8]    ; char_rom:inst6|rom_address[4]       ; inst2|altpll_component|auto_generated|pll1|clk[0] ; inst2|altpll_component|auto_generated|pll1|clk[0] ; 20.000       ; -0.074     ; 7.693      ;
; 12.228 ; VGA_SYNC:inst|pixel_column[8]    ; char_rom:inst6|rom_address[3]       ; inst2|altpll_component|auto_generated|pll1|clk[0] ; inst2|altpll_component|auto_generated|pll1|clk[0] ; 20.000       ; -0.074     ; 7.693      ;
; 12.228 ; VGA_SYNC:inst|pixel_column[8]    ; char_rom:inst6|rom_address[2]       ; inst2|altpll_component|auto_generated|pll1|clk[0] ; inst2|altpll_component|auto_generated|pll1|clk[0] ; 20.000       ; -0.074     ; 7.693      ;
; 12.228 ; VGA_SYNC:inst|pixel_column[8]    ; char_rom:inst6|rom_address[1]       ; inst2|altpll_component|auto_generated|pll1|clk[0] ; inst2|altpll_component|auto_generated|pll1|clk[0] ; 20.000       ; -0.074     ; 7.693      ;
; 12.228 ; VGA_SYNC:inst|pixel_column[8]    ; char_rom:inst6|rom_address[0]       ; inst2|altpll_component|auto_generated|pll1|clk[0] ; inst2|altpll_component|auto_generated|pll1|clk[0] ; 20.000       ; -0.074     ; 7.693      ;
; 12.244 ; VGA_SYNC:inst|pixel_row[4]       ; char_rom:inst6|rom_mux_output       ; inst2|altpll_component|auto_generated|pll1|clk[0] ; inst2|altpll_component|auto_generated|pll1|clk[0] ; 20.000       ; -0.047     ; 7.704      ;
; 12.256 ; VGA_SYNC:inst|pixel_column[9]    ; char_rom:inst6|rom_address[7]       ; inst2|altpll_component|auto_generated|pll1|clk[0] ; inst2|altpll_component|auto_generated|pll1|clk[0] ; 20.000       ; -0.074     ; 7.665      ;
; 12.256 ; VGA_SYNC:inst|pixel_column[9]    ; char_rom:inst6|rom_address[6]       ; inst2|altpll_component|auto_generated|pll1|clk[0] ; inst2|altpll_component|auto_generated|pll1|clk[0] ; 20.000       ; -0.074     ; 7.665      ;
; 12.256 ; VGA_SYNC:inst|pixel_column[9]    ; char_rom:inst6|rom_address[5]       ; inst2|altpll_component|auto_generated|pll1|clk[0] ; inst2|altpll_component|auto_generated|pll1|clk[0] ; 20.000       ; -0.074     ; 7.665      ;
; 12.256 ; VGA_SYNC:inst|pixel_column[9]    ; char_rom:inst6|rom_address[4]       ; inst2|altpll_component|auto_generated|pll1|clk[0] ; inst2|altpll_component|auto_generated|pll1|clk[0] ; 20.000       ; -0.074     ; 7.665      ;
+--------+----------------------------------+-------------------------------------+---------------------------------------------------+---------------------------------------------------+--------------+------------+------------+


+---------------------------------------------------------------------------------------------------------------------------------------------------------------------------------------+
; Slow 1200mV 85C Model Setup: 'VGA_SYNC:inst|vert_sync_out'                                                                                                                            ;
+--------+------------------------------------+------------------------------------+-----------------------------+-----------------------------+--------------+------------+------------+
; Slack  ; From Node                          ; To Node                            ; Launch Clock                ; Latch Clock                 ; Relationship ; Clock Skew ; Data Delay ;
+--------+------------------------------------+------------------------------------+-----------------------------+-----------------------------+--------------+------------+------------+
; -1.449 ; bouncy_ball:inst7|pipe_x_pos[1]    ; bouncy_ball:inst7|pipe_x_pos[6]    ; VGA_SYNC:inst|vert_sync_out ; VGA_SYNC:inst|vert_sync_out ; 1.000        ; -0.052     ; 2.392      ;
; -1.396 ; bouncy_ball:inst7|pipe_x_pos[0]    ; bouncy_ball:inst7|pipe_x_pos[7]    ; VGA_SYNC:inst|vert_sync_out ; VGA_SYNC:inst|vert_sync_out ; 1.000        ; -0.061     ; 2.330      ;
; -1.386 ; bouncy_ball:inst7|pipe_x_pos[1]    ; bouncy_ball:inst7|pipe_x_pos[7]    ; VGA_SYNC:inst|vert_sync_out ; VGA_SYNC:inst|vert_sync_out ; 1.000        ; -0.052     ; 2.329      ;
; -1.365 ; bouncy_ball:inst7|ball_y_pos[2]    ; bouncy_ball:inst7|ball_y_motion[0] ; VGA_SYNC:inst|vert_sync_out ; VGA_SYNC:inst|vert_sync_out ; 1.000        ; -0.061     ; 2.299      ;
; -1.354 ; bouncy_ball:inst7|pipe_x_pos[0]    ; bouncy_ball:inst7|pipe_x_pos[6]    ; VGA_SYNC:inst|vert_sync_out ; VGA_SYNC:inst|vert_sync_out ; 1.000        ; -0.061     ; 2.288      ;
; -1.339 ; bouncy_ball:inst7|pipe_x_pos[3]    ; bouncy_ball:inst7|pipe_x_pos[6]    ; VGA_SYNC:inst|vert_sync_out ; VGA_SYNC:inst|vert_sync_out ; 1.000        ; -0.062     ; 2.272      ;
; -1.291 ; bouncy_ball:inst7|pipe_x_pos[0]    ; bouncy_ball:inst7|pipe_x_pos[3]    ; VGA_SYNC:inst|vert_sync_out ; VGA_SYNC:inst|vert_sync_out ; 1.000        ; -0.061     ; 2.225      ;
; -1.286 ; bouncy_ball:inst7|pipe_x_pos[8]    ; bouncy_ball:inst7|pipe_x_pos[2]    ; VGA_SYNC:inst|vert_sync_out ; VGA_SYNC:inst|vert_sync_out ; 1.000        ; -0.428     ; 1.853      ;
; -1.281 ; bouncy_ball:inst7|pipe_x_pos[1]    ; bouncy_ball:inst7|pipe_x_pos[3]    ; VGA_SYNC:inst|vert_sync_out ; VGA_SYNC:inst|vert_sync_out ; 1.000        ; -0.052     ; 2.224      ;
; -1.265 ; bouncy_ball:inst7|pipe_x_pos[1]    ; bouncy_ball:inst7|pipe_x_pos[2]    ; VGA_SYNC:inst|vert_sync_out ; VGA_SYNC:inst|vert_sync_out ; 1.000        ; -0.053     ; 2.207      ;
; -1.254 ; bouncy_ball:inst7|pipe_x_pos[3]    ; bouncy_ball:inst7|pipe_x_pos[7]    ; VGA_SYNC:inst|vert_sync_out ; VGA_SYNC:inst|vert_sync_out ; 1.000        ; -0.062     ; 2.187      ;
; -1.245 ; bouncy_ball:inst7|ball_y_pos[1]    ; bouncy_ball:inst7|ball_y_motion[0] ; VGA_SYNC:inst|vert_sync_out ; VGA_SYNC:inst|vert_sync_out ; 1.000        ; -0.061     ; 2.179      ;
; -1.203 ; bouncy_ball:inst7|pipe_x_pos[2]    ; bouncy_ball:inst7|pipe_x_pos[6]    ; VGA_SYNC:inst|vert_sync_out ; VGA_SYNC:inst|vert_sync_out ; 1.000        ; -0.061     ; 2.137      ;
; -1.197 ; bouncy_ball:inst7|pipe_x_pos[0]    ; bouncy_ball:inst7|pipe_x_pos[0]    ; VGA_SYNC:inst|vert_sync_out ; VGA_SYNC:inst|vert_sync_out ; 1.000        ; -0.062     ; 2.130      ;
; -1.188 ; bouncy_ball:inst7|pipe_x_pos[0]    ; bouncy_ball:inst7|pipe_x_pos[2]    ; VGA_SYNC:inst|vert_sync_out ; VGA_SYNC:inst|vert_sync_out ; 1.000        ; -0.062     ; 2.121      ;
; -1.186 ; bouncy_ball:inst7|pipe_x_pos[6]    ; bouncy_ball:inst7|pipe_x_pos[7]    ; VGA_SYNC:inst|vert_sync_out ; VGA_SYNC:inst|vert_sync_out ; 1.000        ; -0.062     ; 2.119      ;
; -1.186 ; bouncy_ball:inst7|pipe_x_pos[2]    ; bouncy_ball:inst7|pipe_x_pos[7]    ; VGA_SYNC:inst|vert_sync_out ; VGA_SYNC:inst|vert_sync_out ; 1.000        ; -0.061     ; 2.120      ;
; -1.174 ; bouncy_ball:inst7|pipe_x_pos[3]    ; bouncy_ball:inst7|pipe_x_pos[4]    ; VGA_SYNC:inst|vert_sync_out ; VGA_SYNC:inst|vert_sync_out ; 1.000        ; -0.063     ; 2.106      ;
; -1.169 ; bouncy_ball:inst7|pipe_x_pos[0]    ; bouncy_ball:inst7|pipe_x_pos[9]    ; VGA_SYNC:inst|vert_sync_out ; VGA_SYNC:inst|vert_sync_out ; 1.000        ; 0.289      ; 2.453      ;
; -1.161 ; bouncy_ball:inst7|pipe_x_pos[10]   ; bouncy_ball:inst7|pipe_x_pos[2]    ; VGA_SYNC:inst|vert_sync_out ; VGA_SYNC:inst|vert_sync_out ; 1.000        ; -0.428     ; 1.728      ;
; -1.159 ; bouncy_ball:inst7|pipe_x_pos[8]    ; bouncy_ball:inst7|pipe_x_pos[4]    ; VGA_SYNC:inst|vert_sync_out ; VGA_SYNC:inst|vert_sync_out ; 1.000        ; -0.428     ; 1.726      ;
; -1.159 ; bouncy_ball:inst7|pipe_x_pos[1]    ; bouncy_ball:inst7|pipe_x_pos[9]    ; VGA_SYNC:inst|vert_sync_out ; VGA_SYNC:inst|vert_sync_out ; 1.000        ; 0.298      ; 2.452      ;
; -1.149 ; bouncy_ball:inst7|ball_y_pos[3]    ; bouncy_ball:inst7|ball_y_motion[0] ; VGA_SYNC:inst|vert_sync_out ; VGA_SYNC:inst|vert_sync_out ; 1.000        ; -0.061     ; 2.083      ;
; -1.135 ; bouncy_ball:inst7|pipe_x_pos[8]    ; bouncy_ball:inst7|pipe_x_pos[7]    ; VGA_SYNC:inst|vert_sync_out ; VGA_SYNC:inst|vert_sync_out ; 1.000        ; -0.427     ; 1.703      ;
; -1.135 ; bouncy_ball:inst7|ball_y_pos[0]    ; bouncy_ball:inst7|ball_y_motion[0] ; VGA_SYNC:inst|vert_sync_out ; VGA_SYNC:inst|vert_sync_out ; 1.000        ; -0.061     ; 2.069      ;
; -1.125 ; bouncy_ball:inst7|pipe_x_pos[0]    ; bouncy_ball:inst7|pipe_x_pos[5]    ; VGA_SYNC:inst|vert_sync_out ; VGA_SYNC:inst|vert_sync_out ; 1.000        ; -0.062     ; 2.058      ;
; -1.118 ; bouncy_ball:inst7|pipe_x_pos[1]    ; bouncy_ball:inst7|pipe_x_pos[4]    ; VGA_SYNC:inst|vert_sync_out ; VGA_SYNC:inst|vert_sync_out ; 1.000        ; -0.053     ; 2.060      ;
; -1.115 ; bouncy_ball:inst7|pipe_x_pos[1]    ; bouncy_ball:inst7|pipe_x_pos[5]    ; VGA_SYNC:inst|vert_sync_out ; VGA_SYNC:inst|vert_sync_out ; 1.000        ; -0.053     ; 2.057      ;
; -1.113 ; bouncy_ball:inst7|pipe_x_pos[4]    ; bouncy_ball:inst7|pipe_x_pos[2]    ; VGA_SYNC:inst|vert_sync_out ; VGA_SYNC:inst|vert_sync_out ; 1.000        ; -0.062     ; 2.046      ;
; -1.103 ; bouncy_ball:inst7|ball_y_pos[6]    ; bouncy_ball:inst7|ball_y_motion[0] ; VGA_SYNC:inst|vert_sync_out ; VGA_SYNC:inst|vert_sync_out ; 1.000        ; -0.061     ; 2.037      ;
; -1.099 ; bouncy_ball:inst7|pipe_x_pos[9]    ; bouncy_ball:inst7|pipe_x_pos[2]    ; VGA_SYNC:inst|vert_sync_out ; VGA_SYNC:inst|vert_sync_out ; 1.000        ; -0.428     ; 1.666      ;
; -1.090 ; bouncy_ball:inst7|pipe_x_pos[4]    ; bouncy_ball:inst7|pipe_x_pos[6]    ; VGA_SYNC:inst|vert_sync_out ; VGA_SYNC:inst|vert_sync_out ; 1.000        ; -0.061     ; 2.024      ;
; -1.087 ; bouncy_ball:inst7|pipe_x_pos[0]    ; bouncy_ball:inst7|pipe_x_pos[1]    ; VGA_SYNC:inst|vert_sync_out ; VGA_SYNC:inst|vert_sync_out ; 1.000        ; -0.071     ; 2.011      ;
; -1.081 ; bouncy_ball:inst7|pipe_x_pos[2]    ; bouncy_ball:inst7|pipe_x_pos[3]    ; VGA_SYNC:inst|vert_sync_out ; VGA_SYNC:inst|vert_sync_out ; 1.000        ; -0.061     ; 2.015      ;
; -1.079 ; bouncy_ball:inst7|pipe_x_pos[1]    ; bouncy_ball:inst7|pipe_x_pos[10]   ; VGA_SYNC:inst|vert_sync_out ; VGA_SYNC:inst|vert_sync_out ; 1.000        ; 0.298      ; 2.372      ;
; -1.077 ; bouncy_ball:inst7|pipe_x_pos[7]    ; bouncy_ball:inst7|pipe_x_pos[2]    ; VGA_SYNC:inst|vert_sync_out ; VGA_SYNC:inst|vert_sync_out ; 1.000        ; -0.063     ; 2.009      ;
; -1.067 ; bouncy_ball:inst7|pipe_x_pos[4]    ; bouncy_ball:inst7|pipe_x_pos[7]    ; VGA_SYNC:inst|vert_sync_out ; VGA_SYNC:inst|vert_sync_out ; 1.000        ; -0.061     ; 2.001      ;
; -1.065 ; bouncy_ball:inst7|ball_y_motion[0] ; bouncy_ball:inst7|ball_y_pos[8]    ; VGA_SYNC:inst|vert_sync_out ; VGA_SYNC:inst|vert_sync_out ; 1.000        ; -0.061     ; 1.999      ;
; -1.052 ; bouncy_ball:inst7|pipe_x_pos[5]    ; bouncy_ball:inst7|pipe_x_pos[6]    ; VGA_SYNC:inst|vert_sync_out ; VGA_SYNC:inst|vert_sync_out ; 1.000        ; -0.061     ; 1.986      ;
; -1.040 ; bouncy_ball:inst7|pipe_x_pos[6]    ; bouncy_ball:inst7|pipe_x_pos[2]    ; VGA_SYNC:inst|vert_sync_out ; VGA_SYNC:inst|vert_sync_out ; 1.000        ; -0.063     ; 1.972      ;
; -1.034 ; bouncy_ball:inst7|pipe_x_pos[10]   ; bouncy_ball:inst7|pipe_x_pos[4]    ; VGA_SYNC:inst|vert_sync_out ; VGA_SYNC:inst|vert_sync_out ; 1.000        ; -0.428     ; 1.601      ;
; -1.027 ; bouncy_ball:inst7|pipe_x_pos[3]    ; bouncy_ball:inst7|pipe_x_pos[9]    ; VGA_SYNC:inst|vert_sync_out ; VGA_SYNC:inst|vert_sync_out ; 1.000        ; 0.288      ; 2.310      ;
; -1.011 ; bouncy_ball:inst7|ball_y_motion[0] ; bouncy_ball:inst7|ball_y_pos[7]    ; VGA_SYNC:inst|vert_sync_out ; VGA_SYNC:inst|vert_sync_out ; 1.000        ; -0.061     ; 1.945      ;
; -1.010 ; bouncy_ball:inst7|pipe_x_pos[10]   ; bouncy_ball:inst7|pipe_x_pos[7]    ; VGA_SYNC:inst|vert_sync_out ; VGA_SYNC:inst|vert_sync_out ; 1.000        ; -0.427     ; 1.578      ;
; -1.002 ; bouncy_ball:inst7|pipe_x_pos[0]    ; bouncy_ball:inst7|pipe_x_pos[10]   ; VGA_SYNC:inst|vert_sync_out ; VGA_SYNC:inst|vert_sync_out ; 1.000        ; 0.289      ; 2.286      ;
; -1.002 ; bouncy_ball:inst7|pipe_x_pos[0]    ; bouncy_ball:inst7|pipe_x_pos[4]    ; VGA_SYNC:inst|vert_sync_out ; VGA_SYNC:inst|vert_sync_out ; 1.000        ; -0.062     ; 1.935      ;
; -1.001 ; bouncy_ball:inst7|pipe_x_pos[5]    ; bouncy_ball:inst7|pipe_x_pos[2]    ; VGA_SYNC:inst|vert_sync_out ; VGA_SYNC:inst|vert_sync_out ; 1.000        ; -0.062     ; 1.934      ;
; -0.993 ; bouncy_ball:inst7|ball_y_pos[4]    ; bouncy_ball:inst7|ball_y_motion[0] ; VGA_SYNC:inst|vert_sync_out ; VGA_SYNC:inst|vert_sync_out ; 1.000        ; -0.061     ; 1.927      ;
; -0.992 ; bouncy_ball:inst7|pipe_x_pos[5]    ; bouncy_ball:inst7|pipe_x_pos[7]    ; VGA_SYNC:inst|vert_sync_out ; VGA_SYNC:inst|vert_sync_out ; 1.000        ; -0.061     ; 1.926      ;
; -0.986 ; bouncy_ball:inst7|pipe_x_pos[4]    ; bouncy_ball:inst7|pipe_x_pos[4]    ; VGA_SYNC:inst|vert_sync_out ; VGA_SYNC:inst|vert_sync_out ; 1.000        ; -0.062     ; 1.919      ;
; -0.983 ; bouncy_ball:inst7|pipe_x_pos[3]    ; bouncy_ball:inst7|pipe_x_pos[5]    ; VGA_SYNC:inst|vert_sync_out ; VGA_SYNC:inst|vert_sync_out ; 1.000        ; -0.063     ; 1.915      ;
; -0.975 ; bouncy_ball:inst7|pipe_x_pos[8]    ; bouncy_ball:inst7|pipe_x_pos[9]    ; VGA_SYNC:inst|vert_sync_out ; VGA_SYNC:inst|vert_sync_out ; 1.000        ; -0.077     ; 1.893      ;
; -0.970 ; bouncy_ball:inst7|pipe_x_pos[9]    ; bouncy_ball:inst7|pipe_x_pos[10]   ; VGA_SYNC:inst|vert_sync_out ; VGA_SYNC:inst|vert_sync_out ; 1.000        ; -0.077     ; 1.888      ;
; -0.969 ; bouncy_ball:inst7|pipe_x_pos[3]    ; bouncy_ball:inst7|pipe_x_pos[10]   ; VGA_SYNC:inst|vert_sync_out ; VGA_SYNC:inst|vert_sync_out ; 1.000        ; 0.288      ; 2.252      ;
; -0.960 ; bouncy_ball:inst7|pipe_x_pos[1]    ; bouncy_ball:inst7|pipe_x_pos[8]    ; VGA_SYNC:inst|vert_sync_out ; VGA_SYNC:inst|vert_sync_out ; 1.000        ; 0.298      ; 2.253      ;
; -0.960 ; bouncy_ball:inst7|ball_y_pos[8]    ; bouncy_ball:inst7|ball_y_motion[0] ; VGA_SYNC:inst|vert_sync_out ; VGA_SYNC:inst|vert_sync_out ; 1.000        ; -0.061     ; 1.894      ;
; -0.959 ; bouncy_ball:inst7|pipe_x_pos[6]    ; bouncy_ball:inst7|pipe_x_pos[9]    ; VGA_SYNC:inst|vert_sync_out ; VGA_SYNC:inst|vert_sync_out ; 1.000        ; 0.288      ; 2.242      ;
; -0.959 ; bouncy_ball:inst7|pipe_x_pos[2]    ; bouncy_ball:inst7|pipe_x_pos[9]    ; VGA_SYNC:inst|vert_sync_out ; VGA_SYNC:inst|vert_sync_out ; 1.000        ; 0.289      ; 2.243      ;
; -0.959 ; bouncy_ball:inst7|pipe_x_pos[9]    ; bouncy_ball:inst7|pipe_x_pos[4]    ; VGA_SYNC:inst|vert_sync_out ; VGA_SYNC:inst|vert_sync_out ; 1.000        ; -0.428     ; 1.526      ;
; -0.955 ; bouncy_ball:inst7|ball_y_pos[1]    ; bouncy_ball:inst7|ball_y_pos[8]    ; VGA_SYNC:inst|vert_sync_out ; VGA_SYNC:inst|vert_sync_out ; 1.000        ; -0.061     ; 1.889      ;
; -0.952 ; bouncy_ball:inst7|pipe_x_pos[2]    ; bouncy_ball:inst7|pipe_x_pos[4]    ; VGA_SYNC:inst|vert_sync_out ; VGA_SYNC:inst|vert_sync_out ; 1.000        ; -0.062     ; 1.885      ;
; -0.950 ; bouncy_ball:inst7|pipe_x_pos[7]    ; bouncy_ball:inst7|pipe_x_pos[4]    ; VGA_SYNC:inst|vert_sync_out ; VGA_SYNC:inst|vert_sync_out ; 1.000        ; -0.063     ; 1.882      ;
; -0.949 ; bouncy_ball:inst7|ball_y_motion[0] ; bouncy_ball:inst7|ball_y_pos[6]    ; VGA_SYNC:inst|vert_sync_out ; VGA_SYNC:inst|vert_sync_out ; 1.000        ; -0.061     ; 1.883      ;
; -0.931 ; bouncy_ball:inst7|pipe_x_pos[9]    ; bouncy_ball:inst7|pipe_x_pos[7]    ; VGA_SYNC:inst|vert_sync_out ; VGA_SYNC:inst|vert_sync_out ; 1.000        ; -0.427     ; 1.499      ;
; -0.926 ; bouncy_ball:inst7|pipe_x_pos[3]    ; bouncy_ball:inst7|pipe_x_pos[2]    ; VGA_SYNC:inst|vert_sync_out ; VGA_SYNC:inst|vert_sync_out ; 1.000        ; -0.063     ; 1.858      ;
; -0.926 ; bouncy_ball:inst7|pipe_x_pos[7]    ; bouncy_ball:inst7|pipe_x_pos[7]    ; VGA_SYNC:inst|vert_sync_out ; VGA_SYNC:inst|vert_sync_out ; 1.000        ; -0.062     ; 1.859      ;
; -0.915 ; bouncy_ball:inst7|pipe_x_pos[2]    ; bouncy_ball:inst7|pipe_x_pos[5]    ; VGA_SYNC:inst|vert_sync_out ; VGA_SYNC:inst|vert_sync_out ; 1.000        ; -0.062     ; 1.848      ;
; -0.900 ; bouncy_ball:inst7|pipe_x_pos[6]    ; bouncy_ball:inst7|pipe_x_pos[4]    ; VGA_SYNC:inst|vert_sync_out ; VGA_SYNC:inst|vert_sync_out ; 1.000        ; -0.063     ; 1.832      ;
; -0.895 ; bouncy_ball:inst7|ball_y_motion[0] ; bouncy_ball:inst7|ball_y_pos[5]    ; VGA_SYNC:inst|vert_sync_out ; VGA_SYNC:inst|vert_sync_out ; 1.000        ; -0.061     ; 1.829      ;
; -0.885 ; bouncy_ball:inst7|ball_y_pos[2]    ; bouncy_ball:inst7|ball_y_pos[8]    ; VGA_SYNC:inst|vert_sync_out ; VGA_SYNC:inst|vert_sync_out ; 1.000        ; -0.061     ; 1.819      ;
; -0.883 ; bouncy_ball:inst7|pipe_x_pos[0]    ; bouncy_ball:inst7|pipe_x_pos[8]    ; VGA_SYNC:inst|vert_sync_out ; VGA_SYNC:inst|vert_sync_out ; 1.000        ; 0.289      ; 2.167      ;
; -0.870 ; bouncy_ball:inst7|ball_y_pos[0]    ; bouncy_ball:inst7|ball_y_pos[8]    ; VGA_SYNC:inst|vert_sync_out ; VGA_SYNC:inst|vert_sync_out ; 1.000        ; -0.061     ; 1.804      ;
; -0.861 ; bouncy_ball:inst7|pipe_x_pos[5]    ; bouncy_ball:inst7|pipe_x_pos[4]    ; VGA_SYNC:inst|vert_sync_out ; VGA_SYNC:inst|vert_sync_out ; 1.000        ; -0.062     ; 1.794      ;
; -0.861 ; bouncy_ball:inst7|ball_y_pos[3]    ; bouncy_ball:inst7|ball_y_pos[8]    ; VGA_SYNC:inst|vert_sync_out ; VGA_SYNC:inst|vert_sync_out ; 1.000        ; -0.061     ; 1.795      ;
; -0.854 ; bouncy_ball:inst7|pipe_x_pos[8]    ; bouncy_ball:inst7|pipe_x_pos[10]   ; VGA_SYNC:inst|vert_sync_out ; VGA_SYNC:inst|vert_sync_out ; 1.000        ; -0.077     ; 1.772      ;
; -0.850 ; bouncy_ball:inst7|pipe_x_pos[3]    ; bouncy_ball:inst7|pipe_x_pos[8]    ; VGA_SYNC:inst|vert_sync_out ; VGA_SYNC:inst|vert_sync_out ; 1.000        ; 0.288      ; 2.133      ;
; -0.849 ; bouncy_ball:inst7|ball_y_pos[2]    ; bouncy_ball:inst7|ball_y_pos[7]    ; VGA_SYNC:inst|vert_sync_out ; VGA_SYNC:inst|vert_sync_out ; 1.000        ; -0.061     ; 1.783      ;
; -0.840 ; bouncy_ball:inst7|pipe_x_pos[4]    ; bouncy_ball:inst7|pipe_x_pos[9]    ; VGA_SYNC:inst|vert_sync_out ; VGA_SYNC:inst|vert_sync_out ; 1.000        ; 0.289      ; 2.124      ;
; -0.839 ; bouncy_ball:inst7|ball_y_pos[1]    ; bouncy_ball:inst7|ball_y_pos[6]    ; VGA_SYNC:inst|vert_sync_out ; VGA_SYNC:inst|vert_sync_out ; 1.000        ; -0.061     ; 1.773      ;
; -0.835 ; bouncy_ball:inst7|ball_y_pos[0]    ; bouncy_ball:inst7|ball_y_pos[7]    ; VGA_SYNC:inst|vert_sync_out ; VGA_SYNC:inst|vert_sync_out ; 1.000        ; -0.061     ; 1.769      ;
; -0.833 ; bouncy_ball:inst7|pipe_x_pos[2]    ; bouncy_ball:inst7|pipe_x_pos[10]   ; VGA_SYNC:inst|vert_sync_out ; VGA_SYNC:inst|vert_sync_out ; 1.000        ; 0.289      ; 2.117      ;
; -0.833 ; bouncy_ball:inst7|ball_y_motion[0] ; bouncy_ball:inst7|ball_y_pos[4]    ; VGA_SYNC:inst|vert_sync_out ; VGA_SYNC:inst|vert_sync_out ; 1.000        ; -0.061     ; 1.767      ;
; -0.833 ; bouncy_ball:inst7|ball_y_pos[1]    ; bouncy_ball:inst7|ball_y_pos[7]    ; VGA_SYNC:inst|vert_sync_out ; VGA_SYNC:inst|vert_sync_out ; 1.000        ; -0.061     ; 1.767      ;
; -0.826 ; bouncy_ball:inst7|pipe_x_pos[7]    ; bouncy_ball:inst7|pipe_x_pos[9]    ; VGA_SYNC:inst|vert_sync_out ; VGA_SYNC:inst|vert_sync_out ; 1.000        ; 0.288      ; 2.109      ;
; -0.816 ; bouncy_ball:inst7|pipe_x_pos[3]    ; bouncy_ball:inst7|pipe_x_pos[3]    ; VGA_SYNC:inst|vert_sync_out ; VGA_SYNC:inst|vert_sync_out ; 1.000        ; -0.062     ; 1.749      ;
; -0.804 ; bouncy_ball:inst7|pipe_x_pos[8]    ; bouncy_ball:inst7|pipe_x_pos[8]    ; VGA_SYNC:inst|vert_sync_out ; VGA_SYNC:inst|vert_sync_out ; 1.000        ; -0.077     ; 1.722      ;
; -0.796 ; bouncy_ball:inst7|pipe_x_pos[4]    ; bouncy_ball:inst7|pipe_x_pos[5]    ; VGA_SYNC:inst|vert_sync_out ; VGA_SYNC:inst|vert_sync_out ; 1.000        ; -0.062     ; 1.729      ;
; -0.795 ; bouncy_ball:inst7|ball_y_motion[0] ; bouncy_ball:inst7|ball_y_motion[0] ; VGA_SYNC:inst|vert_sync_out ; VGA_SYNC:inst|vert_sync_out ; 1.000        ; -0.061     ; 1.729      ;
; -0.792 ; bouncy_ball:inst7|pipe_x_pos[6]    ; bouncy_ball:inst7|pipe_x_pos[10]   ; VGA_SYNC:inst|vert_sync_out ; VGA_SYNC:inst|vert_sync_out ; 1.000        ; 0.288      ; 2.075      ;
; -0.791 ; bouncy_ball:inst7|pipe_x_pos[7]    ; bouncy_ball:inst7|pipe_x_pos[10]   ; VGA_SYNC:inst|vert_sync_out ; VGA_SYNC:inst|vert_sync_out ; 1.000        ; 0.288      ; 2.074      ;
; -0.779 ; bouncy_ball:inst7|ball_y_motion[0] ; bouncy_ball:inst7|ball_y_pos[3]    ; VGA_SYNC:inst|vert_sync_out ; VGA_SYNC:inst|vert_sync_out ; 1.000        ; -0.061     ; 1.713      ;
; -0.779 ; bouncy_ball:inst7|ball_y_motion[0] ; bouncy_ball:inst7|ball_y_pos[9]    ; VGA_SYNC:inst|vert_sync_out ; VGA_SYNC:inst|vert_sync_out ; 1.000        ; 0.287      ; 2.061      ;
; -0.769 ; bouncy_ball:inst7|ball_y_pos[2]    ; bouncy_ball:inst7|ball_y_pos[6]    ; VGA_SYNC:inst|vert_sync_out ; VGA_SYNC:inst|vert_sync_out ; 1.000        ; -0.061     ; 1.703      ;
; -0.765 ; bouncy_ball:inst7|pipe_x_pos[5]    ; bouncy_ball:inst7|pipe_x_pos[9]    ; VGA_SYNC:inst|vert_sync_out ; VGA_SYNC:inst|vert_sync_out ; 1.000        ; 0.289      ; 2.049      ;
; -0.759 ; bouncy_ball:inst7|pipe_x_pos[1]    ; bouncy_ball:inst7|pipe_x_pos[1]    ; VGA_SYNC:inst|vert_sync_out ; VGA_SYNC:inst|vert_sync_out ; 1.000        ; -0.062     ; 1.692      ;
; -0.754 ; bouncy_ball:inst7|ball_y_pos[0]    ; bouncy_ball:inst7|ball_y_pos[6]    ; VGA_SYNC:inst|vert_sync_out ; VGA_SYNC:inst|vert_sync_out ; 1.000        ; -0.061     ; 1.688      ;
; -0.747 ; bouncy_ball:inst7|pipe_x_pos[6]    ; bouncy_ball:inst7|pipe_x_pos[6]    ; VGA_SYNC:inst|vert_sync_out ; VGA_SYNC:inst|vert_sync_out ; 1.000        ; -0.062     ; 1.680      ;
; -0.745 ; bouncy_ball:inst7|ball_y_pos[3]    ; bouncy_ball:inst7|ball_y_pos[6]    ; VGA_SYNC:inst|vert_sync_out ; VGA_SYNC:inst|vert_sync_out ; 1.000        ; -0.061     ; 1.679      ;
; -0.739 ; bouncy_ball:inst7|ball_y_pos[3]    ; bouncy_ball:inst7|ball_y_pos[7]    ; VGA_SYNC:inst|vert_sync_out ; VGA_SYNC:inst|vert_sync_out ; 1.000        ; -0.061     ; 1.673      ;
; -0.738 ; bouncy_ball:inst7|ball_y_pos[5]    ; bouncy_ball:inst7|ball_y_motion[0] ; VGA_SYNC:inst|vert_sync_out ; VGA_SYNC:inst|vert_sync_out ; 1.000        ; -0.061     ; 1.672      ;
+--------+------------------------------------+------------------------------------+-----------------------------+-----------------------------+--------------+------------+------------+


+------------------------------------------------------------------------------------------------------------------------------------------------------------------------------------------------------------------------------+
; Slow 1200mV 85C Model Hold: 'inst2|altpll_component|auto_generated|pll1|clk[0]'                                                                                                                                              ;
+-------+-------------------------------------+-------------------------------+---------------------------------------------------+---------------------------------------------------+--------------+------------+------------+
; Slack ; From Node                           ; To Node                       ; Launch Clock                                      ; Latch Clock                                       ; Relationship ; Clock Skew ; Data Delay ;
+-------+-------------------------------------+-------------------------------+---------------------------------------------------+---------------------------------------------------+--------------+------------+------------+
; 0.357 ; char_rom:inst6|rom_mux_output       ; char_rom:inst6|rom_mux_output ; inst2|altpll_component|auto_generated|pll1|clk[0] ; inst2|altpll_component|auto_generated|pll1|clk[0] ; 0.000        ; 0.063      ; 0.577      ;
; 0.359 ; VGA_SYNC:inst|v_count[2]            ; VGA_SYNC:inst|v_count[2]      ; inst2|altpll_component|auto_generated|pll1|clk[0] ; inst2|altpll_component|auto_generated|pll1|clk[0] ; 0.000        ; 0.061      ; 0.577      ;
; 0.359 ; VGA_SYNC:inst|v_count[3]            ; VGA_SYNC:inst|v_count[3]      ; inst2|altpll_component|auto_generated|pll1|clk[0] ; inst2|altpll_component|auto_generated|pll1|clk[0] ; 0.000        ; 0.061      ; 0.577      ;
; 0.359 ; VGA_SYNC:inst|v_count[5]            ; VGA_SYNC:inst|v_count[5]      ; inst2|altpll_component|auto_generated|pll1|clk[0] ; inst2|altpll_component|auto_generated|pll1|clk[0] ; 0.000        ; 0.061      ; 0.577      ;
; 0.359 ; VGA_SYNC:inst|v_count[6]            ; VGA_SYNC:inst|v_count[6]      ; inst2|altpll_component|auto_generated|pll1|clk[0] ; inst2|altpll_component|auto_generated|pll1|clk[0] ; 0.000        ; 0.061      ; 0.577      ;
; 0.359 ; VGA_SYNC:inst|v_count[7]            ; VGA_SYNC:inst|v_count[7]      ; inst2|altpll_component|auto_generated|pll1|clk[0] ; inst2|altpll_component|auto_generated|pll1|clk[0] ; 0.000        ; 0.061      ; 0.577      ;
; 0.359 ; VGA_SYNC:inst|v_count[8]            ; VGA_SYNC:inst|v_count[8]      ; inst2|altpll_component|auto_generated|pll1|clk[0] ; inst2|altpll_component|auto_generated|pll1|clk[0] ; 0.000        ; 0.061      ; 0.577      ;
; 0.359 ; VGA_SYNC:inst|v_count[9]            ; VGA_SYNC:inst|v_count[9]      ; inst2|altpll_component|auto_generated|pll1|clk[0] ; inst2|altpll_component|auto_generated|pll1|clk[0] ; 0.000        ; 0.061      ; 0.577      ;
; 0.359 ; VGA_SYNC:inst|v_count[4]            ; VGA_SYNC:inst|v_count[4]      ; inst2|altpll_component|auto_generated|pll1|clk[0] ; inst2|altpll_component|auto_generated|pll1|clk[0] ; 0.000        ; 0.061      ; 0.577      ;
; 0.372 ; char_rom:inst6|character_address[4] ; char_rom:inst6|rom_address[7] ; inst2|altpll_component|auto_generated|pll1|clk[0] ; inst2|altpll_component|auto_generated|pll1|clk[0] ; 0.000        ; 0.063      ; 0.592      ;
; 0.373 ; char_rom:inst6|character_address[3] ; char_rom:inst6|rom_address[6] ; inst2|altpll_component|auto_generated|pll1|clk[0] ; inst2|altpll_component|auto_generated|pll1|clk[0] ; 0.000        ; 0.063      ; 0.593      ;
; 0.373 ; char_rom:inst6|character_address[1] ; char_rom:inst6|rom_address[4] ; inst2|altpll_component|auto_generated|pll1|clk[0] ; inst2|altpll_component|auto_generated|pll1|clk[0] ; 0.000        ; 0.063      ; 0.593      ;
; 0.374 ; char_rom:inst6|character_address[0] ; char_rom:inst6|rom_address[3] ; inst2|altpll_component|auto_generated|pll1|clk[0] ; inst2|altpll_component|auto_generated|pll1|clk[0] ; 0.000        ; 0.063      ; 0.594      ;
; 0.403 ; VGA_SYNC:inst|v_count[4]            ; VGA_SYNC:inst|vert_sync       ; inst2|altpll_component|auto_generated|pll1|clk[0] ; inst2|altpll_component|auto_generated|pll1|clk[0] ; 0.000        ; 0.061      ; 0.621      ;
; 0.412 ; VGA_SYNC:inst|h_count[5]            ; VGA_SYNC:inst|horiz_sync      ; inst2|altpll_component|auto_generated|pll1|clk[0] ; inst2|altpll_component|auto_generated|pll1|clk[0] ; 0.000        ; 0.062      ; 0.631      ;
; 0.416 ; VGA_SYNC:inst|h_count[5]            ; VGA_SYNC:inst|pixel_column[5] ; inst2|altpll_component|auto_generated|pll1|clk[0] ; inst2|altpll_component|auto_generated|pll1|clk[0] ; 0.000        ; 0.062      ; 0.635      ;
; 0.430 ; char_rom:inst6|start_Play           ; char_rom:inst6|mode           ; inst2|altpll_component|auto_generated|pll1|clk[0] ; inst2|altpll_component|auto_generated|pll1|clk[0] ; 0.000        ; 0.063      ; 0.650      ;
; 0.478 ; char_rom:inst6|character_address[2] ; char_rom:inst6|rom_address[5] ; inst2|altpll_component|auto_generated|pll1|clk[0] ; inst2|altpll_component|auto_generated|pll1|clk[0] ; 0.000        ; 0.063      ; 0.698      ;
; 0.525 ; VGA_SYNC:inst|h_count[4]            ; VGA_SYNC:inst|pixel_column[4] ; inst2|altpll_component|auto_generated|pll1|clk[0] ; inst2|altpll_component|auto_generated|pll1|clk[0] ; 0.000        ; 0.061      ; 0.743      ;
; 0.535 ; VGA_SYNC:inst|v_count[6]            ; VGA_SYNC:inst|pixel_row[6]    ; inst2|altpll_component|auto_generated|pll1|clk[0] ; inst2|altpll_component|auto_generated|pll1|clk[0] ; 0.000        ; 0.065      ; 0.757      ;
; 0.545 ; VGA_SYNC:inst|v_count[8]            ; VGA_SYNC:inst|pixel_row[8]    ; inst2|altpll_component|auto_generated|pll1|clk[0] ; inst2|altpll_component|auto_generated|pll1|clk[0] ; 0.000        ; 0.061      ; 0.763      ;
; 0.566 ; VGA_SYNC:inst|h_count[6]            ; VGA_SYNC:inst|pixel_column[6] ; inst2|altpll_component|auto_generated|pll1|clk[0] ; inst2|altpll_component|auto_generated|pll1|clk[0] ; 0.000        ; 0.061      ; 0.784      ;
; 0.567 ; VGA_SYNC:inst|v_count[1]            ; VGA_SYNC:inst|pixel_row[1]    ; inst2|altpll_component|auto_generated|pll1|clk[0] ; inst2|altpll_component|auto_generated|pll1|clk[0] ; 0.000        ; 0.068      ; 0.792      ;
; 0.580 ; VGA_SYNC:inst|h_count[7]            ; VGA_SYNC:inst|h_count[7]      ; inst2|altpll_component|auto_generated|pll1|clk[0] ; inst2|altpll_component|auto_generated|pll1|clk[0] ; 0.000        ; 0.062      ; 0.799      ;
; 0.586 ; VGA_SYNC:inst|h_count[6]            ; VGA_SYNC:inst|h_count[6]      ; inst2|altpll_component|auto_generated|pll1|clk[0] ; inst2|altpll_component|auto_generated|pll1|clk[0] ; 0.000        ; 0.062      ; 0.805      ;
; 0.587 ; VGA_SYNC:inst|h_count[2]            ; VGA_SYNC:inst|h_count[2]      ; inst2|altpll_component|auto_generated|pll1|clk[0] ; inst2|altpll_component|auto_generated|pll1|clk[0] ; 0.000        ; 0.062      ; 0.806      ;
; 0.588 ; VGA_SYNC:inst|h_count[3]            ; VGA_SYNC:inst|h_count[3]      ; inst2|altpll_component|auto_generated|pll1|clk[0] ; inst2|altpll_component|auto_generated|pll1|clk[0] ; 0.000        ; 0.062      ; 0.807      ;
; 0.592 ; VGA_SYNC:inst|h_count[1]            ; VGA_SYNC:inst|h_count[1]      ; inst2|altpll_component|auto_generated|pll1|clk[0] ; inst2|altpll_component|auto_generated|pll1|clk[0] ; 0.000        ; 0.062      ; 0.811      ;
; 0.596 ; VGA_SYNC:inst|h_count[4]            ; VGA_SYNC:inst|h_count[4]      ; inst2|altpll_component|auto_generated|pll1|clk[0] ; inst2|altpll_component|auto_generated|pll1|clk[0] ; 0.000        ; 0.062      ; 0.815      ;
; 0.675 ; VGA_SYNC:inst|h_count[3]            ; VGA_SYNC:inst|pixel_column[3] ; inst2|altpll_component|auto_generated|pll1|clk[0] ; inst2|altpll_component|auto_generated|pll1|clk[0] ; 0.000        ; 0.061      ; 0.893      ;
; 0.677 ; VGA_SYNC:inst|v_count[3]            ; VGA_SYNC:inst|pixel_row[3]    ; inst2|altpll_component|auto_generated|pll1|clk[0] ; inst2|altpll_component|auto_generated|pll1|clk[0] ; 0.000        ; 0.061      ; 0.895      ;
; 0.687 ; VGA_SYNC:inst|h_count[2]            ; VGA_SYNC:inst|pixel_column[2] ; inst2|altpll_component|auto_generated|pll1|clk[0] ; inst2|altpll_component|auto_generated|pll1|clk[0] ; 0.000        ; 0.061      ; 0.905      ;
; 0.718 ; VGA_SYNC:inst|h_count[1]            ; VGA_SYNC:inst|pixel_column[1] ; inst2|altpll_component|auto_generated|pll1|clk[0] ; inst2|altpll_component|auto_generated|pll1|clk[0] ; 0.000        ; 0.062      ; 0.937      ;
; 0.724 ; char_rom:inst6|start_Play           ; char_rom:inst6|rom_mux_output ; inst2|altpll_component|auto_generated|pll1|clk[0] ; inst2|altpll_component|auto_generated|pll1|clk[0] ; 0.000        ; 0.063      ; 0.944      ;
; 0.741 ; VGA_SYNC:inst|h_count[9]            ; VGA_SYNC:inst|h_count[5]      ; inst2|altpll_component|auto_generated|pll1|clk[0] ; inst2|altpll_component|auto_generated|pll1|clk[0] ; 0.000        ; 0.062      ; 0.960      ;
; 0.743 ; VGA_SYNC:inst|h_count[9]            ; VGA_SYNC:inst|h_count[9]      ; inst2|altpll_component|auto_generated|pll1|clk[0] ; inst2|altpll_component|auto_generated|pll1|clk[0] ; 0.000        ; 0.062      ; 0.962      ;
; 0.744 ; VGA_SYNC:inst|h_count[9]            ; VGA_SYNC:inst|h_count[8]      ; inst2|altpll_component|auto_generated|pll1|clk[0] ; inst2|altpll_component|auto_generated|pll1|clk[0] ; 0.000        ; 0.062      ; 0.963      ;
; 0.758 ; VGA_SYNC:inst|h_count[6]            ; VGA_SYNC:inst|horiz_sync      ; inst2|altpll_component|auto_generated|pll1|clk[0] ; inst2|altpll_component|auto_generated|pll1|clk[0] ; 0.000        ; 0.061      ; 0.976      ;
; 0.775 ; VGA_SYNC:inst|v_count[0]            ; VGA_SYNC:inst|pixel_row[0]    ; inst2|altpll_component|auto_generated|pll1|clk[0] ; inst2|altpll_component|auto_generated|pll1|clk[0] ; 0.000        ; 0.065      ; 0.997      ;
; 0.786 ; VGA_SYNC:inst|v_count[2]            ; VGA_SYNC:inst|pixel_row[2]    ; inst2|altpll_component|auto_generated|pll1|clk[0] ; inst2|altpll_component|auto_generated|pll1|clk[0] ; 0.000        ; 0.068      ; 1.011      ;
; 0.791 ; VGA_SYNC:inst|v_count[4]            ; VGA_SYNC:inst|pixel_row[4]    ; inst2|altpll_component|auto_generated|pll1|clk[0] ; inst2|altpll_component|auto_generated|pll1|clk[0] ; 0.000        ; 0.065      ; 1.013      ;
; 0.811 ; VGA_SYNC:inst|h_count[9]            ; VGA_SYNC:inst|horiz_sync      ; inst2|altpll_component|auto_generated|pll1|clk[0] ; inst2|altpll_component|auto_generated|pll1|clk[0] ; 0.000        ; 0.062      ; 1.030      ;
; 0.813 ; VGA_SYNC:inst|h_count[0]            ; VGA_SYNC:inst|h_count[0]      ; inst2|altpll_component|auto_generated|pll1|clk[0] ; inst2|altpll_component|auto_generated|pll1|clk[0] ; 0.000        ; 0.062      ; 1.032      ;
; 0.817 ; VGA_SYNC:inst|v_count[9]            ; VGA_SYNC:inst|vert_sync       ; inst2|altpll_component|auto_generated|pll1|clk[0] ; inst2|altpll_component|auto_generated|pll1|clk[0] ; 0.000        ; 0.061      ; 1.035      ;
; 0.825 ; VGA_SYNC:inst|v_count[7]            ; VGA_SYNC:inst|pixel_row[7]    ; inst2|altpll_component|auto_generated|pll1|clk[0] ; inst2|altpll_component|auto_generated|pll1|clk[0] ; 0.000        ; 0.065      ; 1.047      ;
; 0.834 ; VGA_SYNC:inst|h_count[5]            ; VGA_SYNC:inst|h_count[5]      ; inst2|altpll_component|auto_generated|pll1|clk[0] ; inst2|altpll_component|auto_generated|pll1|clk[0] ; 0.000        ; 0.062      ; 1.053      ;
; 0.837 ; VGA_SYNC:inst|h_count[5]            ; VGA_SYNC:inst|h_count[8]      ; inst2|altpll_component|auto_generated|pll1|clk[0] ; inst2|altpll_component|auto_generated|pll1|clk[0] ; 0.000        ; 0.062      ; 1.056      ;
; 0.838 ; VGA_SYNC:inst|h_count[5]            ; VGA_SYNC:inst|h_count[9]      ; inst2|altpll_component|auto_generated|pll1|clk[0] ; inst2|altpll_component|auto_generated|pll1|clk[0] ; 0.000        ; 0.062      ; 1.057      ;
; 0.854 ; VGA_SYNC:inst|video_on_h            ; VGA_SYNC:inst|green_out       ; inst2|altpll_component|auto_generated|pll1|clk[0] ; inst2|altpll_component|auto_generated|pll1|clk[0] ; 0.000        ; 0.076      ; 1.087      ;
; 0.863 ; VGA_SYNC:inst|h_count[3]            ; VGA_SYNC:inst|h_count[4]      ; inst2|altpll_component|auto_generated|pll1|clk[0] ; inst2|altpll_component|auto_generated|pll1|clk[0] ; 0.000        ; 0.062      ; 1.082      ;
; 0.866 ; VGA_SYNC:inst|h_count[1]            ; VGA_SYNC:inst|h_count[2]      ; inst2|altpll_component|auto_generated|pll1|clk[0] ; inst2|altpll_component|auto_generated|pll1|clk[0] ; 0.000        ; 0.062      ; 1.085      ;
; 0.874 ; VGA_SYNC:inst|h_count[6]            ; VGA_SYNC:inst|h_count[7]      ; inst2|altpll_component|auto_generated|pll1|clk[0] ; inst2|altpll_component|auto_generated|pll1|clk[0] ; 0.000        ; 0.062      ; 1.093      ;
; 0.874 ; VGA_SYNC:inst|h_count[2]            ; VGA_SYNC:inst|h_count[3]      ; inst2|altpll_component|auto_generated|pll1|clk[0] ; inst2|altpll_component|auto_generated|pll1|clk[0] ; 0.000        ; 0.062      ; 1.093      ;
; 0.876 ; VGA_SYNC:inst|h_count[2]            ; VGA_SYNC:inst|h_count[4]      ; inst2|altpll_component|auto_generated|pll1|clk[0] ; inst2|altpll_component|auto_generated|pll1|clk[0] ; 0.000        ; 0.062      ; 1.095      ;
; 0.885 ; VGA_SYNC:inst|h_count[4]            ; VGA_SYNC:inst|h_count[6]      ; inst2|altpll_component|auto_generated|pll1|clk[0] ; inst2|altpll_component|auto_generated|pll1|clk[0] ; 0.000        ; 0.062      ; 1.104      ;
; 0.899 ; VGA_SYNC:inst|v_count[9]            ; VGA_SYNC:inst|v_count[1]      ; inst2|altpll_component|auto_generated|pll1|clk[0] ; inst2|altpll_component|auto_generated|pll1|clk[0] ; 0.000        ; 0.061      ; 1.117      ;
; 0.908 ; VGA_SYNC:inst|v_count[9]            ; VGA_SYNC:inst|video_on_v      ; inst2|altpll_component|auto_generated|pll1|clk[0] ; inst2|altpll_component|auto_generated|pll1|clk[0] ; 0.000        ; 0.061      ; 1.126      ;
; 0.955 ; VGA_SYNC:inst|v_count[5]            ; VGA_SYNC:inst|pixel_row[5]    ; inst2|altpll_component|auto_generated|pll1|clk[0] ; inst2|altpll_component|auto_generated|pll1|clk[0] ; 0.000        ; 0.064      ; 1.176      ;
; 0.964 ; VGA_SYNC:inst|v_count[7]            ; VGA_SYNC:inst|vert_sync       ; inst2|altpll_component|auto_generated|pll1|clk[0] ; inst2|altpll_component|auto_generated|pll1|clk[0] ; 0.000        ; 0.061      ; 1.182      ;
; 0.968 ; VGA_SYNC:inst|h_count[8]            ; VGA_SYNC:inst|pixel_column[8] ; inst2|altpll_component|auto_generated|pll1|clk[0] ; inst2|altpll_component|auto_generated|pll1|clk[0] ; 0.000        ; 0.059      ; 1.184      ;
; 0.975 ; VGA_SYNC:inst|h_count[3]            ; VGA_SYNC:inst|h_count[6]      ; inst2|altpll_component|auto_generated|pll1|clk[0] ; inst2|altpll_component|auto_generated|pll1|clk[0] ; 0.000        ; 0.062      ; 1.194      ;
; 0.976 ; VGA_SYNC:inst|h_count[1]            ; VGA_SYNC:inst|h_count[3]      ; inst2|altpll_component|auto_generated|pll1|clk[0] ; inst2|altpll_component|auto_generated|pll1|clk[0] ; 0.000        ; 0.062      ; 1.195      ;
; 0.978 ; VGA_SYNC:inst|h_count[1]            ; VGA_SYNC:inst|h_count[4]      ; inst2|altpll_component|auto_generated|pll1|clk[0] ; inst2|altpll_component|auto_generated|pll1|clk[0] ; 0.000        ; 0.062      ; 1.197      ;
; 0.980 ; VGA_SYNC:inst|h_count[9]            ; VGA_SYNC:inst|pixel_column[9] ; inst2|altpll_component|auto_generated|pll1|clk[0] ; inst2|altpll_component|auto_generated|pll1|clk[0] ; 0.000        ; 0.059      ; 1.196      ;
; 0.986 ; VGA_SYNC:inst|vert_sync             ; VGA_SYNC:inst|vert_sync_out   ; inst2|altpll_component|auto_generated|pll1|clk[0] ; inst2|altpll_component|auto_generated|pll1|clk[0] ; 0.000        ; 0.079      ; 1.222      ;
; 0.988 ; VGA_SYNC:inst|h_count[2]            ; VGA_SYNC:inst|h_count[6]      ; inst2|altpll_component|auto_generated|pll1|clk[0] ; inst2|altpll_component|auto_generated|pll1|clk[0] ; 0.000        ; 0.062      ; 1.207      ;
; 0.989 ; VGA_SYNC:inst|h_count[5]            ; VGA_SYNC:inst|h_count[6]      ; inst2|altpll_component|auto_generated|pll1|clk[0] ; inst2|altpll_component|auto_generated|pll1|clk[0] ; 0.000        ; 0.063      ; 1.209      ;
; 0.991 ; VGA_SYNC:inst|h_count[7]            ; VGA_SYNC:inst|pixel_column[7] ; inst2|altpll_component|auto_generated|pll1|clk[0] ; inst2|altpll_component|auto_generated|pll1|clk[0] ; 0.000        ; 0.058      ; 1.206      ;
; 0.995 ; VGA_SYNC:inst|h_count[4]            ; VGA_SYNC:inst|h_count[7]      ; inst2|altpll_component|auto_generated|pll1|clk[0] ; inst2|altpll_component|auto_generated|pll1|clk[0] ; 0.000        ; 0.062      ; 1.214      ;
; 0.995 ; VGA_SYNC:inst|v_count[5]            ; VGA_SYNC:inst|vert_sync       ; inst2|altpll_component|auto_generated|pll1|clk[0] ; inst2|altpll_component|auto_generated|pll1|clk[0] ; 0.000        ; 0.061      ; 1.213      ;
; 1.052 ; VGA_SYNC:inst|h_count[8]            ; VGA_SYNC:inst|horiz_sync      ; inst2|altpll_component|auto_generated|pll1|clk[0] ; inst2|altpll_component|auto_generated|pll1|clk[0] ; 0.000        ; 0.062      ; 1.271      ;
; 1.059 ; VGA_SYNC:inst|h_count[2]            ; VGA_SYNC:inst|h_count[5]      ; inst2|altpll_component|auto_generated|pll1|clk[0] ; inst2|altpll_component|auto_generated|pll1|clk[0] ; 0.000        ; 0.061      ; 1.277      ;
; 1.060 ; VGA_SYNC:inst|h_count[2]            ; VGA_SYNC:inst|h_count[9]      ; inst2|altpll_component|auto_generated|pll1|clk[0] ; inst2|altpll_component|auto_generated|pll1|clk[0] ; 0.000        ; 0.061      ; 1.278      ;
; 1.060 ; VGA_SYNC:inst|h_count[2]            ; VGA_SYNC:inst|h_count[8]      ; inst2|altpll_component|auto_generated|pll1|clk[0] ; inst2|altpll_component|auto_generated|pll1|clk[0] ; 0.000        ; 0.061      ; 1.278      ;
; 1.064 ; VGA_SYNC:inst|v_count[3]            ; VGA_SYNC:inst|vert_sync       ; inst2|altpll_component|auto_generated|pll1|clk[0] ; inst2|altpll_component|auto_generated|pll1|clk[0] ; 0.000        ; 0.061      ; 1.282      ;
; 1.067 ; VGA_SYNC:inst|h_count[8]            ; VGA_SYNC:inst|h_count[5]      ; inst2|altpll_component|auto_generated|pll1|clk[0] ; inst2|altpll_component|auto_generated|pll1|clk[0] ; 0.000        ; 0.062      ; 1.286      ;
; 1.068 ; VGA_SYNC:inst|h_count[8]            ; VGA_SYNC:inst|h_count[9]      ; inst2|altpll_component|auto_generated|pll1|clk[0] ; inst2|altpll_component|auto_generated|pll1|clk[0] ; 0.000        ; 0.062      ; 1.287      ;
; 1.068 ; VGA_SYNC:inst|h_count[8]            ; VGA_SYNC:inst|h_count[8]      ; inst2|altpll_component|auto_generated|pll1|clk[0] ; inst2|altpll_component|auto_generated|pll1|clk[0] ; 0.000        ; 0.062      ; 1.287      ;
; 1.080 ; VGA_SYNC:inst|v_count[6]            ; VGA_SYNC:inst|vert_sync       ; inst2|altpll_component|auto_generated|pll1|clk[0] ; inst2|altpll_component|auto_generated|pll1|clk[0] ; 0.000        ; 0.061      ; 1.298      ;
; 1.083 ; VGA_SYNC:inst|h_count[0]            ; VGA_SYNC:inst|h_count[1]      ; inst2|altpll_component|auto_generated|pll1|clk[0] ; inst2|altpll_component|auto_generated|pll1|clk[0] ; 0.000        ; 0.062      ; 1.302      ;
; 1.085 ; VGA_SYNC:inst|h_count[0]            ; VGA_SYNC:inst|h_count[2]      ; inst2|altpll_component|auto_generated|pll1|clk[0] ; inst2|altpll_component|auto_generated|pll1|clk[0] ; 0.000        ; 0.062      ; 1.304      ;
; 1.085 ; VGA_SYNC:inst|h_count[3]            ; VGA_SYNC:inst|h_count[7]      ; inst2|altpll_component|auto_generated|pll1|clk[0] ; inst2|altpll_component|auto_generated|pll1|clk[0] ; 0.000        ; 0.062      ; 1.304      ;
; 1.090 ; VGA_SYNC:inst|h_count[1]            ; VGA_SYNC:inst|h_count[6]      ; inst2|altpll_component|auto_generated|pll1|clk[0] ; inst2|altpll_component|auto_generated|pll1|clk[0] ; 0.000        ; 0.062      ; 1.309      ;
; 1.093 ; VGA_SYNC:inst|v_count[0]            ; VGA_SYNC:inst|vert_sync       ; inst2|altpll_component|auto_generated|pll1|clk[0] ; inst2|altpll_component|auto_generated|pll1|clk[0] ; 0.000        ; 0.061      ; 1.311      ;
; 1.098 ; VGA_SYNC:inst|h_count[2]            ; VGA_SYNC:inst|h_count[7]      ; inst2|altpll_component|auto_generated|pll1|clk[0] ; inst2|altpll_component|auto_generated|pll1|clk[0] ; 0.000        ; 0.062      ; 1.317      ;
; 1.099 ; VGA_SYNC:inst|h_count[5]            ; VGA_SYNC:inst|h_count[7]      ; inst2|altpll_component|auto_generated|pll1|clk[0] ; inst2|altpll_component|auto_generated|pll1|clk[0] ; 0.000        ; 0.063      ; 1.319      ;
; 1.100 ; VGA_SYNC:inst|v_count[9]            ; VGA_SYNC:inst|v_count[0]      ; inst2|altpll_component|auto_generated|pll1|clk[0] ; inst2|altpll_component|auto_generated|pll1|clk[0] ; 0.000        ; 0.061      ; 1.318      ;
; 1.123 ; VGA_SYNC:inst|h_count[6]            ; VGA_SYNC:inst|h_count[5]      ; inst2|altpll_component|auto_generated|pll1|clk[0] ; inst2|altpll_component|auto_generated|pll1|clk[0] ; 0.000        ; 0.061      ; 1.341      ;
; 1.126 ; VGA_SYNC:inst|h_count[6]            ; VGA_SYNC:inst|h_count[8]      ; inst2|altpll_component|auto_generated|pll1|clk[0] ; inst2|altpll_component|auto_generated|pll1|clk[0] ; 0.000        ; 0.061      ; 1.344      ;
; 1.126 ; VGA_SYNC:inst|h_count[6]            ; VGA_SYNC:inst|h_count[9]      ; inst2|altpll_component|auto_generated|pll1|clk[0] ; inst2|altpll_component|auto_generated|pll1|clk[0] ; 0.000        ; 0.061      ; 1.344      ;
; 1.136 ; VGA_SYNC:inst|h_count[3]            ; VGA_SYNC:inst|h_count[9]      ; inst2|altpll_component|auto_generated|pll1|clk[0] ; inst2|altpll_component|auto_generated|pll1|clk[0] ; 0.000        ; 0.061      ; 1.354      ;
; 1.136 ; VGA_SYNC:inst|h_count[3]            ; VGA_SYNC:inst|h_count[8]      ; inst2|altpll_component|auto_generated|pll1|clk[0] ; inst2|altpll_component|auto_generated|pll1|clk[0] ; 0.000        ; 0.061      ; 1.354      ;
; 1.136 ; VGA_SYNC:inst|h_count[7]            ; VGA_SYNC:inst|horiz_sync      ; inst2|altpll_component|auto_generated|pll1|clk[0] ; inst2|altpll_component|auto_generated|pll1|clk[0] ; 0.000        ; 0.061      ; 1.354      ;
; 1.138 ; VGA_SYNC:inst|h_count[3]            ; VGA_SYNC:inst|h_count[5]      ; inst2|altpll_component|auto_generated|pll1|clk[0] ; inst2|altpll_component|auto_generated|pll1|clk[0] ; 0.000        ; 0.061      ; 1.356      ;
; 1.152 ; VGA_SYNC:inst|h_count[2]            ; VGA_SYNC:inst|horiz_sync      ; inst2|altpll_component|auto_generated|pll1|clk[0] ; inst2|altpll_component|auto_generated|pll1|clk[0] ; 0.000        ; 0.061      ; 1.370      ;
; 1.155 ; VGA_SYNC:inst|v_count[6]            ; VGA_SYNC:inst|v_count[7]      ; inst2|altpll_component|auto_generated|pll1|clk[0] ; inst2|altpll_component|auto_generated|pll1|clk[0] ; 0.000        ; 0.061      ; 1.373      ;
; 1.155 ; VGA_SYNC:inst|v_count[8]            ; VGA_SYNC:inst|vert_sync       ; inst2|altpll_component|auto_generated|pll1|clk[0] ; inst2|altpll_component|auto_generated|pll1|clk[0] ; 0.000        ; 0.061      ; 1.373      ;
; 1.156 ; VGA_SYNC:inst|v_count[2]            ; VGA_SYNC:inst|v_count[3]      ; inst2|altpll_component|auto_generated|pll1|clk[0] ; inst2|altpll_component|auto_generated|pll1|clk[0] ; 0.000        ; 0.061      ; 1.374      ;
; 1.160 ; VGA_SYNC:inst|v_count[8]            ; VGA_SYNC:inst|v_count[9]      ; inst2|altpll_component|auto_generated|pll1|clk[0] ; inst2|altpll_component|auto_generated|pll1|clk[0] ; 0.000        ; 0.061      ; 1.378      ;
; 1.176 ; VGA_SYNC:inst|h_count[9]            ; VGA_SYNC:inst|video_on_h      ; inst2|altpll_component|auto_generated|pll1|clk[0] ; inst2|altpll_component|auto_generated|pll1|clk[0] ; 0.000        ; 0.411      ; 1.744      ;
+-------+-------------------------------------+-------------------------------+---------------------------------------------------+---------------------------------------------------+--------------+------------+------------+


+--------------------------------------------------------------------------------------------------------------------------------------------------------------------------------------+
; Slow 1200mV 85C Model Hold: 'VGA_SYNC:inst|vert_sync_out'                                                                                                                            ;
+-------+------------------------------------+------------------------------------+-----------------------------+-----------------------------+--------------+------------+------------+
; Slack ; From Node                          ; To Node                            ; Launch Clock                ; Latch Clock                 ; Relationship ; Clock Skew ; Data Delay ;
+-------+------------------------------------+------------------------------------+-----------------------------+-----------------------------+--------------+------------+------------+
; 0.410 ; bouncy_ball:inst7|ball_y_motion[0] ; bouncy_ball:inst7|ball_y_pos[9]    ; VGA_SYNC:inst|vert_sync_out ; VGA_SYNC:inst|vert_sync_out ; 0.000        ; 0.424      ; 0.991      ;
; 0.518 ; bouncy_ball:inst7|ball_y_pos[8]    ; bouncy_ball:inst7|ball_y_pos[9]    ; VGA_SYNC:inst|vert_sync_out ; VGA_SYNC:inst|vert_sync_out ; 0.000        ; 0.424      ; 1.099      ;
; 0.534 ; bouncy_ball:inst7|ball_y_pos[9]    ; bouncy_ball:inst7|ball_y_pos[9]    ; VGA_SYNC:inst|vert_sync_out ; VGA_SYNC:inst|vert_sync_out ; 0.000        ; 0.076      ; 0.767      ;
; 0.588 ; bouncy_ball:inst7|ball_y_pos[1]    ; bouncy_ball:inst7|ball_y_pos[1]    ; VGA_SYNC:inst|vert_sync_out ; VGA_SYNC:inst|vert_sync_out ; 0.000        ; 0.061      ; 0.806      ;
; 0.592 ; bouncy_ball:inst7|ball_y_pos[8]    ; bouncy_ball:inst7|ball_y_pos[8]    ; VGA_SYNC:inst|vert_sync_out ; VGA_SYNC:inst|vert_sync_out ; 0.000        ; 0.061      ; 0.810      ;
; 0.593 ; bouncy_ball:inst7|ball_y_pos[6]    ; bouncy_ball:inst7|ball_y_pos[6]    ; VGA_SYNC:inst|vert_sync_out ; VGA_SYNC:inst|vert_sync_out ; 0.000        ; 0.061      ; 0.811      ;
; 0.599 ; bouncy_ball:inst7|ball_y_pos[7]    ; bouncy_ball:inst7|ball_y_pos[7]    ; VGA_SYNC:inst|vert_sync_out ; VGA_SYNC:inst|vert_sync_out ; 0.000        ; 0.061      ; 0.817      ;
; 0.602 ; bouncy_ball:inst7|ball_y_pos[5]    ; bouncy_ball:inst7|ball_y_pos[5]    ; VGA_SYNC:inst|vert_sync_out ; VGA_SYNC:inst|vert_sync_out ; 0.000        ; 0.061      ; 0.820      ;
; 0.603 ; bouncy_ball:inst7|ball_y_pos[0]    ; bouncy_ball:inst7|ball_y_pos[0]    ; VGA_SYNC:inst|vert_sync_out ; VGA_SYNC:inst|vert_sync_out ; 0.000        ; 0.061      ; 0.821      ;
; 0.609 ; bouncy_ball:inst7|ball_y_pos[4]    ; bouncy_ball:inst7|ball_y_pos[4]    ; VGA_SYNC:inst|vert_sync_out ; VGA_SYNC:inst|vert_sync_out ; 0.000        ; 0.061      ; 0.827      ;
; 0.611 ; bouncy_ball:inst7|ball_y_pos[3]    ; bouncy_ball:inst7|ball_y_pos[3]    ; VGA_SYNC:inst|vert_sync_out ; VGA_SYNC:inst|vert_sync_out ; 0.000        ; 0.061      ; 0.829      ;
; 0.620 ; bouncy_ball:inst7|ball_y_pos[7]    ; bouncy_ball:inst7|ball_y_pos[9]    ; VGA_SYNC:inst|vert_sync_out ; VGA_SYNC:inst|vert_sync_out ; 0.000        ; 0.424      ; 1.201      ;
; 0.631 ; bouncy_ball:inst7|ball_y_pos[6]    ; bouncy_ball:inst7|ball_y_pos[9]    ; VGA_SYNC:inst|vert_sync_out ; VGA_SYNC:inst|vert_sync_out ; 0.000        ; 0.424      ; 1.212      ;
; 0.675 ; bouncy_ball:inst7|pipe_x_pos[10]   ; bouncy_ball:inst7|pipe_x_pos[10]   ; VGA_SYNC:inst|vert_sync_out ; VGA_SYNC:inst|vert_sync_out ; 0.000        ; 0.077      ; 0.909      ;
; 0.716 ; bouncy_ball:inst7|ball_y_pos[2]    ; bouncy_ball:inst7|ball_y_pos[2]    ; VGA_SYNC:inst|vert_sync_out ; VGA_SYNC:inst|vert_sync_out ; 0.000        ; 0.061      ; 0.934      ;
; 0.723 ; bouncy_ball:inst7|ball_y_motion[0] ; bouncy_ball:inst7|ball_y_pos[7]    ; VGA_SYNC:inst|vert_sync_out ; VGA_SYNC:inst|vert_sync_out ; 0.000        ; 0.061      ; 0.941      ;
; 0.733 ; bouncy_ball:inst7|ball_y_pos[5]    ; bouncy_ball:inst7|ball_y_pos[9]    ; VGA_SYNC:inst|vert_sync_out ; VGA_SYNC:inst|vert_sync_out ; 0.000        ; 0.424      ; 1.314      ;
; 0.759 ; bouncy_ball:inst7|ball_y_pos[4]    ; bouncy_ball:inst7|ball_y_pos[9]    ; VGA_SYNC:inst|vert_sync_out ; VGA_SYNC:inst|vert_sync_out ; 0.000        ; 0.424      ; 1.340      ;
; 0.765 ; bouncy_ball:inst7|ball_y_motion[0] ; bouncy_ball:inst7|ball_y_pos[2]    ; VGA_SYNC:inst|vert_sync_out ; VGA_SYNC:inst|vert_sync_out ; 0.000        ; 0.061      ; 0.983      ;
; 0.768 ; bouncy_ball:inst7|ball_y_motion[0] ; bouncy_ball:inst7|ball_y_pos[4]    ; VGA_SYNC:inst|vert_sync_out ; VGA_SYNC:inst|vert_sync_out ; 0.000        ; 0.061      ; 0.986      ;
; 0.768 ; bouncy_ball:inst7|ball_y_motion[0] ; bouncy_ball:inst7|ball_y_pos[3]    ; VGA_SYNC:inst|vert_sync_out ; VGA_SYNC:inst|vert_sync_out ; 0.000        ; 0.061      ; 0.986      ;
; 0.769 ; bouncy_ball:inst7|ball_y_motion[0] ; bouncy_ball:inst7|ball_y_pos[6]    ; VGA_SYNC:inst|vert_sync_out ; VGA_SYNC:inst|vert_sync_out ; 0.000        ; 0.061      ; 0.987      ;
; 0.769 ; bouncy_ball:inst7|ball_y_motion[0] ; bouncy_ball:inst7|ball_y_pos[5]    ; VGA_SYNC:inst|vert_sync_out ; VGA_SYNC:inst|vert_sync_out ; 0.000        ; 0.061      ; 0.987      ;
; 0.770 ; bouncy_ball:inst7|ball_y_motion[0] ; bouncy_ball:inst7|ball_y_pos[8]    ; VGA_SYNC:inst|vert_sync_out ; VGA_SYNC:inst|vert_sync_out ; 0.000        ; 0.061      ; 0.988      ;
; 0.777 ; bouncy_ball:inst7|ball_y_motion[0] ; bouncy_ball:inst7|ball_y_pos[0]    ; VGA_SYNC:inst|vert_sync_out ; VGA_SYNC:inst|vert_sync_out ; 0.000        ; 0.061      ; 0.995      ;
; 0.854 ; bouncy_ball:inst7|ball_y_pos[3]    ; bouncy_ball:inst7|ball_y_pos[9]    ; VGA_SYNC:inst|vert_sync_out ; VGA_SYNC:inst|vert_sync_out ; 0.000        ; 0.424      ; 1.435      ;
; 0.862 ; bouncy_ball:inst7|ball_y_pos[1]    ; bouncy_ball:inst7|ball_y_pos[2]    ; VGA_SYNC:inst|vert_sync_out ; VGA_SYNC:inst|vert_sync_out ; 0.000        ; 0.061      ; 1.080      ;
; 0.867 ; bouncy_ball:inst7|pipe_x_pos[8]    ; bouncy_ball:inst7|pipe_x_pos[8]    ; VGA_SYNC:inst|vert_sync_out ; VGA_SYNC:inst|vert_sync_out ; 0.000        ; 0.077      ; 1.101      ;
; 0.873 ; bouncy_ball:inst7|ball_y_pos[7]    ; bouncy_ball:inst7|ball_y_pos[8]    ; VGA_SYNC:inst|vert_sync_out ; VGA_SYNC:inst|vert_sync_out ; 0.000        ; 0.061      ; 1.091      ;
; 0.874 ; bouncy_ball:inst7|ball_y_pos[5]    ; bouncy_ball:inst7|ball_y_pos[6]    ; VGA_SYNC:inst|vert_sync_out ; VGA_SYNC:inst|vert_sync_out ; 0.000        ; 0.061      ; 1.092      ;
; 0.881 ; bouncy_ball:inst7|pipe_x_pos[4]    ; bouncy_ball:inst7|pipe_x_pos[4]    ; VGA_SYNC:inst|vert_sync_out ; VGA_SYNC:inst|vert_sync_out ; 0.000        ; 0.062      ; 1.100      ;
; 0.881 ; bouncy_ball:inst7|pipe_x_pos[5]    ; bouncy_ball:inst7|pipe_x_pos[5]    ; VGA_SYNC:inst|vert_sync_out ; VGA_SYNC:inst|vert_sync_out ; 0.000        ; 0.062      ; 1.100      ;
; 0.881 ; bouncy_ball:inst7|ball_y_pos[0]    ; bouncy_ball:inst7|ball_y_pos[1]    ; VGA_SYNC:inst|vert_sync_out ; VGA_SYNC:inst|vert_sync_out ; 0.000        ; 0.061      ; 1.099      ;
; 0.882 ; bouncy_ball:inst7|ball_y_pos[6]    ; bouncy_ball:inst7|ball_y_pos[7]    ; VGA_SYNC:inst|vert_sync_out ; VGA_SYNC:inst|vert_sync_out ; 0.000        ; 0.061      ; 1.100      ;
; 0.883 ; bouncy_ball:inst7|ball_y_pos[3]    ; bouncy_ball:inst7|ball_y_pos[4]    ; VGA_SYNC:inst|vert_sync_out ; VGA_SYNC:inst|vert_sync_out ; 0.000        ; 0.061      ; 1.101      ;
; 0.883 ; bouncy_ball:inst7|ball_y_pos[0]    ; bouncy_ball:inst7|ball_y_pos[2]    ; VGA_SYNC:inst|vert_sync_out ; VGA_SYNC:inst|vert_sync_out ; 0.000        ; 0.061      ; 1.101      ;
; 0.884 ; bouncy_ball:inst7|ball_y_pos[6]    ; bouncy_ball:inst7|ball_y_pos[8]    ; VGA_SYNC:inst|vert_sync_out ; VGA_SYNC:inst|vert_sync_out ; 0.000        ; 0.061      ; 1.102      ;
; 0.898 ; bouncy_ball:inst7|ball_y_pos[4]    ; bouncy_ball:inst7|ball_y_pos[5]    ; VGA_SYNC:inst|vert_sync_out ; VGA_SYNC:inst|vert_sync_out ; 0.000        ; 0.061      ; 1.116      ;
; 0.900 ; bouncy_ball:inst7|ball_y_pos[4]    ; bouncy_ball:inst7|ball_y_pos[6]    ; VGA_SYNC:inst|vert_sync_out ; VGA_SYNC:inst|vert_sync_out ; 0.000        ; 0.061      ; 1.118      ;
; 0.906 ; bouncy_ball:inst7|pipe_x_pos[7]    ; bouncy_ball:inst7|pipe_x_pos[8]    ; VGA_SYNC:inst|vert_sync_out ; VGA_SYNC:inst|vert_sync_out ; 0.000        ; 0.427      ; 1.490      ;
; 0.919 ; bouncy_ball:inst7|pipe_x_pos[4]    ; bouncy_ball:inst7|pipe_x_pos[8]    ; VGA_SYNC:inst|vert_sync_out ; VGA_SYNC:inst|vert_sync_out ; 0.000        ; 0.428      ; 1.504      ;
; 0.921 ; bouncy_ball:inst7|pipe_x_pos[5]    ; bouncy_ball:inst7|pipe_x_pos[8]    ; VGA_SYNC:inst|vert_sync_out ; VGA_SYNC:inst|vert_sync_out ; 0.000        ; 0.428      ; 1.506      ;
; 0.945 ; bouncy_ball:inst7|ball_y_pos[1]    ; bouncy_ball:inst7|ball_y_pos[9]    ; VGA_SYNC:inst|vert_sync_out ; VGA_SYNC:inst|vert_sync_out ; 0.000        ; 0.424      ; 1.526      ;
; 0.955 ; bouncy_ball:inst7|ball_y_pos[9]    ; bouncy_ball:inst7|ball_y_motion[0] ; VGA_SYNC:inst|vert_sync_out ; VGA_SYNC:inst|vert_sync_out ; 0.000        ; -0.287     ; 0.825      ;
; 0.966 ; bouncy_ball:inst7|ball_y_pos[0]    ; bouncy_ball:inst7|ball_y_pos[9]    ; VGA_SYNC:inst|vert_sync_out ; VGA_SYNC:inst|vert_sync_out ; 0.000        ; 0.424      ; 1.547      ;
; 0.972 ; bouncy_ball:inst7|ball_y_pos[1]    ; bouncy_ball:inst7|ball_y_pos[3]    ; VGA_SYNC:inst|vert_sync_out ; VGA_SYNC:inst|vert_sync_out ; 0.000        ; 0.061      ; 1.190      ;
; 0.974 ; bouncy_ball:inst7|ball_y_pos[1]    ; bouncy_ball:inst7|ball_y_pos[4]    ; VGA_SYNC:inst|vert_sync_out ; VGA_SYNC:inst|vert_sync_out ; 0.000        ; 0.061      ; 1.192      ;
; 0.978 ; bouncy_ball:inst7|ball_y_pos[2]    ; bouncy_ball:inst7|ball_y_pos[9]    ; VGA_SYNC:inst|vert_sync_out ; VGA_SYNC:inst|vert_sync_out ; 0.000        ; 0.424      ; 1.559      ;
; 0.984 ; bouncy_ball:inst7|ball_y_pos[5]    ; bouncy_ball:inst7|ball_y_pos[7]    ; VGA_SYNC:inst|vert_sync_out ; VGA_SYNC:inst|vert_sync_out ; 0.000        ; 0.061      ; 1.202      ;
; 0.986 ; bouncy_ball:inst7|ball_y_pos[5]    ; bouncy_ball:inst7|ball_y_pos[8]    ; VGA_SYNC:inst|vert_sync_out ; VGA_SYNC:inst|vert_sync_out ; 0.000        ; 0.061      ; 1.204      ;
; 0.993 ; bouncy_ball:inst7|ball_y_pos[3]    ; bouncy_ball:inst7|ball_y_pos[5]    ; VGA_SYNC:inst|vert_sync_out ; VGA_SYNC:inst|vert_sync_out ; 0.000        ; 0.061      ; 1.211      ;
; 0.993 ; bouncy_ball:inst7|ball_y_pos[0]    ; bouncy_ball:inst7|ball_y_pos[3]    ; VGA_SYNC:inst|vert_sync_out ; VGA_SYNC:inst|vert_sync_out ; 0.000        ; 0.061      ; 1.211      ;
; 0.995 ; bouncy_ball:inst7|ball_y_pos[3]    ; bouncy_ball:inst7|ball_y_pos[6]    ; VGA_SYNC:inst|vert_sync_out ; VGA_SYNC:inst|vert_sync_out ; 0.000        ; 0.061      ; 1.213      ;
; 0.995 ; bouncy_ball:inst7|ball_y_pos[0]    ; bouncy_ball:inst7|ball_y_pos[4]    ; VGA_SYNC:inst|vert_sync_out ; VGA_SYNC:inst|vert_sync_out ; 0.000        ; 0.061      ; 1.213      ;
; 1.005 ; bouncy_ball:inst7|ball_y_pos[2]    ; bouncy_ball:inst7|ball_y_pos[3]    ; VGA_SYNC:inst|vert_sync_out ; VGA_SYNC:inst|vert_sync_out ; 0.000        ; 0.061      ; 1.223      ;
; 1.007 ; bouncy_ball:inst7|ball_y_pos[2]    ; bouncy_ball:inst7|ball_y_pos[4]    ; VGA_SYNC:inst|vert_sync_out ; VGA_SYNC:inst|vert_sync_out ; 0.000        ; 0.061      ; 1.225      ;
; 1.009 ; bouncy_ball:inst7|ball_y_pos[7]    ; bouncy_ball:inst7|ball_y_motion[0] ; VGA_SYNC:inst|vert_sync_out ; VGA_SYNC:inst|vert_sync_out ; 0.000        ; 0.061      ; 1.227      ;
; 1.009 ; bouncy_ball:inst7|ball_y_pos[4]    ; bouncy_ball:inst7|ball_y_motion[0] ; VGA_SYNC:inst|vert_sync_out ; VGA_SYNC:inst|vert_sync_out ; 0.000        ; 0.061      ; 1.227      ;
; 1.010 ; bouncy_ball:inst7|pipe_x_pos[0]    ; bouncy_ball:inst7|pipe_x_pos[10]   ; VGA_SYNC:inst|vert_sync_out ; VGA_SYNC:inst|vert_sync_out ; 0.000        ; 0.428      ; 1.595      ;
; 1.010 ; bouncy_ball:inst7|ball_y_pos[4]    ; bouncy_ball:inst7|ball_y_pos[7]    ; VGA_SYNC:inst|vert_sync_out ; VGA_SYNC:inst|vert_sync_out ; 0.000        ; 0.061      ; 1.228      ;
; 1.012 ; bouncy_ball:inst7|pipe_x_pos[0]    ; bouncy_ball:inst7|pipe_x_pos[8]    ; VGA_SYNC:inst|vert_sync_out ; VGA_SYNC:inst|vert_sync_out ; 0.000        ; 0.428      ; 1.597      ;
; 1.012 ; bouncy_ball:inst7|ball_y_pos[4]    ; bouncy_ball:inst7|ball_y_pos[8]    ; VGA_SYNC:inst|vert_sync_out ; VGA_SYNC:inst|vert_sync_out ; 0.000        ; 0.061      ; 1.230      ;
; 1.019 ; bouncy_ball:inst7|pipe_x_pos[7]    ; bouncy_ball:inst7|pipe_x_pos[10]   ; VGA_SYNC:inst|vert_sync_out ; VGA_SYNC:inst|vert_sync_out ; 0.000        ; 0.427      ; 1.603      ;
; 1.022 ; bouncy_ball:inst7|pipe_x_pos[6]    ; bouncy_ball:inst7|pipe_x_pos[8]    ; VGA_SYNC:inst|vert_sync_out ; VGA_SYNC:inst|vert_sync_out ; 0.000        ; 0.427      ; 1.606      ;
; 1.031 ; bouncy_ball:inst7|ball_y_pos[8]    ; bouncy_ball:inst7|ball_y_motion[0] ; VGA_SYNC:inst|vert_sync_out ; VGA_SYNC:inst|vert_sync_out ; 0.000        ; 0.061      ; 1.249      ;
; 1.032 ; bouncy_ball:inst7|pipe_x_pos[2]    ; bouncy_ball:inst7|pipe_x_pos[8]    ; VGA_SYNC:inst|vert_sync_out ; VGA_SYNC:inst|vert_sync_out ; 0.000        ; 0.428      ; 1.617      ;
; 1.032 ; bouncy_ball:inst7|pipe_x_pos[4]    ; bouncy_ball:inst7|pipe_x_pos[10]   ; VGA_SYNC:inst|vert_sync_out ; VGA_SYNC:inst|vert_sync_out ; 0.000        ; 0.428      ; 1.617      ;
; 1.034 ; bouncy_ball:inst7|pipe_x_pos[5]    ; bouncy_ball:inst7|pipe_x_pos[10]   ; VGA_SYNC:inst|vert_sync_out ; VGA_SYNC:inst|vert_sync_out ; 0.000        ; 0.428      ; 1.619      ;
; 1.051 ; bouncy_ball:inst7|ball_y_motion[0] ; bouncy_ball:inst7|ball_y_pos[1]    ; VGA_SYNC:inst|vert_sync_out ; VGA_SYNC:inst|vert_sync_out ; 0.000        ; 0.061      ; 1.269      ;
; 1.074 ; bouncy_ball:inst7|pipe_x_pos[5]    ; bouncy_ball:inst7|pipe_x_pos[9]    ; VGA_SYNC:inst|vert_sync_out ; VGA_SYNC:inst|vert_sync_out ; 0.000        ; 0.428      ; 1.659      ;
; 1.084 ; bouncy_ball:inst7|ball_y_pos[1]    ; bouncy_ball:inst7|ball_y_pos[5]    ; VGA_SYNC:inst|vert_sync_out ; VGA_SYNC:inst|vert_sync_out ; 0.000        ; 0.061      ; 1.302      ;
; 1.086 ; bouncy_ball:inst7|ball_y_pos[1]    ; bouncy_ball:inst7|ball_y_pos[6]    ; VGA_SYNC:inst|vert_sync_out ; VGA_SYNC:inst|vert_sync_out ; 0.000        ; 0.061      ; 1.304      ;
; 1.092 ; bouncy_ball:inst7|pipe_x_pos[6]    ; bouncy_ball:inst7|pipe_x_pos[10]   ; VGA_SYNC:inst|vert_sync_out ; VGA_SYNC:inst|vert_sync_out ; 0.000        ; 0.427      ; 1.676      ;
; 1.102 ; bouncy_ball:inst7|ball_y_pos[1]    ; bouncy_ball:inst7|ball_y_motion[0] ; VGA_SYNC:inst|vert_sync_out ; VGA_SYNC:inst|vert_sync_out ; 0.000        ; 0.061      ; 1.320      ;
; 1.105 ; bouncy_ball:inst7|ball_y_pos[3]    ; bouncy_ball:inst7|ball_y_pos[7]    ; VGA_SYNC:inst|vert_sync_out ; VGA_SYNC:inst|vert_sync_out ; 0.000        ; 0.061      ; 1.323      ;
; 1.105 ; bouncy_ball:inst7|ball_y_pos[0]    ; bouncy_ball:inst7|ball_y_pos[5]    ; VGA_SYNC:inst|vert_sync_out ; VGA_SYNC:inst|vert_sync_out ; 0.000        ; 0.061      ; 1.323      ;
; 1.107 ; bouncy_ball:inst7|ball_y_pos[3]    ; bouncy_ball:inst7|ball_y_pos[8]    ; VGA_SYNC:inst|vert_sync_out ; VGA_SYNC:inst|vert_sync_out ; 0.000        ; 0.061      ; 1.325      ;
; 1.107 ; bouncy_ball:inst7|ball_y_pos[0]    ; bouncy_ball:inst7|ball_y_pos[6]    ; VGA_SYNC:inst|vert_sync_out ; VGA_SYNC:inst|vert_sync_out ; 0.000        ; 0.061      ; 1.325      ;
; 1.117 ; bouncy_ball:inst7|ball_y_pos[2]    ; bouncy_ball:inst7|ball_y_pos[5]    ; VGA_SYNC:inst|vert_sync_out ; VGA_SYNC:inst|vert_sync_out ; 0.000        ; 0.061      ; 1.335      ;
; 1.119 ; bouncy_ball:inst7|ball_y_pos[2]    ; bouncy_ball:inst7|ball_y_pos[6]    ; VGA_SYNC:inst|vert_sync_out ; VGA_SYNC:inst|vert_sync_out ; 0.000        ; 0.061      ; 1.337      ;
; 1.125 ; bouncy_ball:inst7|pipe_x_pos[2]    ; bouncy_ball:inst7|pipe_x_pos[10]   ; VGA_SYNC:inst|vert_sync_out ; VGA_SYNC:inst|vert_sync_out ; 0.000        ; 0.428      ; 1.710      ;
; 1.147 ; bouncy_ball:inst7|pipe_x_pos[2]    ; bouncy_ball:inst7|pipe_x_pos[2]    ; VGA_SYNC:inst|vert_sync_out ; VGA_SYNC:inst|vert_sync_out ; 0.000        ; 0.062      ; 1.366      ;
; 1.152 ; bouncy_ball:inst7|pipe_x_pos[9]    ; bouncy_ball:inst7|pipe_x_pos[10]   ; VGA_SYNC:inst|vert_sync_out ; VGA_SYNC:inst|vert_sync_out ; 0.000        ; 0.077      ; 1.386      ;
; 1.152 ; bouncy_ball:inst7|pipe_x_pos[9]    ; bouncy_ball:inst7|pipe_x_pos[8]    ; VGA_SYNC:inst|vert_sync_out ; VGA_SYNC:inst|vert_sync_out ; 0.000        ; 0.077      ; 1.386      ;
; 1.154 ; bouncy_ball:inst7|pipe_x_pos[7]    ; bouncy_ball:inst7|pipe_x_pos[7]    ; VGA_SYNC:inst|vert_sync_out ; VGA_SYNC:inst|vert_sync_out ; 0.000        ; 0.062      ; 1.373      ;
; 1.159 ; bouncy_ball:inst7|pipe_x_pos[8]    ; bouncy_ball:inst7|pipe_x_pos[10]   ; VGA_SYNC:inst|vert_sync_out ; VGA_SYNC:inst|vert_sync_out ; 0.000        ; 0.077      ; 1.393      ;
; 1.163 ; bouncy_ball:inst7|pipe_x_pos[0]    ; bouncy_ball:inst7|pipe_x_pos[2]    ; VGA_SYNC:inst|vert_sync_out ; VGA_SYNC:inst|vert_sync_out ; 0.000        ; 0.062      ; 1.382      ;
; 1.168 ; bouncy_ball:inst7|pipe_x_pos[4]    ; bouncy_ball:inst7|pipe_x_pos[5]    ; VGA_SYNC:inst|vert_sync_out ; VGA_SYNC:inst|vert_sync_out ; 0.000        ; 0.062      ; 1.387      ;
; 1.169 ; bouncy_ball:inst7|pipe_x_pos[7]    ; bouncy_ball:inst7|pipe_x_pos[9]    ; VGA_SYNC:inst|vert_sync_out ; VGA_SYNC:inst|vert_sync_out ; 0.000        ; 0.427      ; 1.753      ;
; 1.170 ; bouncy_ball:inst7|pipe_x_pos[9]    ; bouncy_ball:inst7|pipe_x_pos[9]    ; VGA_SYNC:inst|vert_sync_out ; VGA_SYNC:inst|vert_sync_out ; 0.000        ; 0.077      ; 1.404      ;
; 1.173 ; bouncy_ball:inst7|pipe_x_pos[2]    ; bouncy_ball:inst7|pipe_x_pos[4]    ; VGA_SYNC:inst|vert_sync_out ; VGA_SYNC:inst|vert_sync_out ; 0.000        ; 0.062      ; 1.392      ;
; 1.175 ; bouncy_ball:inst7|pipe_x_pos[6]    ; bouncy_ball:inst7|pipe_x_pos[9]    ; VGA_SYNC:inst|vert_sync_out ; VGA_SYNC:inst|vert_sync_out ; 0.000        ; 0.427      ; 1.759      ;
; 1.182 ; bouncy_ball:inst7|pipe_x_pos[4]    ; bouncy_ball:inst7|pipe_x_pos[9]    ; VGA_SYNC:inst|vert_sync_out ; VGA_SYNC:inst|vert_sync_out ; 0.000        ; 0.428      ; 1.767      ;
; 1.192 ; bouncy_ball:inst7|pipe_x_pos[0]    ; bouncy_ball:inst7|pipe_x_pos[7]    ; VGA_SYNC:inst|vert_sync_out ; VGA_SYNC:inst|vert_sync_out ; 0.000        ; 0.063      ; 1.412      ;
; 1.196 ; bouncy_ball:inst7|ball_y_pos[5]    ; bouncy_ball:inst7|ball_y_motion[0] ; VGA_SYNC:inst|vert_sync_out ; VGA_SYNC:inst|vert_sync_out ; 0.000        ; 0.061      ; 1.414      ;
; 1.196 ; bouncy_ball:inst7|ball_y_pos[1]    ; bouncy_ball:inst7|ball_y_pos[7]    ; VGA_SYNC:inst|vert_sync_out ; VGA_SYNC:inst|vert_sync_out ; 0.000        ; 0.061      ; 1.414      ;
; 1.198 ; bouncy_ball:inst7|pipe_x_pos[3]    ; bouncy_ball:inst7|pipe_x_pos[8]    ; VGA_SYNC:inst|vert_sync_out ; VGA_SYNC:inst|vert_sync_out ; 0.000        ; 0.427      ; 1.782      ;
; 1.198 ; bouncy_ball:inst7|ball_y_pos[1]    ; bouncy_ball:inst7|ball_y_pos[8]    ; VGA_SYNC:inst|vert_sync_out ; VGA_SYNC:inst|vert_sync_out ; 0.000        ; 0.061      ; 1.416      ;
; 1.199 ; bouncy_ball:inst7|ball_y_motion[0] ; bouncy_ball:inst7|ball_y_motion[0] ; VGA_SYNC:inst|vert_sync_out ; VGA_SYNC:inst|vert_sync_out ; 0.000        ; 0.061      ; 1.417      ;
; 1.217 ; bouncy_ball:inst7|ball_y_pos[0]    ; bouncy_ball:inst7|ball_y_pos[7]    ; VGA_SYNC:inst|vert_sync_out ; VGA_SYNC:inst|vert_sync_out ; 0.000        ; 0.061      ; 1.435      ;
+-------+------------------------------------+------------------------------------+-----------------------------+-----------------------------+--------------+------------+------------+


+--------------------------------------------------------------------------------------------------------------------------------------------+
; Slow 1200mV 85C Model Minimum Pulse Width: 'VGA_SYNC:inst|vert_sync_out'                                                                   ;
+--------+--------------+----------------+------------------+-----------------------------+------------+-------------------------------------+
; Slack  ; Actual Width ; Required Width ; Type             ; Clock                       ; Clock Edge ; Target                              ;
+--------+--------------+----------------+------------------+-----------------------------+------------+-------------------------------------+
; -1.000 ; 1.000        ; 2.000          ; Min Period       ; VGA_SYNC:inst|vert_sync_out ; Rise       ; bouncy_ball:inst7|ball_y_motion[0]  ;
; -1.000 ; 1.000        ; 2.000          ; Min Period       ; VGA_SYNC:inst|vert_sync_out ; Rise       ; bouncy_ball:inst7|ball_y_pos[0]     ;
; -1.000 ; 1.000        ; 2.000          ; Min Period       ; VGA_SYNC:inst|vert_sync_out ; Rise       ; bouncy_ball:inst7|ball_y_pos[1]     ;
; -1.000 ; 1.000        ; 2.000          ; Min Period       ; VGA_SYNC:inst|vert_sync_out ; Rise       ; bouncy_ball:inst7|ball_y_pos[2]     ;
; -1.000 ; 1.000        ; 2.000          ; Min Period       ; VGA_SYNC:inst|vert_sync_out ; Rise       ; bouncy_ball:inst7|ball_y_pos[3]     ;
; -1.000 ; 1.000        ; 2.000          ; Min Period       ; VGA_SYNC:inst|vert_sync_out ; Rise       ; bouncy_ball:inst7|ball_y_pos[4]     ;
; -1.000 ; 1.000        ; 2.000          ; Min Period       ; VGA_SYNC:inst|vert_sync_out ; Rise       ; bouncy_ball:inst7|ball_y_pos[5]     ;
; -1.000 ; 1.000        ; 2.000          ; Min Period       ; VGA_SYNC:inst|vert_sync_out ; Rise       ; bouncy_ball:inst7|ball_y_pos[6]     ;
; -1.000 ; 1.000        ; 2.000          ; Min Period       ; VGA_SYNC:inst|vert_sync_out ; Rise       ; bouncy_ball:inst7|ball_y_pos[7]     ;
; -1.000 ; 1.000        ; 2.000          ; Min Period       ; VGA_SYNC:inst|vert_sync_out ; Rise       ; bouncy_ball:inst7|ball_y_pos[8]     ;
; -1.000 ; 1.000        ; 2.000          ; Min Period       ; VGA_SYNC:inst|vert_sync_out ; Rise       ; bouncy_ball:inst7|ball_y_pos[9]     ;
; -1.000 ; 1.000        ; 2.000          ; Min Period       ; VGA_SYNC:inst|vert_sync_out ; Rise       ; bouncy_ball:inst7|pipe_x_pos[0]     ;
; -1.000 ; 1.000        ; 2.000          ; Min Period       ; VGA_SYNC:inst|vert_sync_out ; Rise       ; bouncy_ball:inst7|pipe_x_pos[10]    ;
; -1.000 ; 1.000        ; 2.000          ; Min Period       ; VGA_SYNC:inst|vert_sync_out ; Rise       ; bouncy_ball:inst7|pipe_x_pos[1]     ;
; -1.000 ; 1.000        ; 2.000          ; Min Period       ; VGA_SYNC:inst|vert_sync_out ; Rise       ; bouncy_ball:inst7|pipe_x_pos[2]     ;
; -1.000 ; 1.000        ; 2.000          ; Min Period       ; VGA_SYNC:inst|vert_sync_out ; Rise       ; bouncy_ball:inst7|pipe_x_pos[3]     ;
; -1.000 ; 1.000        ; 2.000          ; Min Period       ; VGA_SYNC:inst|vert_sync_out ; Rise       ; bouncy_ball:inst7|pipe_x_pos[4]     ;
; -1.000 ; 1.000        ; 2.000          ; Min Period       ; VGA_SYNC:inst|vert_sync_out ; Rise       ; bouncy_ball:inst7|pipe_x_pos[5]     ;
; -1.000 ; 1.000        ; 2.000          ; Min Period       ; VGA_SYNC:inst|vert_sync_out ; Rise       ; bouncy_ball:inst7|pipe_x_pos[6]     ;
; -1.000 ; 1.000        ; 2.000          ; Min Period       ; VGA_SYNC:inst|vert_sync_out ; Rise       ; bouncy_ball:inst7|pipe_x_pos[7]     ;
; -1.000 ; 1.000        ; 2.000          ; Min Period       ; VGA_SYNC:inst|vert_sync_out ; Rise       ; bouncy_ball:inst7|pipe_x_pos[8]     ;
; -1.000 ; 1.000        ; 2.000          ; Min Period       ; VGA_SYNC:inst|vert_sync_out ; Rise       ; bouncy_ball:inst7|pipe_x_pos[9]     ;
; 0.238  ; 0.422        ; 0.184          ; Low Pulse Width  ; VGA_SYNC:inst|vert_sync_out ; Rise       ; bouncy_ball:inst7|ball_y_pos[9]     ;
; 0.240  ; 0.424        ; 0.184          ; Low Pulse Width  ; VGA_SYNC:inst|vert_sync_out ; Rise       ; bouncy_ball:inst7|pipe_x_pos[10]    ;
; 0.240  ; 0.424        ; 0.184          ; Low Pulse Width  ; VGA_SYNC:inst|vert_sync_out ; Rise       ; bouncy_ball:inst7|pipe_x_pos[8]     ;
; 0.240  ; 0.424        ; 0.184          ; Low Pulse Width  ; VGA_SYNC:inst|vert_sync_out ; Rise       ; bouncy_ball:inst7|pipe_x_pos[9]     ;
; 0.258  ; 0.442        ; 0.184          ; Low Pulse Width  ; VGA_SYNC:inst|vert_sync_out ; Rise       ; bouncy_ball:inst7|ball_y_motion[0]  ;
; 0.258  ; 0.442        ; 0.184          ; Low Pulse Width  ; VGA_SYNC:inst|vert_sync_out ; Rise       ; bouncy_ball:inst7|ball_y_pos[0]     ;
; 0.258  ; 0.442        ; 0.184          ; Low Pulse Width  ; VGA_SYNC:inst|vert_sync_out ; Rise       ; bouncy_ball:inst7|ball_y_pos[1]     ;
; 0.258  ; 0.442        ; 0.184          ; Low Pulse Width  ; VGA_SYNC:inst|vert_sync_out ; Rise       ; bouncy_ball:inst7|ball_y_pos[2]     ;
; 0.258  ; 0.442        ; 0.184          ; Low Pulse Width  ; VGA_SYNC:inst|vert_sync_out ; Rise       ; bouncy_ball:inst7|ball_y_pos[3]     ;
; 0.258  ; 0.442        ; 0.184          ; Low Pulse Width  ; VGA_SYNC:inst|vert_sync_out ; Rise       ; bouncy_ball:inst7|ball_y_pos[4]     ;
; 0.258  ; 0.442        ; 0.184          ; Low Pulse Width  ; VGA_SYNC:inst|vert_sync_out ; Rise       ; bouncy_ball:inst7|ball_y_pos[5]     ;
; 0.258  ; 0.442        ; 0.184          ; Low Pulse Width  ; VGA_SYNC:inst|vert_sync_out ; Rise       ; bouncy_ball:inst7|ball_y_pos[6]     ;
; 0.258  ; 0.442        ; 0.184          ; Low Pulse Width  ; VGA_SYNC:inst|vert_sync_out ; Rise       ; bouncy_ball:inst7|ball_y_pos[7]     ;
; 0.258  ; 0.442        ; 0.184          ; Low Pulse Width  ; VGA_SYNC:inst|vert_sync_out ; Rise       ; bouncy_ball:inst7|ball_y_pos[8]     ;
; 0.258  ; 0.442        ; 0.184          ; Low Pulse Width  ; VGA_SYNC:inst|vert_sync_out ; Rise       ; bouncy_ball:inst7|pipe_x_pos[0]     ;
; 0.258  ; 0.442        ; 0.184          ; Low Pulse Width  ; VGA_SYNC:inst|vert_sync_out ; Rise       ; bouncy_ball:inst7|pipe_x_pos[1]     ;
; 0.258  ; 0.442        ; 0.184          ; Low Pulse Width  ; VGA_SYNC:inst|vert_sync_out ; Rise       ; bouncy_ball:inst7|pipe_x_pos[2]     ;
; 0.258  ; 0.442        ; 0.184          ; Low Pulse Width  ; VGA_SYNC:inst|vert_sync_out ; Rise       ; bouncy_ball:inst7|pipe_x_pos[3]     ;
; 0.258  ; 0.442        ; 0.184          ; Low Pulse Width  ; VGA_SYNC:inst|vert_sync_out ; Rise       ; bouncy_ball:inst7|pipe_x_pos[4]     ;
; 0.258  ; 0.442        ; 0.184          ; Low Pulse Width  ; VGA_SYNC:inst|vert_sync_out ; Rise       ; bouncy_ball:inst7|pipe_x_pos[5]     ;
; 0.258  ; 0.442        ; 0.184          ; Low Pulse Width  ; VGA_SYNC:inst|vert_sync_out ; Rise       ; bouncy_ball:inst7|pipe_x_pos[6]     ;
; 0.258  ; 0.442        ; 0.184          ; Low Pulse Width  ; VGA_SYNC:inst|vert_sync_out ; Rise       ; bouncy_ball:inst7|pipe_x_pos[7]     ;
; 0.336  ; 0.552        ; 0.216          ; High Pulse Width ; VGA_SYNC:inst|vert_sync_out ; Rise       ; bouncy_ball:inst7|ball_y_motion[0]  ;
; 0.336  ; 0.552        ; 0.216          ; High Pulse Width ; VGA_SYNC:inst|vert_sync_out ; Rise       ; bouncy_ball:inst7|ball_y_pos[0]     ;
; 0.336  ; 0.552        ; 0.216          ; High Pulse Width ; VGA_SYNC:inst|vert_sync_out ; Rise       ; bouncy_ball:inst7|ball_y_pos[1]     ;
; 0.336  ; 0.552        ; 0.216          ; High Pulse Width ; VGA_SYNC:inst|vert_sync_out ; Rise       ; bouncy_ball:inst7|ball_y_pos[2]     ;
; 0.336  ; 0.552        ; 0.216          ; High Pulse Width ; VGA_SYNC:inst|vert_sync_out ; Rise       ; bouncy_ball:inst7|ball_y_pos[3]     ;
; 0.336  ; 0.552        ; 0.216          ; High Pulse Width ; VGA_SYNC:inst|vert_sync_out ; Rise       ; bouncy_ball:inst7|ball_y_pos[4]     ;
; 0.336  ; 0.552        ; 0.216          ; High Pulse Width ; VGA_SYNC:inst|vert_sync_out ; Rise       ; bouncy_ball:inst7|ball_y_pos[5]     ;
; 0.336  ; 0.552        ; 0.216          ; High Pulse Width ; VGA_SYNC:inst|vert_sync_out ; Rise       ; bouncy_ball:inst7|ball_y_pos[6]     ;
; 0.336  ; 0.552        ; 0.216          ; High Pulse Width ; VGA_SYNC:inst|vert_sync_out ; Rise       ; bouncy_ball:inst7|ball_y_pos[7]     ;
; 0.336  ; 0.552        ; 0.216          ; High Pulse Width ; VGA_SYNC:inst|vert_sync_out ; Rise       ; bouncy_ball:inst7|ball_y_pos[8]     ;
; 0.336  ; 0.552        ; 0.216          ; High Pulse Width ; VGA_SYNC:inst|vert_sync_out ; Rise       ; bouncy_ball:inst7|pipe_x_pos[0]     ;
; 0.336  ; 0.552        ; 0.216          ; High Pulse Width ; VGA_SYNC:inst|vert_sync_out ; Rise       ; bouncy_ball:inst7|pipe_x_pos[2]     ;
; 0.336  ; 0.552        ; 0.216          ; High Pulse Width ; VGA_SYNC:inst|vert_sync_out ; Rise       ; bouncy_ball:inst7|pipe_x_pos[3]     ;
; 0.336  ; 0.552        ; 0.216          ; High Pulse Width ; VGA_SYNC:inst|vert_sync_out ; Rise       ; bouncy_ball:inst7|pipe_x_pos[4]     ;
; 0.336  ; 0.552        ; 0.216          ; High Pulse Width ; VGA_SYNC:inst|vert_sync_out ; Rise       ; bouncy_ball:inst7|pipe_x_pos[5]     ;
; 0.336  ; 0.552        ; 0.216          ; High Pulse Width ; VGA_SYNC:inst|vert_sync_out ; Rise       ; bouncy_ball:inst7|pipe_x_pos[6]     ;
; 0.336  ; 0.552        ; 0.216          ; High Pulse Width ; VGA_SYNC:inst|vert_sync_out ; Rise       ; bouncy_ball:inst7|pipe_x_pos[7]     ;
; 0.337  ; 0.553        ; 0.216          ; High Pulse Width ; VGA_SYNC:inst|vert_sync_out ; Rise       ; bouncy_ball:inst7|pipe_x_pos[1]     ;
; 0.354  ; 0.570        ; 0.216          ; High Pulse Width ; VGA_SYNC:inst|vert_sync_out ; Rise       ; bouncy_ball:inst7|pipe_x_pos[10]    ;
; 0.354  ; 0.570        ; 0.216          ; High Pulse Width ; VGA_SYNC:inst|vert_sync_out ; Rise       ; bouncy_ball:inst7|pipe_x_pos[8]     ;
; 0.354  ; 0.570        ; 0.216          ; High Pulse Width ; VGA_SYNC:inst|vert_sync_out ; Rise       ; bouncy_ball:inst7|pipe_x_pos[9]     ;
; 0.356  ; 0.572        ; 0.216          ; High Pulse Width ; VGA_SYNC:inst|vert_sync_out ; Rise       ; bouncy_ball:inst7|ball_y_pos[9]     ;
; 0.400  ; 0.400        ; 0.000          ; Low Pulse Width  ; VGA_SYNC:inst|vert_sync_out ; Rise       ; inst7|ball_y_pos[9]|clk             ;
; 0.402  ; 0.402        ; 0.000          ; Low Pulse Width  ; VGA_SYNC:inst|vert_sync_out ; Rise       ; inst7|pipe_x_pos[10]|clk            ;
; 0.402  ; 0.402        ; 0.000          ; Low Pulse Width  ; VGA_SYNC:inst|vert_sync_out ; Rise       ; inst7|pipe_x_pos[8]|clk             ;
; 0.402  ; 0.402        ; 0.000          ; Low Pulse Width  ; VGA_SYNC:inst|vert_sync_out ; Rise       ; inst7|pipe_x_pos[9]|clk             ;
; 0.420  ; 0.420        ; 0.000          ; Low Pulse Width  ; VGA_SYNC:inst|vert_sync_out ; Rise       ; inst7|ball_y_motion[0]|clk          ;
; 0.420  ; 0.420        ; 0.000          ; Low Pulse Width  ; VGA_SYNC:inst|vert_sync_out ; Rise       ; inst7|ball_y_pos[0]|clk             ;
; 0.420  ; 0.420        ; 0.000          ; Low Pulse Width  ; VGA_SYNC:inst|vert_sync_out ; Rise       ; inst7|ball_y_pos[1]|clk             ;
; 0.420  ; 0.420        ; 0.000          ; Low Pulse Width  ; VGA_SYNC:inst|vert_sync_out ; Rise       ; inst7|ball_y_pos[2]|clk             ;
; 0.420  ; 0.420        ; 0.000          ; Low Pulse Width  ; VGA_SYNC:inst|vert_sync_out ; Rise       ; inst7|ball_y_pos[3]|clk             ;
; 0.420  ; 0.420        ; 0.000          ; Low Pulse Width  ; VGA_SYNC:inst|vert_sync_out ; Rise       ; inst7|ball_y_pos[4]|clk             ;
; 0.420  ; 0.420        ; 0.000          ; Low Pulse Width  ; VGA_SYNC:inst|vert_sync_out ; Rise       ; inst7|ball_y_pos[5]|clk             ;
; 0.420  ; 0.420        ; 0.000          ; Low Pulse Width  ; VGA_SYNC:inst|vert_sync_out ; Rise       ; inst7|ball_y_pos[6]|clk             ;
; 0.420  ; 0.420        ; 0.000          ; Low Pulse Width  ; VGA_SYNC:inst|vert_sync_out ; Rise       ; inst7|ball_y_pos[7]|clk             ;
; 0.420  ; 0.420        ; 0.000          ; Low Pulse Width  ; VGA_SYNC:inst|vert_sync_out ; Rise       ; inst7|ball_y_pos[8]|clk             ;
; 0.420  ; 0.420        ; 0.000          ; Low Pulse Width  ; VGA_SYNC:inst|vert_sync_out ; Rise       ; inst7|pipe_x_pos[0]|clk             ;
; 0.420  ; 0.420        ; 0.000          ; Low Pulse Width  ; VGA_SYNC:inst|vert_sync_out ; Rise       ; inst7|pipe_x_pos[1]|clk             ;
; 0.420  ; 0.420        ; 0.000          ; Low Pulse Width  ; VGA_SYNC:inst|vert_sync_out ; Rise       ; inst7|pipe_x_pos[2]|clk             ;
; 0.420  ; 0.420        ; 0.000          ; Low Pulse Width  ; VGA_SYNC:inst|vert_sync_out ; Rise       ; inst7|pipe_x_pos[3]|clk             ;
; 0.420  ; 0.420        ; 0.000          ; Low Pulse Width  ; VGA_SYNC:inst|vert_sync_out ; Rise       ; inst7|pipe_x_pos[4]|clk             ;
; 0.420  ; 0.420        ; 0.000          ; Low Pulse Width  ; VGA_SYNC:inst|vert_sync_out ; Rise       ; inst7|pipe_x_pos[5]|clk             ;
; 0.420  ; 0.420        ; 0.000          ; Low Pulse Width  ; VGA_SYNC:inst|vert_sync_out ; Rise       ; inst7|pipe_x_pos[6]|clk             ;
; 0.420  ; 0.420        ; 0.000          ; Low Pulse Width  ; VGA_SYNC:inst|vert_sync_out ; Rise       ; inst7|pipe_x_pos[7]|clk             ;
; 0.429  ; 0.429        ; 0.000          ; Low Pulse Width  ; VGA_SYNC:inst|vert_sync_out ; Rise       ; inst|vert_sync_out~clkctrl|inclk[0] ;
; 0.429  ; 0.429        ; 0.000          ; Low Pulse Width  ; VGA_SYNC:inst|vert_sync_out ; Rise       ; inst|vert_sync_out~clkctrl|outclk   ;
; 0.500  ; 0.500        ; 0.000          ; High Pulse Width ; VGA_SYNC:inst|vert_sync_out ; Rise       ; inst|vert_sync_out|q                ;
; 0.500  ; 0.500        ; 0.000          ; Low Pulse Width  ; VGA_SYNC:inst|vert_sync_out ; Rise       ; inst|vert_sync_out|q                ;
; 0.568  ; 0.568        ; 0.000          ; High Pulse Width ; VGA_SYNC:inst|vert_sync_out ; Rise       ; inst|vert_sync_out~clkctrl|inclk[0] ;
; 0.568  ; 0.568        ; 0.000          ; High Pulse Width ; VGA_SYNC:inst|vert_sync_out ; Rise       ; inst|vert_sync_out~clkctrl|outclk   ;
; 0.576  ; 0.576        ; 0.000          ; High Pulse Width ; VGA_SYNC:inst|vert_sync_out ; Rise       ; inst7|ball_y_motion[0]|clk          ;
; 0.576  ; 0.576        ; 0.000          ; High Pulse Width ; VGA_SYNC:inst|vert_sync_out ; Rise       ; inst7|ball_y_pos[0]|clk             ;
; 0.576  ; 0.576        ; 0.000          ; High Pulse Width ; VGA_SYNC:inst|vert_sync_out ; Rise       ; inst7|ball_y_pos[1]|clk             ;
; 0.576  ; 0.576        ; 0.000          ; High Pulse Width ; VGA_SYNC:inst|vert_sync_out ; Rise       ; inst7|ball_y_pos[2]|clk             ;
; 0.576  ; 0.576        ; 0.000          ; High Pulse Width ; VGA_SYNC:inst|vert_sync_out ; Rise       ; inst7|ball_y_pos[3]|clk             ;
; 0.576  ; 0.576        ; 0.000          ; High Pulse Width ; VGA_SYNC:inst|vert_sync_out ; Rise       ; inst7|ball_y_pos[4]|clk             ;
+--------+--------------+----------------+------------------+-----------------------------+------------+-------------------------------------+


+----------------------------------------------------------------------------------------------------------------------------------------------+
; Slow 1200mV 85C Model Minimum Pulse Width: 'clk'                                                                                             ;
+--------+--------------+----------------+------------------+-------+------------+-------------------------------------------------------------+
; Slack  ; Actual Width ; Required Width ; Type             ; Clock ; Clock Edge ; Target                                                      ;
+--------+--------------+----------------+------------------+-------+------------+-------------------------------------------------------------+
; 9.825  ; 9.825        ; 0.000          ; Low Pulse Width  ; clk   ; Rise       ; inst2|altpll_component|auto_generated|pll1|clk[0]           ;
; 9.825  ; 9.825        ; 0.000          ; Low Pulse Width  ; clk   ; Rise       ; inst2|altpll_component|auto_generated|pll1|observablevcoout ;
; 9.839  ; 9.839        ; 0.000          ; Low Pulse Width  ; clk   ; Rise       ; clk~input|o                                                 ;
; 9.860  ; 9.860        ; 0.000          ; Low Pulse Width  ; clk   ; Rise       ; inst2|altpll_component|auto_generated|pll1|inclk[0]         ;
; 10.000 ; 10.000       ; 0.000          ; High Pulse Width ; clk   ; Rise       ; clk~input|i                                                 ;
; 10.000 ; 10.000       ; 0.000          ; Low Pulse Width  ; clk   ; Rise       ; clk~input|i                                                 ;
; 10.140 ; 10.140       ; 0.000          ; High Pulse Width ; clk   ; Rise       ; inst2|altpll_component|auto_generated|pll1|inclk[0]         ;
; 10.161 ; 10.161       ; 0.000          ; High Pulse Width ; clk   ; Rise       ; clk~input|o                                                 ;
; 10.173 ; 10.173       ; 0.000          ; High Pulse Width ; clk   ; Rise       ; inst2|altpll_component|auto_generated|pll1|clk[0]           ;
; 10.173 ; 10.173       ; 0.000          ; High Pulse Width ; clk   ; Rise       ; inst2|altpll_component|auto_generated|pll1|observablevcoout ;
; 16.000 ; 20.000       ; 4.000          ; Port Rate        ; clk   ; Rise       ; clk                                                         ;
+--------+--------------+----------------+------------------+-------+------------+-------------------------------------------------------------+


+--------------------------------------------------------------------------------------------------------------------------------------------------------------------------------------------------------------------------------------------+
; Slow 1200mV 85C Model Minimum Pulse Width: 'inst2|altpll_component|auto_generated|pll1|clk[0]'                                                                                                                                             ;
+--------+--------------+----------------+------------------+---------------------------------------------------+------------+---------------------------------------------------------------------------------------------------------------+
; Slack  ; Actual Width ; Required Width ; Type             ; Clock                                             ; Clock Edge ; Target                                                                                                        ;
+--------+--------------+----------------+------------------+---------------------------------------------------+------------+---------------------------------------------------------------------------------------------------------------+
; 19.736 ; 19.966       ; 0.230          ; Low Pulse Width  ; inst2|altpll_component|auto_generated|pll1|clk[0] ; Rise       ; char_rom:inst6|altsyncram:altsyncram_component|altsyncram_kt91:auto_generated|ram_block1a0~porta_address_reg0 ;
; 19.755 ; 19.971       ; 0.216          ; High Pulse Width ; inst2|altpll_component|auto_generated|pll1|clk[0] ; Rise       ; VGA_SYNC:inst|h_count[0]                                                                                      ;
; 19.755 ; 19.971       ; 0.216          ; High Pulse Width ; inst2|altpll_component|auto_generated|pll1|clk[0] ; Rise       ; VGA_SYNC:inst|h_count[1]                                                                                      ;
; 19.755 ; 19.971       ; 0.216          ; High Pulse Width ; inst2|altpll_component|auto_generated|pll1|clk[0] ; Rise       ; VGA_SYNC:inst|h_count[2]                                                                                      ;
; 19.755 ; 19.971       ; 0.216          ; High Pulse Width ; inst2|altpll_component|auto_generated|pll1|clk[0] ; Rise       ; VGA_SYNC:inst|h_count[3]                                                                                      ;
; 19.755 ; 19.971       ; 0.216          ; High Pulse Width ; inst2|altpll_component|auto_generated|pll1|clk[0] ; Rise       ; VGA_SYNC:inst|h_count[4]                                                                                      ;
; 19.755 ; 19.971       ; 0.216          ; High Pulse Width ; inst2|altpll_component|auto_generated|pll1|clk[0] ; Rise       ; VGA_SYNC:inst|h_count[6]                                                                                      ;
; 19.755 ; 19.971       ; 0.216          ; High Pulse Width ; inst2|altpll_component|auto_generated|pll1|clk[0] ; Rise       ; VGA_SYNC:inst|h_count[7]                                                                                      ;
; 19.755 ; 19.971       ; 0.216          ; High Pulse Width ; inst2|altpll_component|auto_generated|pll1|clk[0] ; Rise       ; VGA_SYNC:inst|horiz_sync_out                                                                                  ;
; 19.755 ; 19.971       ; 0.216          ; High Pulse Width ; inst2|altpll_component|auto_generated|pll1|clk[0] ; Rise       ; VGA_SYNC:inst|pixel_column[1]                                                                                 ;
; 19.755 ; 19.971       ; 0.216          ; High Pulse Width ; inst2|altpll_component|auto_generated|pll1|clk[0] ; Rise       ; VGA_SYNC:inst|pixel_row[0]                                                                                    ;
; 19.755 ; 19.971       ; 0.216          ; High Pulse Width ; inst2|altpll_component|auto_generated|pll1|clk[0] ; Rise       ; VGA_SYNC:inst|pixel_row[3]                                                                                    ;
; 19.755 ; 19.971       ; 0.216          ; High Pulse Width ; inst2|altpll_component|auto_generated|pll1|clk[0] ; Rise       ; VGA_SYNC:inst|pixel_row[4]                                                                                    ;
; 19.755 ; 19.971       ; 0.216          ; High Pulse Width ; inst2|altpll_component|auto_generated|pll1|clk[0] ; Rise       ; VGA_SYNC:inst|pixel_row[5]                                                                                    ;
; 19.755 ; 19.971       ; 0.216          ; High Pulse Width ; inst2|altpll_component|auto_generated|pll1|clk[0] ; Rise       ; VGA_SYNC:inst|pixel_row[6]                                                                                    ;
; 19.755 ; 19.971       ; 0.216          ; High Pulse Width ; inst2|altpll_component|auto_generated|pll1|clk[0] ; Rise       ; VGA_SYNC:inst|pixel_row[7]                                                                                    ;
; 19.755 ; 19.971       ; 0.216          ; High Pulse Width ; inst2|altpll_component|auto_generated|pll1|clk[0] ; Rise       ; VGA_SYNC:inst|pixel_row[8]                                                                                    ;
; 19.755 ; 19.971       ; 0.216          ; High Pulse Width ; inst2|altpll_component|auto_generated|pll1|clk[0] ; Rise       ; VGA_SYNC:inst|v_count[2]                                                                                      ;
; 19.755 ; 19.971       ; 0.216          ; High Pulse Width ; inst2|altpll_component|auto_generated|pll1|clk[0] ; Rise       ; VGA_SYNC:inst|v_count[3]                                                                                      ;
; 19.755 ; 19.971       ; 0.216          ; High Pulse Width ; inst2|altpll_component|auto_generated|pll1|clk[0] ; Rise       ; VGA_SYNC:inst|v_count[6]                                                                                      ;
; 19.755 ; 19.971       ; 0.216          ; High Pulse Width ; inst2|altpll_component|auto_generated|pll1|clk[0] ; Rise       ; VGA_SYNC:inst|v_count[7]                                                                                      ;
; 19.755 ; 19.971       ; 0.216          ; High Pulse Width ; inst2|altpll_component|auto_generated|pll1|clk[0] ; Rise       ; VGA_SYNC:inst|v_count[8]                                                                                      ;
; 19.755 ; 19.971       ; 0.216          ; High Pulse Width ; inst2|altpll_component|auto_generated|pll1|clk[0] ; Rise       ; VGA_SYNC:inst|v_count[9]                                                                                      ;
; 19.755 ; 19.971       ; 0.216          ; High Pulse Width ; inst2|altpll_component|auto_generated|pll1|clk[0] ; Rise       ; VGA_SYNC:inst|vert_sync_out                                                                                   ;
; 19.756 ; 19.972       ; 0.216          ; High Pulse Width ; inst2|altpll_component|auto_generated|pll1|clk[0] ; Rise       ; VGA_SYNC:inst|h_count[5]                                                                                      ;
; 19.756 ; 19.972       ; 0.216          ; High Pulse Width ; inst2|altpll_component|auto_generated|pll1|clk[0] ; Rise       ; VGA_SYNC:inst|h_count[8]                                                                                      ;
; 19.756 ; 19.972       ; 0.216          ; High Pulse Width ; inst2|altpll_component|auto_generated|pll1|clk[0] ; Rise       ; VGA_SYNC:inst|h_count[9]                                                                                      ;
; 19.756 ; 19.972       ; 0.216          ; High Pulse Width ; inst2|altpll_component|auto_generated|pll1|clk[0] ; Rise       ; VGA_SYNC:inst|horiz_sync                                                                                      ;
; 19.756 ; 19.972       ; 0.216          ; High Pulse Width ; inst2|altpll_component|auto_generated|pll1|clk[0] ; Rise       ; VGA_SYNC:inst|pixel_column[0]                                                                                 ;
; 19.756 ; 19.972       ; 0.216          ; High Pulse Width ; inst2|altpll_component|auto_generated|pll1|clk[0] ; Rise       ; VGA_SYNC:inst|pixel_column[2]                                                                                 ;
; 19.756 ; 19.972       ; 0.216          ; High Pulse Width ; inst2|altpll_component|auto_generated|pll1|clk[0] ; Rise       ; VGA_SYNC:inst|pixel_column[3]                                                                                 ;
; 19.756 ; 19.972       ; 0.216          ; High Pulse Width ; inst2|altpll_component|auto_generated|pll1|clk[0] ; Rise       ; VGA_SYNC:inst|pixel_column[4]                                                                                 ;
; 19.756 ; 19.972       ; 0.216          ; High Pulse Width ; inst2|altpll_component|auto_generated|pll1|clk[0] ; Rise       ; VGA_SYNC:inst|pixel_column[5]                                                                                 ;
; 19.756 ; 19.972       ; 0.216          ; High Pulse Width ; inst2|altpll_component|auto_generated|pll1|clk[0] ; Rise       ; VGA_SYNC:inst|pixel_column[6]                                                                                 ;
; 19.756 ; 19.972       ; 0.216          ; High Pulse Width ; inst2|altpll_component|auto_generated|pll1|clk[0] ; Rise       ; VGA_SYNC:inst|pixel_column[7]                                                                                 ;
; 19.756 ; 19.972       ; 0.216          ; High Pulse Width ; inst2|altpll_component|auto_generated|pll1|clk[0] ; Rise       ; VGA_SYNC:inst|pixel_column[8]                                                                                 ;
; 19.756 ; 19.972       ; 0.216          ; High Pulse Width ; inst2|altpll_component|auto_generated|pll1|clk[0] ; Rise       ; VGA_SYNC:inst|pixel_column[9]                                                                                 ;
; 19.756 ; 19.972       ; 0.216          ; High Pulse Width ; inst2|altpll_component|auto_generated|pll1|clk[0] ; Rise       ; VGA_SYNC:inst|pixel_row[1]                                                                                    ;
; 19.756 ; 19.972       ; 0.216          ; High Pulse Width ; inst2|altpll_component|auto_generated|pll1|clk[0] ; Rise       ; VGA_SYNC:inst|pixel_row[2]                                                                                    ;
; 19.756 ; 19.972       ; 0.216          ; High Pulse Width ; inst2|altpll_component|auto_generated|pll1|clk[0] ; Rise       ; VGA_SYNC:inst|v_count[0]                                                                                      ;
; 19.756 ; 19.972       ; 0.216          ; High Pulse Width ; inst2|altpll_component|auto_generated|pll1|clk[0] ; Rise       ; VGA_SYNC:inst|v_count[1]                                                                                      ;
; 19.756 ; 19.972       ; 0.216          ; High Pulse Width ; inst2|altpll_component|auto_generated|pll1|clk[0] ; Rise       ; VGA_SYNC:inst|v_count[4]                                                                                      ;
; 19.756 ; 19.972       ; 0.216          ; High Pulse Width ; inst2|altpll_component|auto_generated|pll1|clk[0] ; Rise       ; VGA_SYNC:inst|v_count[5]                                                                                      ;
; 19.756 ; 19.972       ; 0.216          ; High Pulse Width ; inst2|altpll_component|auto_generated|pll1|clk[0] ; Rise       ; VGA_SYNC:inst|vert_sync                                                                                       ;
; 19.756 ; 19.972       ; 0.216          ; High Pulse Width ; inst2|altpll_component|auto_generated|pll1|clk[0] ; Rise       ; VGA_SYNC:inst|video_on_v                                                                                      ;
; 19.773 ; 19.989       ; 0.216          ; High Pulse Width ; inst2|altpll_component|auto_generated|pll1|clk[0] ; Rise       ; VGA_SYNC:inst|green_out                                                                                       ;
; 19.773 ; 19.989       ; 0.216          ; High Pulse Width ; inst2|altpll_component|auto_generated|pll1|clk[0] ; Rise       ; VGA_SYNC:inst|video_on_h                                                                                      ;
; 19.775 ; 19.991       ; 0.216          ; High Pulse Width ; inst2|altpll_component|auto_generated|pll1|clk[0] ; Rise       ; VGA_SYNC:inst|blue_out                                                                                        ;
; 19.775 ; 19.991       ; 0.216          ; High Pulse Width ; inst2|altpll_component|auto_generated|pll1|clk[0] ; Rise       ; VGA_SYNC:inst|red_out                                                                                         ;
; 19.789 ; 20.019       ; 0.230          ; High Pulse Width ; inst2|altpll_component|auto_generated|pll1|clk[0] ; Rise       ; char_rom:inst6|altsyncram:altsyncram_component|altsyncram_kt91:auto_generated|ram_block1a0~porta_address_reg0 ;
; 19.795 ; 20.011       ; 0.216          ; High Pulse Width ; inst2|altpll_component|auto_generated|pll1|clk[0] ; Fall       ; char_rom:inst6|character_address[0]                                                                           ;
; 19.795 ; 20.011       ; 0.216          ; High Pulse Width ; inst2|altpll_component|auto_generated|pll1|clk[0] ; Fall       ; char_rom:inst6|character_address[1]                                                                           ;
; 19.795 ; 20.011       ; 0.216          ; High Pulse Width ; inst2|altpll_component|auto_generated|pll1|clk[0] ; Fall       ; char_rom:inst6|character_address[2]                                                                           ;
; 19.795 ; 20.011       ; 0.216          ; High Pulse Width ; inst2|altpll_component|auto_generated|pll1|clk[0] ; Fall       ; char_rom:inst6|character_address[3]                                                                           ;
; 19.795 ; 20.011       ; 0.216          ; High Pulse Width ; inst2|altpll_component|auto_generated|pll1|clk[0] ; Fall       ; char_rom:inst6|character_address[4]                                                                           ;
; 19.795 ; 20.011       ; 0.216          ; High Pulse Width ; inst2|altpll_component|auto_generated|pll1|clk[0] ; Fall       ; char_rom:inst6|mode                                                                                           ;
; 19.795 ; 20.011       ; 0.216          ; High Pulse Width ; inst2|altpll_component|auto_generated|pll1|clk[0] ; Fall       ; char_rom:inst6|rom_address[0]                                                                                 ;
; 19.795 ; 20.011       ; 0.216          ; High Pulse Width ; inst2|altpll_component|auto_generated|pll1|clk[0] ; Fall       ; char_rom:inst6|rom_address[1]                                                                                 ;
; 19.795 ; 20.011       ; 0.216          ; High Pulse Width ; inst2|altpll_component|auto_generated|pll1|clk[0] ; Fall       ; char_rom:inst6|rom_address[2]                                                                                 ;
; 19.795 ; 20.011       ; 0.216          ; High Pulse Width ; inst2|altpll_component|auto_generated|pll1|clk[0] ; Fall       ; char_rom:inst6|rom_address[3]                                                                                 ;
; 19.795 ; 20.011       ; 0.216          ; High Pulse Width ; inst2|altpll_component|auto_generated|pll1|clk[0] ; Fall       ; char_rom:inst6|rom_address[4]                                                                                 ;
; 19.795 ; 20.011       ; 0.216          ; High Pulse Width ; inst2|altpll_component|auto_generated|pll1|clk[0] ; Fall       ; char_rom:inst6|rom_address[5]                                                                                 ;
; 19.795 ; 20.011       ; 0.216          ; High Pulse Width ; inst2|altpll_component|auto_generated|pll1|clk[0] ; Fall       ; char_rom:inst6|rom_address[6]                                                                                 ;
; 19.795 ; 20.011       ; 0.216          ; High Pulse Width ; inst2|altpll_component|auto_generated|pll1|clk[0] ; Fall       ; char_rom:inst6|rom_address[7]                                                                                 ;
; 19.795 ; 20.011       ; 0.216          ; High Pulse Width ; inst2|altpll_component|auto_generated|pll1|clk[0] ; Fall       ; char_rom:inst6|rom_mux_output                                                                                 ;
; 19.795 ; 20.011       ; 0.216          ; High Pulse Width ; inst2|altpll_component|auto_generated|pll1|clk[0] ; Fall       ; char_rom:inst6|start_Play                                                                                     ;
; 19.801 ; 19.985       ; 0.184          ; Low Pulse Width  ; inst2|altpll_component|auto_generated|pll1|clk[0] ; Fall       ; char_rom:inst6|mode                                                                                           ;
; 19.801 ; 19.985       ; 0.184          ; Low Pulse Width  ; inst2|altpll_component|auto_generated|pll1|clk[0] ; Fall       ; char_rom:inst6|rom_mux_output                                                                                 ;
; 19.801 ; 19.985       ; 0.184          ; Low Pulse Width  ; inst2|altpll_component|auto_generated|pll1|clk[0] ; Fall       ; char_rom:inst6|start_Play                                                                                     ;
; 19.802 ; 19.986       ; 0.184          ; Low Pulse Width  ; inst2|altpll_component|auto_generated|pll1|clk[0] ; Fall       ; char_rom:inst6|character_address[0]                                                                           ;
; 19.802 ; 19.986       ; 0.184          ; Low Pulse Width  ; inst2|altpll_component|auto_generated|pll1|clk[0] ; Fall       ; char_rom:inst6|character_address[1]                                                                           ;
; 19.802 ; 19.986       ; 0.184          ; Low Pulse Width  ; inst2|altpll_component|auto_generated|pll1|clk[0] ; Fall       ; char_rom:inst6|character_address[2]                                                                           ;
; 19.802 ; 19.986       ; 0.184          ; Low Pulse Width  ; inst2|altpll_component|auto_generated|pll1|clk[0] ; Fall       ; char_rom:inst6|character_address[3]                                                                           ;
; 19.802 ; 19.986       ; 0.184          ; Low Pulse Width  ; inst2|altpll_component|auto_generated|pll1|clk[0] ; Fall       ; char_rom:inst6|character_address[4]                                                                           ;
; 19.802 ; 19.986       ; 0.184          ; Low Pulse Width  ; inst2|altpll_component|auto_generated|pll1|clk[0] ; Fall       ; char_rom:inst6|rom_address[0]                                                                                 ;
; 19.802 ; 19.986       ; 0.184          ; Low Pulse Width  ; inst2|altpll_component|auto_generated|pll1|clk[0] ; Fall       ; char_rom:inst6|rom_address[1]                                                                                 ;
; 19.802 ; 19.986       ; 0.184          ; Low Pulse Width  ; inst2|altpll_component|auto_generated|pll1|clk[0] ; Fall       ; char_rom:inst6|rom_address[2]                                                                                 ;
; 19.802 ; 19.986       ; 0.184          ; Low Pulse Width  ; inst2|altpll_component|auto_generated|pll1|clk[0] ; Fall       ; char_rom:inst6|rom_address[3]                                                                                 ;
; 19.802 ; 19.986       ; 0.184          ; Low Pulse Width  ; inst2|altpll_component|auto_generated|pll1|clk[0] ; Fall       ; char_rom:inst6|rom_address[4]                                                                                 ;
; 19.802 ; 19.986       ; 0.184          ; Low Pulse Width  ; inst2|altpll_component|auto_generated|pll1|clk[0] ; Fall       ; char_rom:inst6|rom_address[5]                                                                                 ;
; 19.802 ; 19.986       ; 0.184          ; Low Pulse Width  ; inst2|altpll_component|auto_generated|pll1|clk[0] ; Fall       ; char_rom:inst6|rom_address[6]                                                                                 ;
; 19.802 ; 19.986       ; 0.184          ; Low Pulse Width  ; inst2|altpll_component|auto_generated|pll1|clk[0] ; Fall       ; char_rom:inst6|rom_address[7]                                                                                 ;
; 19.823 ; 20.007       ; 0.184          ; Low Pulse Width  ; inst2|altpll_component|auto_generated|pll1|clk[0] ; Rise       ; VGA_SYNC:inst|blue_out                                                                                        ;
; 19.823 ; 20.007       ; 0.184          ; Low Pulse Width  ; inst2|altpll_component|auto_generated|pll1|clk[0] ; Rise       ; VGA_SYNC:inst|red_out                                                                                         ;
; 19.825 ; 20.009       ; 0.184          ; Low Pulse Width  ; inst2|altpll_component|auto_generated|pll1|clk[0] ; Rise       ; VGA_SYNC:inst|green_out                                                                                       ;
; 19.825 ; 20.009       ; 0.184          ; Low Pulse Width  ; inst2|altpll_component|auto_generated|pll1|clk[0] ; Rise       ; VGA_SYNC:inst|video_on_h                                                                                      ;
; 19.843 ; 20.027       ; 0.184          ; Low Pulse Width  ; inst2|altpll_component|auto_generated|pll1|clk[0] ; Rise       ; VGA_SYNC:inst|h_count[5]                                                                                      ;
; 19.843 ; 20.027       ; 0.184          ; Low Pulse Width  ; inst2|altpll_component|auto_generated|pll1|clk[0] ; Rise       ; VGA_SYNC:inst|h_count[8]                                                                                      ;
; 19.843 ; 20.027       ; 0.184          ; Low Pulse Width  ; inst2|altpll_component|auto_generated|pll1|clk[0] ; Rise       ; VGA_SYNC:inst|h_count[9]                                                                                      ;
; 19.843 ; 20.027       ; 0.184          ; Low Pulse Width  ; inst2|altpll_component|auto_generated|pll1|clk[0] ; Rise       ; VGA_SYNC:inst|horiz_sync                                                                                      ;
; 19.843 ; 20.027       ; 0.184          ; Low Pulse Width  ; inst2|altpll_component|auto_generated|pll1|clk[0] ; Rise       ; VGA_SYNC:inst|horiz_sync_out                                                                                  ;
; 19.843 ; 20.027       ; 0.184          ; Low Pulse Width  ; inst2|altpll_component|auto_generated|pll1|clk[0] ; Rise       ; VGA_SYNC:inst|pixel_column[2]                                                                                 ;
; 19.843 ; 20.027       ; 0.184          ; Low Pulse Width  ; inst2|altpll_component|auto_generated|pll1|clk[0] ; Rise       ; VGA_SYNC:inst|pixel_column[3]                                                                                 ;
; 19.843 ; 20.027       ; 0.184          ; Low Pulse Width  ; inst2|altpll_component|auto_generated|pll1|clk[0] ; Rise       ; VGA_SYNC:inst|pixel_column[4]                                                                                 ;
; 19.843 ; 20.027       ; 0.184          ; Low Pulse Width  ; inst2|altpll_component|auto_generated|pll1|clk[0] ; Rise       ; VGA_SYNC:inst|pixel_column[5]                                                                                 ;
; 19.843 ; 20.027       ; 0.184          ; Low Pulse Width  ; inst2|altpll_component|auto_generated|pll1|clk[0] ; Rise       ; VGA_SYNC:inst|pixel_column[6]                                                                                 ;
; 19.843 ; 20.027       ; 0.184          ; Low Pulse Width  ; inst2|altpll_component|auto_generated|pll1|clk[0] ; Rise       ; VGA_SYNC:inst|pixel_column[7]                                                                                 ;
; 19.843 ; 20.027       ; 0.184          ; Low Pulse Width  ; inst2|altpll_component|auto_generated|pll1|clk[0] ; Rise       ; VGA_SYNC:inst|pixel_column[8]                                                                                 ;
; 19.843 ; 20.027       ; 0.184          ; Low Pulse Width  ; inst2|altpll_component|auto_generated|pll1|clk[0] ; Rise       ; VGA_SYNC:inst|pixel_column[9]                                                                                 ;
; 19.843 ; 20.027       ; 0.184          ; Low Pulse Width  ; inst2|altpll_component|auto_generated|pll1|clk[0] ; Rise       ; VGA_SYNC:inst|pixel_row[1]                                                                                    ;
+--------+--------------+----------------+------------------+---------------------------------------------------+------------+---------------------------------------------------------------------------------------------------------------+


+---------------------------------------------------------------------------------------------------------+
; Setup Times                                                                                             ;
+-----------+------------+-------+-------+------------+---------------------------------------------------+
; Data Port ; Clock Port ; Rise  ; Fall  ; Clock Edge ; Clock Reference                                   ;
+-----------+------------+-------+-------+------------+---------------------------------------------------+
; game      ; clk        ; 7.242 ; 7.739 ; Fall       ; inst2|altpll_component|auto_generated|pll1|clk[0] ;
; pb0       ; clk        ; 8.116 ; 8.580 ; Fall       ; inst2|altpll_component|auto_generated|pll1|clk[0] ;
; training  ; clk        ; 7.552 ; 8.024 ; Fall       ; inst2|altpll_component|auto_generated|pll1|clk[0] ;
+-----------+------------+-------+-------+------------+---------------------------------------------------+


+-----------------------------------------------------------------------------------------------------------+
; Hold Times                                                                                                ;
+-----------+------------+--------+--------+------------+---------------------------------------------------+
; Data Port ; Clock Port ; Rise   ; Fall   ; Clock Edge ; Clock Reference                                   ;
+-----------+------------+--------+--------+------------+---------------------------------------------------+
; game      ; clk        ; -3.981 ; -4.440 ; Fall       ; inst2|altpll_component|auto_generated|pll1|clk[0] ;
; pb0       ; clk        ; -3.822 ; -4.275 ; Fall       ; inst2|altpll_component|auto_generated|pll1|clk[0] ;
; training  ; clk        ; -4.250 ; -4.739 ; Fall       ; inst2|altpll_component|auto_generated|pll1|clk[0] ;
+-----------+------------+--------+--------+------------+---------------------------------------------------+


+-------------------------------------------------------------------------------------------------------------------------------+
; Clock to Output Times                                                                                                         ;
+----------------+-----------------------------+-------+-------+------------+---------------------------------------------------+
; Data Port      ; Clock Port                  ; Rise  ; Fall  ; Clock Edge ; Clock Reference                                   ;
+----------------+-----------------------------+-------+-------+------------+---------------------------------------------------+
; vert_sync_out  ; VGA_SYNC:inst|vert_sync_out ; 4.006 ;       ; Rise       ; VGA_SYNC:inst|vert_sync_out                       ;
; vert_sync_out  ; VGA_SYNC:inst|vert_sync_out ;       ; 4.114 ; Fall       ; VGA_SYNC:inst|vert_sync_out                       ;
; blue_out       ; clk                         ; 4.938 ; 4.947 ; Rise       ; inst2|altpll_component|auto_generated|pll1|clk[0] ;
; green_out      ; clk                         ; 4.623 ; 4.633 ; Rise       ; inst2|altpll_component|auto_generated|pll1|clk[0] ;
; horiz_sync_out ; clk                         ; 3.100 ; 3.123 ; Rise       ; inst2|altpll_component|auto_generated|pll1|clk[0] ;
; red_out        ; clk                         ; 4.715 ; 4.770 ; Rise       ; inst2|altpll_component|auto_generated|pll1|clk[0] ;
+----------------+-----------------------------+-------+-------+------------+---------------------------------------------------+


+-------------------------------------------------------------------------------------------------------------------------------+
; Minimum Clock to Output Times                                                                                                 ;
+----------------+-----------------------------+-------+-------+------------+---------------------------------------------------+
; Data Port      ; Clock Port                  ; Rise  ; Fall  ; Clock Edge ; Clock Reference                                   ;
+----------------+-----------------------------+-------+-------+------------+---------------------------------------------------+
; vert_sync_out  ; VGA_SYNC:inst|vert_sync_out ; 3.935 ;       ; Rise       ; VGA_SYNC:inst|vert_sync_out                       ;
; vert_sync_out  ; VGA_SYNC:inst|vert_sync_out ;       ; 4.038 ; Fall       ; VGA_SYNC:inst|vert_sync_out                       ;
; blue_out       ; clk                         ; 4.450 ; 4.460 ; Rise       ; inst2|altpll_component|auto_generated|pll1|clk[0] ;
; green_out      ; clk                         ; 4.148 ; 4.157 ; Rise       ; inst2|altpll_component|auto_generated|pll1|clk[0] ;
; horiz_sync_out ; clk                         ; 2.688 ; 2.709 ; Rise       ; inst2|altpll_component|auto_generated|pll1|clk[0] ;
; red_out        ; clk                         ; 4.236 ; 4.289 ; Rise       ; inst2|altpll_component|auto_generated|pll1|clk[0] ;
+----------------+-----------------------------+-------+-------+------------+---------------------------------------------------+


----------------------------------------------
; Slow 1200mV 85C Model Metastability Report ;
----------------------------------------------
No synchronizer chains to report.


+-----------------------------------------------------------------------------------------+
; Slow 1200mV 0C Model Fmax Summary                                                       ;
+------------+-----------------+---------------------------------------------------+------+
; Fmax       ; Restricted Fmax ; Clock Name                                        ; Note ;
+------------+-----------------+---------------------------------------------------+------+
; 62.31 MHz  ; 62.31 MHz       ; inst2|altpll_component|auto_generated|pll1|clk[0] ;      ;
; 455.79 MHz ; 455.79 MHz      ; VGA_SYNC:inst|vert_sync_out                       ;      ;
+------------+-----------------+---------------------------------------------------+------+
This panel reports FMAX for every clock in the design, regardless of the user-specified clock periods.  FMAX is only computed for paths where the source and destination registers or ports are driven by the same clock.  Paths of different clocks, including generated clocks, are ignored.  For paths between a clock and its inversion, FMAX is computed as if the rising and falling edges are scaled along with FMAX, such that the duty cycle (in terms of a percentage) is maintained. Altera recommends that you always use clock constraints and other slack reports for sign-off analysis.


+----------------------------------------------------------------------------+
; Slow 1200mV 0C Model Setup Summary                                         ;
+---------------------------------------------------+--------+---------------+
; Clock                                             ; Slack  ; End Point TNS ;
+---------------------------------------------------+--------+---------------+
; inst2|altpll_component|auto_generated|pll1|clk[0] ; -4.401 ; -12.421       ;
; VGA_SYNC:inst|vert_sync_out                       ; -1.194 ; -17.752       ;
+---------------------------------------------------+--------+---------------+


+---------------------------------------------------------------------------+
; Slow 1200mV 0C Model Hold Summary                                         ;
+---------------------------------------------------+-------+---------------+
; Clock                                             ; Slack ; End Point TNS ;
+---------------------------------------------------+-------+---------------+
; inst2|altpll_component|auto_generated|pll1|clk[0] ; 0.311 ; 0.000         ;
; VGA_SYNC:inst|vert_sync_out                       ; 0.380 ; 0.000         ;
+---------------------------------------------------+-------+---------------+


-----------------------------------------
; Slow 1200mV 0C Model Recovery Summary ;
-----------------------------------------
No paths to report.


----------------------------------------
; Slow 1200mV 0C Model Removal Summary ;
----------------------------------------
No paths to report.


+----------------------------------------------------------------------------+
; Slow 1200mV 0C Model Minimum Pulse Width Summary                           ;
+---------------------------------------------------+--------+---------------+
; Clock                                             ; Slack  ; End Point TNS ;
+---------------------------------------------------+--------+---------------+
; VGA_SYNC:inst|vert_sync_out                       ; -1.000 ; -22.000       ;
; clk                                               ; 9.785  ; 0.000         ;
; inst2|altpll_component|auto_generated|pll1|clk[0] ; 19.742 ; 0.000         ;
+---------------------------------------------------+--------+---------------+


+----------------------------------------------------------------------------------------------------------------------------------------------------------------------------------------------------------------------------------+
; Slow 1200mV 0C Model Setup: 'inst2|altpll_component|auto_generated|pll1|clk[0]'                                                                                                                                                  ;
+--------+----------------------------------+-------------------------------------+---------------------------------------------------+---------------------------------------------------+--------------+------------+------------+
; Slack  ; From Node                        ; To Node                             ; Launch Clock                                      ; Latch Clock                                       ; Relationship ; Clock Skew ; Data Delay ;
+--------+----------------------------------+-------------------------------------+---------------------------------------------------+---------------------------------------------------+--------------+------------+------------+
; -4.401 ; bouncy_ball:inst7|ball_y_pos[4]  ; VGA_SYNC:inst|blue_out              ; VGA_SYNC:inst|vert_sync_out                       ; inst2|altpll_component|auto_generated|pll1|clk[0] ; 1.000        ; -1.703     ; 3.643      ;
; -4.228 ; bouncy_ball:inst7|ball_y_pos[3]  ; VGA_SYNC:inst|blue_out              ; VGA_SYNC:inst|vert_sync_out                       ; inst2|altpll_component|auto_generated|pll1|clk[0] ; 1.000        ; -1.703     ; 3.470      ;
; -4.210 ; bouncy_ball:inst7|ball_y_pos[5]  ; VGA_SYNC:inst|blue_out              ; VGA_SYNC:inst|vert_sync_out                       ; inst2|altpll_component|auto_generated|pll1|clk[0] ; 1.000        ; -1.703     ; 3.452      ;
; -4.158 ; bouncy_ball:inst7|ball_y_pos[6]  ; VGA_SYNC:inst|blue_out              ; VGA_SYNC:inst|vert_sync_out                       ; inst2|altpll_component|auto_generated|pll1|clk[0] ; 1.000        ; -1.703     ; 3.400      ;
; -4.156 ; bouncy_ball:inst7|pipe_x_pos[5]  ; VGA_SYNC:inst|green_out             ; VGA_SYNC:inst|vert_sync_out                       ; inst2|altpll_component|auto_generated|pll1|clk[0] ; 1.000        ; -1.720     ; 3.381      ;
; -4.153 ; bouncy_ball:inst7|pipe_x_pos[4]  ; VGA_SYNC:inst|green_out             ; VGA_SYNC:inst|vert_sync_out                       ; inst2|altpll_component|auto_generated|pll1|clk[0] ; 1.000        ; -1.720     ; 3.378      ;
; -4.110 ; bouncy_ball:inst7|pipe_x_pos[3]  ; VGA_SYNC:inst|green_out             ; VGA_SYNC:inst|vert_sync_out                       ; inst2|altpll_component|auto_generated|pll1|clk[0] ; 1.000        ; -1.720     ; 3.335      ;
; -3.912 ; bouncy_ball:inst7|pipe_x_pos[8]  ; VGA_SYNC:inst|green_out             ; VGA_SYNC:inst|vert_sync_out                       ; inst2|altpll_component|auto_generated|pll1|clk[0] ; 1.000        ; -2.046     ; 2.811      ;
; -3.864 ; bouncy_ball:inst7|ball_y_pos[4]  ; VGA_SYNC:inst|red_out               ; VGA_SYNC:inst|vert_sync_out                       ; inst2|altpll_component|auto_generated|pll1|clk[0] ; 1.000        ; -1.703     ; 3.106      ;
; -3.832 ; bouncy_ball:inst7|pipe_x_pos[6]  ; VGA_SYNC:inst|green_out             ; VGA_SYNC:inst|vert_sync_out                       ; inst2|altpll_component|auto_generated|pll1|clk[0] ; 1.000        ; -1.720     ; 3.057      ;
; -3.796 ; bouncy_ball:inst7|pipe_x_pos[7]  ; VGA_SYNC:inst|green_out             ; VGA_SYNC:inst|vert_sync_out                       ; inst2|altpll_component|auto_generated|pll1|clk[0] ; 1.000        ; -1.720     ; 3.021      ;
; -3.795 ; bouncy_ball:inst7|ball_y_pos[0]  ; VGA_SYNC:inst|blue_out              ; VGA_SYNC:inst|vert_sync_out                       ; inst2|altpll_component|auto_generated|pll1|clk[0] ; 1.000        ; -1.703     ; 3.037      ;
; -3.721 ; bouncy_ball:inst7|ball_y_pos[7]  ; VGA_SYNC:inst|blue_out              ; VGA_SYNC:inst|vert_sync_out                       ; inst2|altpll_component|auto_generated|pll1|clk[0] ; 1.000        ; -1.703     ; 2.963      ;
; -3.691 ; bouncy_ball:inst7|ball_y_pos[3]  ; VGA_SYNC:inst|red_out               ; VGA_SYNC:inst|vert_sync_out                       ; inst2|altpll_component|auto_generated|pll1|clk[0] ; 1.000        ; -1.703     ; 2.933      ;
; -3.685 ; bouncy_ball:inst7|ball_y_pos[5]  ; VGA_SYNC:inst|red_out               ; VGA_SYNC:inst|vert_sync_out                       ; inst2|altpll_component|auto_generated|pll1|clk[0] ; 1.000        ; -1.703     ; 2.927      ;
; -3.676 ; bouncy_ball:inst7|ball_y_pos[1]  ; VGA_SYNC:inst|blue_out              ; VGA_SYNC:inst|vert_sync_out                       ; inst2|altpll_component|auto_generated|pll1|clk[0] ; 1.000        ; -1.703     ; 2.918      ;
; -3.621 ; bouncy_ball:inst7|ball_y_pos[6]  ; VGA_SYNC:inst|red_out               ; VGA_SYNC:inst|vert_sync_out                       ; inst2|altpll_component|auto_generated|pll1|clk[0] ; 1.000        ; -1.703     ; 2.863      ;
; -3.615 ; bouncy_ball:inst7|ball_y_pos[2]  ; VGA_SYNC:inst|blue_out              ; VGA_SYNC:inst|vert_sync_out                       ; inst2|altpll_component|auto_generated|pll1|clk[0] ; 1.000        ; -1.703     ; 2.857      ;
; -3.532 ; bouncy_ball:inst7|pipe_x_pos[0]  ; VGA_SYNC:inst|green_out             ; VGA_SYNC:inst|vert_sync_out                       ; inst2|altpll_component|auto_generated|pll1|clk[0] ; 1.000        ; -1.720     ; 2.757      ;
; -3.527 ; bouncy_ball:inst7|ball_y_pos[8]  ; VGA_SYNC:inst|blue_out              ; VGA_SYNC:inst|vert_sync_out                       ; inst2|altpll_component|auto_generated|pll1|clk[0] ; 1.000        ; -1.703     ; 2.769      ;
; -3.479 ; bouncy_ball:inst7|ball_y_pos[9]  ; VGA_SYNC:inst|blue_out              ; VGA_SYNC:inst|vert_sync_out                       ; inst2|altpll_component|auto_generated|pll1|clk[0] ; 1.000        ; -2.033     ; 2.391      ;
; -3.477 ; bouncy_ball:inst7|pipe_x_pos[10] ; VGA_SYNC:inst|green_out             ; VGA_SYNC:inst|vert_sync_out                       ; inst2|altpll_component|auto_generated|pll1|clk[0] ; 1.000        ; -2.046     ; 2.376      ;
; -3.465 ; bouncy_ball:inst7|pipe_x_pos[2]  ; VGA_SYNC:inst|green_out             ; VGA_SYNC:inst|vert_sync_out                       ; inst2|altpll_component|auto_generated|pll1|clk[0] ; 1.000        ; -1.720     ; 2.690      ;
; -3.397 ; bouncy_ball:inst7|pipe_x_pos[1]  ; VGA_SYNC:inst|green_out             ; VGA_SYNC:inst|vert_sync_out                       ; inst2|altpll_component|auto_generated|pll1|clk[0] ; 1.000        ; -1.711     ; 2.631      ;
; -3.394 ; bouncy_ball:inst7|pipe_x_pos[9]  ; VGA_SYNC:inst|green_out             ; VGA_SYNC:inst|vert_sync_out                       ; inst2|altpll_component|auto_generated|pll1|clk[0] ; 1.000        ; -2.047     ; 2.292      ;
; -3.270 ; bouncy_ball:inst7|ball_y_pos[0]  ; VGA_SYNC:inst|red_out               ; VGA_SYNC:inst|vert_sync_out                       ; inst2|altpll_component|auto_generated|pll1|clk[0] ; 1.000        ; -1.703     ; 2.512      ;
; -3.184 ; bouncy_ball:inst7|ball_y_pos[7]  ; VGA_SYNC:inst|red_out               ; VGA_SYNC:inst|vert_sync_out                       ; inst2|altpll_component|auto_generated|pll1|clk[0] ; 1.000        ; -1.703     ; 2.426      ;
; -3.139 ; bouncy_ball:inst7|ball_y_pos[1]  ; VGA_SYNC:inst|red_out               ; VGA_SYNC:inst|vert_sync_out                       ; inst2|altpll_component|auto_generated|pll1|clk[0] ; 1.000        ; -1.703     ; 2.381      ;
; -3.090 ; bouncy_ball:inst7|ball_y_pos[2]  ; VGA_SYNC:inst|red_out               ; VGA_SYNC:inst|vert_sync_out                       ; inst2|altpll_component|auto_generated|pll1|clk[0] ; 1.000        ; -1.703     ; 2.332      ;
; -2.990 ; bouncy_ball:inst7|ball_y_pos[8]  ; VGA_SYNC:inst|red_out               ; VGA_SYNC:inst|vert_sync_out                       ; inst2|altpll_component|auto_generated|pll1|clk[0] ; 1.000        ; -1.703     ; 2.232      ;
; -2.942 ; bouncy_ball:inst7|ball_y_pos[9]  ; VGA_SYNC:inst|red_out               ; VGA_SYNC:inst|vert_sync_out                       ; inst2|altpll_component|auto_generated|pll1|clk[0] ; 1.000        ; -2.033     ; 1.854      ;
; 11.976 ; VGA_SYNC:inst|pixel_row[4]       ; char_rom:inst6|rom_address[7]       ; inst2|altpll_component|auto_generated|pll1|clk[0] ; inst2|altpll_component|auto_generated|pll1|clk[0] ; 20.000       ; -0.065     ; 7.954      ;
; 11.976 ; VGA_SYNC:inst|pixel_row[4]       ; char_rom:inst6|rom_address[6]       ; inst2|altpll_component|auto_generated|pll1|clk[0] ; inst2|altpll_component|auto_generated|pll1|clk[0] ; 20.000       ; -0.065     ; 7.954      ;
; 11.976 ; VGA_SYNC:inst|pixel_row[4]       ; char_rom:inst6|rom_address[5]       ; inst2|altpll_component|auto_generated|pll1|clk[0] ; inst2|altpll_component|auto_generated|pll1|clk[0] ; 20.000       ; -0.065     ; 7.954      ;
; 11.976 ; VGA_SYNC:inst|pixel_row[4]       ; char_rom:inst6|rom_address[4]       ; inst2|altpll_component|auto_generated|pll1|clk[0] ; inst2|altpll_component|auto_generated|pll1|clk[0] ; 20.000       ; -0.065     ; 7.954      ;
; 11.976 ; VGA_SYNC:inst|pixel_row[4]       ; char_rom:inst6|rom_address[3]       ; inst2|altpll_component|auto_generated|pll1|clk[0] ; inst2|altpll_component|auto_generated|pll1|clk[0] ; 20.000       ; -0.065     ; 7.954      ;
; 11.976 ; VGA_SYNC:inst|pixel_row[4]       ; char_rom:inst6|rom_address[2]       ; inst2|altpll_component|auto_generated|pll1|clk[0] ; inst2|altpll_component|auto_generated|pll1|clk[0] ; 20.000       ; -0.065     ; 7.954      ;
; 11.976 ; VGA_SYNC:inst|pixel_row[4]       ; char_rom:inst6|rom_address[1]       ; inst2|altpll_component|auto_generated|pll1|clk[0] ; inst2|altpll_component|auto_generated|pll1|clk[0] ; 20.000       ; -0.065     ; 7.954      ;
; 11.976 ; VGA_SYNC:inst|pixel_row[4]       ; char_rom:inst6|rom_address[0]       ; inst2|altpll_component|auto_generated|pll1|clk[0] ; inst2|altpll_component|auto_generated|pll1|clk[0] ; 20.000       ; -0.065     ; 7.954      ;
; 12.082 ; VGA_SYNC:inst|pixel_row[6]       ; char_rom:inst6|rom_address[7]       ; inst2|altpll_component|auto_generated|pll1|clk[0] ; inst2|altpll_component|auto_generated|pll1|clk[0] ; 20.000       ; -0.065     ; 7.848      ;
; 12.082 ; VGA_SYNC:inst|pixel_row[6]       ; char_rom:inst6|rom_address[6]       ; inst2|altpll_component|auto_generated|pll1|clk[0] ; inst2|altpll_component|auto_generated|pll1|clk[0] ; 20.000       ; -0.065     ; 7.848      ;
; 12.082 ; VGA_SYNC:inst|pixel_row[6]       ; char_rom:inst6|rom_address[5]       ; inst2|altpll_component|auto_generated|pll1|clk[0] ; inst2|altpll_component|auto_generated|pll1|clk[0] ; 20.000       ; -0.065     ; 7.848      ;
; 12.082 ; VGA_SYNC:inst|pixel_row[6]       ; char_rom:inst6|rom_address[4]       ; inst2|altpll_component|auto_generated|pll1|clk[0] ; inst2|altpll_component|auto_generated|pll1|clk[0] ; 20.000       ; -0.065     ; 7.848      ;
; 12.082 ; VGA_SYNC:inst|pixel_row[6]       ; char_rom:inst6|rom_address[3]       ; inst2|altpll_component|auto_generated|pll1|clk[0] ; inst2|altpll_component|auto_generated|pll1|clk[0] ; 20.000       ; -0.065     ; 7.848      ;
; 12.082 ; VGA_SYNC:inst|pixel_row[6]       ; char_rom:inst6|rom_address[2]       ; inst2|altpll_component|auto_generated|pll1|clk[0] ; inst2|altpll_component|auto_generated|pll1|clk[0] ; 20.000       ; -0.065     ; 7.848      ;
; 12.082 ; VGA_SYNC:inst|pixel_row[6]       ; char_rom:inst6|rom_address[1]       ; inst2|altpll_component|auto_generated|pll1|clk[0] ; inst2|altpll_component|auto_generated|pll1|clk[0] ; 20.000       ; -0.065     ; 7.848      ;
; 12.082 ; VGA_SYNC:inst|pixel_row[6]       ; char_rom:inst6|rom_address[0]       ; inst2|altpll_component|auto_generated|pll1|clk[0] ; inst2|altpll_component|auto_generated|pll1|clk[0] ; 20.000       ; -0.065     ; 7.848      ;
; 12.157 ; VGA_SYNC:inst|pixel_row[7]       ; char_rom:inst6|rom_address[7]       ; inst2|altpll_component|auto_generated|pll1|clk[0] ; inst2|altpll_component|auto_generated|pll1|clk[0] ; 20.000       ; -0.065     ; 7.773      ;
; 12.157 ; VGA_SYNC:inst|pixel_row[7]       ; char_rom:inst6|rom_address[6]       ; inst2|altpll_component|auto_generated|pll1|clk[0] ; inst2|altpll_component|auto_generated|pll1|clk[0] ; 20.000       ; -0.065     ; 7.773      ;
; 12.157 ; VGA_SYNC:inst|pixel_row[7]       ; char_rom:inst6|rom_address[5]       ; inst2|altpll_component|auto_generated|pll1|clk[0] ; inst2|altpll_component|auto_generated|pll1|clk[0] ; 20.000       ; -0.065     ; 7.773      ;
; 12.157 ; VGA_SYNC:inst|pixel_row[7]       ; char_rom:inst6|rom_address[4]       ; inst2|altpll_component|auto_generated|pll1|clk[0] ; inst2|altpll_component|auto_generated|pll1|clk[0] ; 20.000       ; -0.065     ; 7.773      ;
; 12.157 ; VGA_SYNC:inst|pixel_row[7]       ; char_rom:inst6|rom_address[3]       ; inst2|altpll_component|auto_generated|pll1|clk[0] ; inst2|altpll_component|auto_generated|pll1|clk[0] ; 20.000       ; -0.065     ; 7.773      ;
; 12.157 ; VGA_SYNC:inst|pixel_row[7]       ; char_rom:inst6|rom_address[2]       ; inst2|altpll_component|auto_generated|pll1|clk[0] ; inst2|altpll_component|auto_generated|pll1|clk[0] ; 20.000       ; -0.065     ; 7.773      ;
; 12.157 ; VGA_SYNC:inst|pixel_row[7]       ; char_rom:inst6|rom_address[1]       ; inst2|altpll_component|auto_generated|pll1|clk[0] ; inst2|altpll_component|auto_generated|pll1|clk[0] ; 20.000       ; -0.065     ; 7.773      ;
; 12.157 ; VGA_SYNC:inst|pixel_row[7]       ; char_rom:inst6|rom_address[0]       ; inst2|altpll_component|auto_generated|pll1|clk[0] ; inst2|altpll_component|auto_generated|pll1|clk[0] ; 20.000       ; -0.065     ; 7.773      ;
; 12.354 ; VGA_SYNC:inst|pixel_row[5]       ; char_rom:inst6|rom_address[7]       ; inst2|altpll_component|auto_generated|pll1|clk[0] ; inst2|altpll_component|auto_generated|pll1|clk[0] ; 20.000       ; -0.064     ; 7.577      ;
; 12.354 ; VGA_SYNC:inst|pixel_row[5]       ; char_rom:inst6|rom_address[6]       ; inst2|altpll_component|auto_generated|pll1|clk[0] ; inst2|altpll_component|auto_generated|pll1|clk[0] ; 20.000       ; -0.064     ; 7.577      ;
; 12.354 ; VGA_SYNC:inst|pixel_row[5]       ; char_rom:inst6|rom_address[5]       ; inst2|altpll_component|auto_generated|pll1|clk[0] ; inst2|altpll_component|auto_generated|pll1|clk[0] ; 20.000       ; -0.064     ; 7.577      ;
; 12.354 ; VGA_SYNC:inst|pixel_row[5]       ; char_rom:inst6|rom_address[4]       ; inst2|altpll_component|auto_generated|pll1|clk[0] ; inst2|altpll_component|auto_generated|pll1|clk[0] ; 20.000       ; -0.064     ; 7.577      ;
; 12.354 ; VGA_SYNC:inst|pixel_row[5]       ; char_rom:inst6|rom_address[3]       ; inst2|altpll_component|auto_generated|pll1|clk[0] ; inst2|altpll_component|auto_generated|pll1|clk[0] ; 20.000       ; -0.064     ; 7.577      ;
; 12.354 ; VGA_SYNC:inst|pixel_row[5]       ; char_rom:inst6|rom_address[2]       ; inst2|altpll_component|auto_generated|pll1|clk[0] ; inst2|altpll_component|auto_generated|pll1|clk[0] ; 20.000       ; -0.064     ; 7.577      ;
; 12.354 ; VGA_SYNC:inst|pixel_row[5]       ; char_rom:inst6|rom_address[1]       ; inst2|altpll_component|auto_generated|pll1|clk[0] ; inst2|altpll_component|auto_generated|pll1|clk[0] ; 20.000       ; -0.064     ; 7.577      ;
; 12.354 ; VGA_SYNC:inst|pixel_row[5]       ; char_rom:inst6|rom_address[0]       ; inst2|altpll_component|auto_generated|pll1|clk[0] ; inst2|altpll_component|auto_generated|pll1|clk[0] ; 20.000       ; -0.064     ; 7.577      ;
; 12.422 ; VGA_SYNC:inst|pixel_row[4]       ; char_rom:inst6|character_address[3] ; inst2|altpll_component|auto_generated|pll1|clk[0] ; inst2|altpll_component|auto_generated|pll1|clk[0] ; 20.000       ; -0.065     ; 7.508      ;
; 12.528 ; VGA_SYNC:inst|pixel_row[6]       ; char_rom:inst6|character_address[3] ; inst2|altpll_component|auto_generated|pll1|clk[0] ; inst2|altpll_component|auto_generated|pll1|clk[0] ; 20.000       ; -0.065     ; 7.402      ;
; 12.603 ; VGA_SYNC:inst|pixel_row[7]       ; char_rom:inst6|character_address[3] ; inst2|altpll_component|auto_generated|pll1|clk[0] ; inst2|altpll_component|auto_generated|pll1|clk[0] ; 20.000       ; -0.065     ; 7.327      ;
; 12.614 ; VGA_SYNC:inst|pixel_row[8]       ; char_rom:inst6|rom_address[7]       ; inst2|altpll_component|auto_generated|pll1|clk[0] ; inst2|altpll_component|auto_generated|pll1|clk[0] ; 20.000       ; -0.062     ; 7.319      ;
; 12.614 ; VGA_SYNC:inst|pixel_row[8]       ; char_rom:inst6|rom_address[6]       ; inst2|altpll_component|auto_generated|pll1|clk[0] ; inst2|altpll_component|auto_generated|pll1|clk[0] ; 20.000       ; -0.062     ; 7.319      ;
; 12.614 ; VGA_SYNC:inst|pixel_row[8]       ; char_rom:inst6|rom_address[5]       ; inst2|altpll_component|auto_generated|pll1|clk[0] ; inst2|altpll_component|auto_generated|pll1|clk[0] ; 20.000       ; -0.062     ; 7.319      ;
; 12.614 ; VGA_SYNC:inst|pixel_row[8]       ; char_rom:inst6|rom_address[4]       ; inst2|altpll_component|auto_generated|pll1|clk[0] ; inst2|altpll_component|auto_generated|pll1|clk[0] ; 20.000       ; -0.062     ; 7.319      ;
; 12.614 ; VGA_SYNC:inst|pixel_row[8]       ; char_rom:inst6|rom_address[3]       ; inst2|altpll_component|auto_generated|pll1|clk[0] ; inst2|altpll_component|auto_generated|pll1|clk[0] ; 20.000       ; -0.062     ; 7.319      ;
; 12.614 ; VGA_SYNC:inst|pixel_row[8]       ; char_rom:inst6|rom_address[2]       ; inst2|altpll_component|auto_generated|pll1|clk[0] ; inst2|altpll_component|auto_generated|pll1|clk[0] ; 20.000       ; -0.062     ; 7.319      ;
; 12.614 ; VGA_SYNC:inst|pixel_row[8]       ; char_rom:inst6|rom_address[1]       ; inst2|altpll_component|auto_generated|pll1|clk[0] ; inst2|altpll_component|auto_generated|pll1|clk[0] ; 20.000       ; -0.062     ; 7.319      ;
; 12.614 ; VGA_SYNC:inst|pixel_row[8]       ; char_rom:inst6|rom_address[0]       ; inst2|altpll_component|auto_generated|pll1|clk[0] ; inst2|altpll_component|auto_generated|pll1|clk[0] ; 20.000       ; -0.062     ; 7.319      ;
; 12.800 ; VGA_SYNC:inst|pixel_row[5]       ; char_rom:inst6|character_address[3] ; inst2|altpll_component|auto_generated|pll1|clk[0] ; inst2|altpll_component|auto_generated|pll1|clk[0] ; 20.000       ; -0.064     ; 7.131      ;
; 12.810 ; VGA_SYNC:inst|pixel_column[7]    ; char_rom:inst6|rom_address[7]       ; inst2|altpll_component|auto_generated|pll1|clk[0] ; inst2|altpll_component|auto_generated|pll1|clk[0] ; 20.000       ; -0.076     ; 7.109      ;
; 12.810 ; VGA_SYNC:inst|pixel_column[7]    ; char_rom:inst6|rom_address[6]       ; inst2|altpll_component|auto_generated|pll1|clk[0] ; inst2|altpll_component|auto_generated|pll1|clk[0] ; 20.000       ; -0.076     ; 7.109      ;
; 12.810 ; VGA_SYNC:inst|pixel_column[7]    ; char_rom:inst6|rom_address[5]       ; inst2|altpll_component|auto_generated|pll1|clk[0] ; inst2|altpll_component|auto_generated|pll1|clk[0] ; 20.000       ; -0.076     ; 7.109      ;
; 12.810 ; VGA_SYNC:inst|pixel_column[7]    ; char_rom:inst6|rom_address[4]       ; inst2|altpll_component|auto_generated|pll1|clk[0] ; inst2|altpll_component|auto_generated|pll1|clk[0] ; 20.000       ; -0.076     ; 7.109      ;
; 12.810 ; VGA_SYNC:inst|pixel_column[7]    ; char_rom:inst6|rom_address[3]       ; inst2|altpll_component|auto_generated|pll1|clk[0] ; inst2|altpll_component|auto_generated|pll1|clk[0] ; 20.000       ; -0.076     ; 7.109      ;
; 12.810 ; VGA_SYNC:inst|pixel_column[7]    ; char_rom:inst6|rom_address[2]       ; inst2|altpll_component|auto_generated|pll1|clk[0] ; inst2|altpll_component|auto_generated|pll1|clk[0] ; 20.000       ; -0.076     ; 7.109      ;
; 12.810 ; VGA_SYNC:inst|pixel_column[7]    ; char_rom:inst6|rom_address[1]       ; inst2|altpll_component|auto_generated|pll1|clk[0] ; inst2|altpll_component|auto_generated|pll1|clk[0] ; 20.000       ; -0.076     ; 7.109      ;
; 12.810 ; VGA_SYNC:inst|pixel_column[7]    ; char_rom:inst6|rom_address[0]       ; inst2|altpll_component|auto_generated|pll1|clk[0] ; inst2|altpll_component|auto_generated|pll1|clk[0] ; 20.000       ; -0.076     ; 7.109      ;
; 12.921 ; VGA_SYNC:inst|pixel_row[4]       ; char_rom:inst6|character_address[4] ; inst2|altpll_component|auto_generated|pll1|clk[0] ; inst2|altpll_component|auto_generated|pll1|clk[0] ; 20.000       ; -0.065     ; 7.009      ;
; 12.921 ; VGA_SYNC:inst|pixel_row[4]       ; char_rom:inst6|character_address[2] ; inst2|altpll_component|auto_generated|pll1|clk[0] ; inst2|altpll_component|auto_generated|pll1|clk[0] ; 20.000       ; -0.065     ; 7.009      ;
; 12.921 ; VGA_SYNC:inst|pixel_row[4]       ; char_rom:inst6|character_address[1] ; inst2|altpll_component|auto_generated|pll1|clk[0] ; inst2|altpll_component|auto_generated|pll1|clk[0] ; 20.000       ; -0.065     ; 7.009      ;
; 12.921 ; VGA_SYNC:inst|pixel_row[4]       ; char_rom:inst6|character_address[0] ; inst2|altpll_component|auto_generated|pll1|clk[0] ; inst2|altpll_component|auto_generated|pll1|clk[0] ; 20.000       ; -0.065     ; 7.009      ;
; 12.998 ; VGA_SYNC:inst|pixel_row[4]       ; char_rom:inst6|rom_mux_output       ; inst2|altpll_component|auto_generated|pll1|clk[0] ; inst2|altpll_component|auto_generated|pll1|clk[0] ; 20.000       ; -0.051     ; 6.946      ;
; 13.019 ; VGA_SYNC:inst|pixel_column[9]    ; char_rom:inst6|rom_address[7]       ; inst2|altpll_component|auto_generated|pll1|clk[0] ; inst2|altpll_component|auto_generated|pll1|clk[0] ; 20.000       ; -0.076     ; 6.900      ;
; 13.019 ; VGA_SYNC:inst|pixel_column[9]    ; char_rom:inst6|rom_address[6]       ; inst2|altpll_component|auto_generated|pll1|clk[0] ; inst2|altpll_component|auto_generated|pll1|clk[0] ; 20.000       ; -0.076     ; 6.900      ;
; 13.019 ; VGA_SYNC:inst|pixel_column[9]    ; char_rom:inst6|rom_address[5]       ; inst2|altpll_component|auto_generated|pll1|clk[0] ; inst2|altpll_component|auto_generated|pll1|clk[0] ; 20.000       ; -0.076     ; 6.900      ;
; 13.019 ; VGA_SYNC:inst|pixel_column[9]    ; char_rom:inst6|rom_address[4]       ; inst2|altpll_component|auto_generated|pll1|clk[0] ; inst2|altpll_component|auto_generated|pll1|clk[0] ; 20.000       ; -0.076     ; 6.900      ;
; 13.019 ; VGA_SYNC:inst|pixel_column[9]    ; char_rom:inst6|rom_address[3]       ; inst2|altpll_component|auto_generated|pll1|clk[0] ; inst2|altpll_component|auto_generated|pll1|clk[0] ; 20.000       ; -0.076     ; 6.900      ;
; 13.019 ; VGA_SYNC:inst|pixel_column[9]    ; char_rom:inst6|rom_address[2]       ; inst2|altpll_component|auto_generated|pll1|clk[0] ; inst2|altpll_component|auto_generated|pll1|clk[0] ; 20.000       ; -0.076     ; 6.900      ;
; 13.019 ; VGA_SYNC:inst|pixel_column[9]    ; char_rom:inst6|rom_address[1]       ; inst2|altpll_component|auto_generated|pll1|clk[0] ; inst2|altpll_component|auto_generated|pll1|clk[0] ; 20.000       ; -0.076     ; 6.900      ;
; 13.019 ; VGA_SYNC:inst|pixel_column[9]    ; char_rom:inst6|rom_address[0]       ; inst2|altpll_component|auto_generated|pll1|clk[0] ; inst2|altpll_component|auto_generated|pll1|clk[0] ; 20.000       ; -0.076     ; 6.900      ;
; 13.027 ; VGA_SYNC:inst|pixel_row[6]       ; char_rom:inst6|character_address[4] ; inst2|altpll_component|auto_generated|pll1|clk[0] ; inst2|altpll_component|auto_generated|pll1|clk[0] ; 20.000       ; -0.065     ; 6.903      ;
; 13.027 ; VGA_SYNC:inst|pixel_row[6]       ; char_rom:inst6|character_address[2] ; inst2|altpll_component|auto_generated|pll1|clk[0] ; inst2|altpll_component|auto_generated|pll1|clk[0] ; 20.000       ; -0.065     ; 6.903      ;
; 13.027 ; VGA_SYNC:inst|pixel_row[6]       ; char_rom:inst6|character_address[1] ; inst2|altpll_component|auto_generated|pll1|clk[0] ; inst2|altpll_component|auto_generated|pll1|clk[0] ; 20.000       ; -0.065     ; 6.903      ;
; 13.027 ; VGA_SYNC:inst|pixel_row[6]       ; char_rom:inst6|character_address[0] ; inst2|altpll_component|auto_generated|pll1|clk[0] ; inst2|altpll_component|auto_generated|pll1|clk[0] ; 20.000       ; -0.065     ; 6.903      ;
+--------+----------------------------------+-------------------------------------+---------------------------------------------------+---------------------------------------------------+--------------+------------+------------+


+---------------------------------------------------------------------------------------------------------------------------------------------------------------------------------------+
; Slow 1200mV 0C Model Setup: 'VGA_SYNC:inst|vert_sync_out'                                                                                                                             ;
+--------+------------------------------------+------------------------------------+-----------------------------+-----------------------------+--------------+------------+------------+
; Slack  ; From Node                          ; To Node                            ; Launch Clock                ; Latch Clock                 ; Relationship ; Clock Skew ; Data Delay ;
+--------+------------------------------------+------------------------------------+-----------------------------+-----------------------------+--------------+------------+------------+
; -1.194 ; bouncy_ball:inst7|pipe_x_pos[1]    ; bouncy_ball:inst7|pipe_x_pos[6]    ; VGA_SYNC:inst|vert_sync_out ; VGA_SYNC:inst|vert_sync_out ; 1.000        ; -0.045     ; 2.144      ;
; -1.135 ; bouncy_ball:inst7|pipe_x_pos[0]    ; bouncy_ball:inst7|pipe_x_pos[7]    ; VGA_SYNC:inst|vert_sync_out ; VGA_SYNC:inst|vert_sync_out ; 1.000        ; -0.054     ; 2.076      ;
; -1.129 ; bouncy_ball:inst7|pipe_x_pos[1]    ; bouncy_ball:inst7|pipe_x_pos[7]    ; VGA_SYNC:inst|vert_sync_out ; VGA_SYNC:inst|vert_sync_out ; 1.000        ; -0.045     ; 2.079      ;
; -1.102 ; bouncy_ball:inst7|pipe_x_pos[3]    ; bouncy_ball:inst7|pipe_x_pos[6]    ; VGA_SYNC:inst|vert_sync_out ; VGA_SYNC:inst|vert_sync_out ; 1.000        ; -0.054     ; 2.043      ;
; -1.100 ; bouncy_ball:inst7|ball_y_pos[2]    ; bouncy_ball:inst7|ball_y_motion[0] ; VGA_SYNC:inst|vert_sync_out ; VGA_SYNC:inst|vert_sync_out ; 1.000        ; -0.054     ; 2.041      ;
; -1.078 ; bouncy_ball:inst7|pipe_x_pos[0]    ; bouncy_ball:inst7|pipe_x_pos[6]    ; VGA_SYNC:inst|vert_sync_out ; VGA_SYNC:inst|vert_sync_out ; 1.000        ; -0.054     ; 2.019      ;
; -1.043 ; bouncy_ball:inst7|pipe_x_pos[0]    ; bouncy_ball:inst7|pipe_x_pos[3]    ; VGA_SYNC:inst|vert_sync_out ; VGA_SYNC:inst|vert_sync_out ; 1.000        ; -0.054     ; 1.984      ;
; -1.042 ; bouncy_ball:inst7|pipe_x_pos[8]    ; bouncy_ball:inst7|pipe_x_pos[2]    ; VGA_SYNC:inst|vert_sync_out ; VGA_SYNC:inst|vert_sync_out ; 1.000        ; -0.381     ; 1.656      ;
; -1.037 ; bouncy_ball:inst7|pipe_x_pos[1]    ; bouncy_ball:inst7|pipe_x_pos[3]    ; VGA_SYNC:inst|vert_sync_out ; VGA_SYNC:inst|vert_sync_out ; 1.000        ; -0.045     ; 1.987      ;
; -1.024 ; bouncy_ball:inst7|pipe_x_pos[1]    ; bouncy_ball:inst7|pipe_x_pos[2]    ; VGA_SYNC:inst|vert_sync_out ; VGA_SYNC:inst|vert_sync_out ; 1.000        ; -0.046     ; 1.973      ;
; -1.023 ; bouncy_ball:inst7|pipe_x_pos[3]    ; bouncy_ball:inst7|pipe_x_pos[7]    ; VGA_SYNC:inst|vert_sync_out ; VGA_SYNC:inst|vert_sync_out ; 1.000        ; -0.054     ; 1.964      ;
; -0.994 ; bouncy_ball:inst7|ball_y_pos[1]    ; bouncy_ball:inst7|ball_y_motion[0] ; VGA_SYNC:inst|vert_sync_out ; VGA_SYNC:inst|vert_sync_out ; 1.000        ; -0.054     ; 1.935      ;
; -0.972 ; bouncy_ball:inst7|pipe_x_pos[0]    ; bouncy_ball:inst7|pipe_x_pos[0]    ; VGA_SYNC:inst|vert_sync_out ; VGA_SYNC:inst|vert_sync_out ; 1.000        ; -0.055     ; 1.912      ;
; -0.967 ; bouncy_ball:inst7|pipe_x_pos[2]    ; bouncy_ball:inst7|pipe_x_pos[6]    ; VGA_SYNC:inst|vert_sync_out ; VGA_SYNC:inst|vert_sync_out ; 1.000        ; -0.054     ; 1.908      ;
; -0.959 ; bouncy_ball:inst7|pipe_x_pos[6]    ; bouncy_ball:inst7|pipe_x_pos[7]    ; VGA_SYNC:inst|vert_sync_out ; VGA_SYNC:inst|vert_sync_out ; 1.000        ; -0.054     ; 1.900      ;
; -0.958 ; bouncy_ball:inst7|pipe_x_pos[2]    ; bouncy_ball:inst7|pipe_x_pos[7]    ; VGA_SYNC:inst|vert_sync_out ; VGA_SYNC:inst|vert_sync_out ; 1.000        ; -0.054     ; 1.899      ;
; -0.944 ; bouncy_ball:inst7|pipe_x_pos[3]    ; bouncy_ball:inst7|pipe_x_pos[4]    ; VGA_SYNC:inst|vert_sync_out ; VGA_SYNC:inst|vert_sync_out ; 1.000        ; -0.055     ; 1.884      ;
; -0.935 ; bouncy_ball:inst7|pipe_x_pos[0]    ; bouncy_ball:inst7|pipe_x_pos[2]    ; VGA_SYNC:inst|vert_sync_out ; VGA_SYNC:inst|vert_sync_out ; 1.000        ; -0.055     ; 1.875      ;
; -0.934 ; bouncy_ball:inst7|pipe_x_pos[10]   ; bouncy_ball:inst7|pipe_x_pos[2]    ; VGA_SYNC:inst|vert_sync_out ; VGA_SYNC:inst|vert_sync_out ; 1.000        ; -0.381     ; 1.548      ;
; -0.929 ; bouncy_ball:inst7|pipe_x_pos[8]    ; bouncy_ball:inst7|pipe_x_pos[4]    ; VGA_SYNC:inst|vert_sync_out ; VGA_SYNC:inst|vert_sync_out ; 1.000        ; -0.381     ; 1.543      ;
; -0.921 ; bouncy_ball:inst7|pipe_x_pos[0]    ; bouncy_ball:inst7|pipe_x_pos[9]    ; VGA_SYNC:inst|vert_sync_out ; VGA_SYNC:inst|vert_sync_out ; 1.000        ; 0.259      ; 2.175      ;
; -0.915 ; bouncy_ball:inst7|pipe_x_pos[1]    ; bouncy_ball:inst7|pipe_x_pos[9]    ; VGA_SYNC:inst|vert_sync_out ; VGA_SYNC:inst|vert_sync_out ; 1.000        ; 0.268      ; 2.178      ;
; -0.914 ; bouncy_ball:inst7|ball_y_pos[3]    ; bouncy_ball:inst7|ball_y_motion[0] ; VGA_SYNC:inst|vert_sync_out ; VGA_SYNC:inst|vert_sync_out ; 1.000        ; -0.054     ; 1.855      ;
; -0.909 ; bouncy_ball:inst7|pipe_x_pos[8]    ; bouncy_ball:inst7|pipe_x_pos[7]    ; VGA_SYNC:inst|vert_sync_out ; VGA_SYNC:inst|vert_sync_out ; 1.000        ; -0.380     ; 1.524      ;
; -0.902 ; bouncy_ball:inst7|pipe_x_pos[4]    ; bouncy_ball:inst7|pipe_x_pos[2]    ; VGA_SYNC:inst|vert_sync_out ; VGA_SYNC:inst|vert_sync_out ; 1.000        ; -0.055     ; 1.842      ;
; -0.898 ; bouncy_ball:inst7|ball_y_pos[0]    ; bouncy_ball:inst7|ball_y_motion[0] ; VGA_SYNC:inst|vert_sync_out ; VGA_SYNC:inst|vert_sync_out ; 1.000        ; -0.054     ; 1.839      ;
; -0.897 ; bouncy_ball:inst7|pipe_x_pos[1]    ; bouncy_ball:inst7|pipe_x_pos[4]    ; VGA_SYNC:inst|vert_sync_out ; VGA_SYNC:inst|vert_sync_out ; 1.000        ; -0.046     ; 1.846      ;
; -0.881 ; bouncy_ball:inst7|pipe_x_pos[0]    ; bouncy_ball:inst7|pipe_x_pos[5]    ; VGA_SYNC:inst|vert_sync_out ; VGA_SYNC:inst|vert_sync_out ; 1.000        ; -0.055     ; 1.821      ;
; -0.875 ; bouncy_ball:inst7|pipe_x_pos[1]    ; bouncy_ball:inst7|pipe_x_pos[5]    ; VGA_SYNC:inst|vert_sync_out ; VGA_SYNC:inst|vert_sync_out ; 1.000        ; -0.046     ; 1.824      ;
; -0.872 ; bouncy_ball:inst7|pipe_x_pos[4]    ; bouncy_ball:inst7|pipe_x_pos[6]    ; VGA_SYNC:inst|vert_sync_out ; VGA_SYNC:inst|vert_sync_out ; 1.000        ; -0.054     ; 1.813      ;
; -0.870 ; bouncy_ball:inst7|pipe_x_pos[9]    ; bouncy_ball:inst7|pipe_x_pos[2]    ; VGA_SYNC:inst|vert_sync_out ; VGA_SYNC:inst|vert_sync_out ; 1.000        ; -0.382     ; 1.483      ;
; -0.869 ; bouncy_ball:inst7|pipe_x_pos[7]    ; bouncy_ball:inst7|pipe_x_pos[2]    ; VGA_SYNC:inst|vert_sync_out ; VGA_SYNC:inst|vert_sync_out ; 1.000        ; -0.055     ; 1.809      ;
; -0.866 ; bouncy_ball:inst7|pipe_x_pos[2]    ; bouncy_ball:inst7|pipe_x_pos[3]    ; VGA_SYNC:inst|vert_sync_out ; VGA_SYNC:inst|vert_sync_out ; 1.000        ; -0.054     ; 1.807      ;
; -0.866 ; bouncy_ball:inst7|ball_y_pos[6]    ; bouncy_ball:inst7|ball_y_motion[0] ; VGA_SYNC:inst|vert_sync_out ; VGA_SYNC:inst|vert_sync_out ; 1.000        ; -0.054     ; 1.807      ;
; -0.861 ; bouncy_ball:inst7|pipe_x_pos[0]    ; bouncy_ball:inst7|pipe_x_pos[1]    ; VGA_SYNC:inst|vert_sync_out ; VGA_SYNC:inst|vert_sync_out ; 1.000        ; -0.063     ; 1.793      ;
; -0.854 ; bouncy_ball:inst7|pipe_x_pos[4]    ; bouncy_ball:inst7|pipe_x_pos[7]    ; VGA_SYNC:inst|vert_sync_out ; VGA_SYNC:inst|vert_sync_out ; 1.000        ; -0.054     ; 1.795      ;
; -0.851 ; bouncy_ball:inst7|pipe_x_pos[1]    ; bouncy_ball:inst7|pipe_x_pos[10]   ; VGA_SYNC:inst|vert_sync_out ; VGA_SYNC:inst|vert_sync_out ; 1.000        ; 0.268      ; 2.114      ;
; -0.838 ; bouncy_ball:inst7|pipe_x_pos[5]    ; bouncy_ball:inst7|pipe_x_pos[6]    ; VGA_SYNC:inst|vert_sync_out ; VGA_SYNC:inst|vert_sync_out ; 1.000        ; -0.054     ; 1.779      ;
; -0.836 ; bouncy_ball:inst7|ball_y_motion[0] ; bouncy_ball:inst7|ball_y_pos[8]    ; VGA_SYNC:inst|vert_sync_out ; VGA_SYNC:inst|vert_sync_out ; 1.000        ; -0.054     ; 1.777      ;
; -0.821 ; bouncy_ball:inst7|pipe_x_pos[10]   ; bouncy_ball:inst7|pipe_x_pos[4]    ; VGA_SYNC:inst|vert_sync_out ; VGA_SYNC:inst|vert_sync_out ; 1.000        ; -0.381     ; 1.435      ;
; -0.815 ; bouncy_ball:inst7|pipe_x_pos[6]    ; bouncy_ball:inst7|pipe_x_pos[2]    ; VGA_SYNC:inst|vert_sync_out ; VGA_SYNC:inst|vert_sync_out ; 1.000        ; -0.055     ; 1.755      ;
; -0.809 ; bouncy_ball:inst7|pipe_x_pos[3]    ; bouncy_ball:inst7|pipe_x_pos[9]    ; VGA_SYNC:inst|vert_sync_out ; VGA_SYNC:inst|vert_sync_out ; 1.000        ; 0.259      ; 2.063      ;
; -0.801 ; bouncy_ball:inst7|pipe_x_pos[10]   ; bouncy_ball:inst7|pipe_x_pos[7]    ; VGA_SYNC:inst|vert_sync_out ; VGA_SYNC:inst|vert_sync_out ; 1.000        ; -0.380     ; 1.416      ;
; -0.797 ; bouncy_ball:inst7|ball_y_motion[0] ; bouncy_ball:inst7|ball_y_pos[7]    ; VGA_SYNC:inst|vert_sync_out ; VGA_SYNC:inst|vert_sync_out ; 1.000        ; -0.054     ; 1.738      ;
; -0.790 ; bouncy_ball:inst7|pipe_x_pos[5]    ; bouncy_ball:inst7|pipe_x_pos[7]    ; VGA_SYNC:inst|vert_sync_out ; VGA_SYNC:inst|vert_sync_out ; 1.000        ; -0.054     ; 1.731      ;
; -0.789 ; bouncy_ball:inst7|pipe_x_pos[4]    ; bouncy_ball:inst7|pipe_x_pos[4]    ; VGA_SYNC:inst|vert_sync_out ; VGA_SYNC:inst|vert_sync_out ; 1.000        ; -0.055     ; 1.729      ;
; -0.777 ; bouncy_ball:inst7|pipe_x_pos[5]    ; bouncy_ball:inst7|pipe_x_pos[2]    ; VGA_SYNC:inst|vert_sync_out ; VGA_SYNC:inst|vert_sync_out ; 1.000        ; -0.055     ; 1.717      ;
; -0.772 ; bouncy_ball:inst7|ball_y_pos[4]    ; bouncy_ball:inst7|ball_y_motion[0] ; VGA_SYNC:inst|vert_sync_out ; VGA_SYNC:inst|vert_sync_out ; 1.000        ; -0.054     ; 1.713      ;
; -0.769 ; bouncy_ball:inst7|pipe_x_pos[3]    ; bouncy_ball:inst7|pipe_x_pos[5]    ; VGA_SYNC:inst|vert_sync_out ; VGA_SYNC:inst|vert_sync_out ; 1.000        ; -0.055     ; 1.709      ;
; -0.769 ; bouncy_ball:inst7|pipe_x_pos[9]    ; bouncy_ball:inst7|pipe_x_pos[10]   ; VGA_SYNC:inst|vert_sync_out ; VGA_SYNC:inst|vert_sync_out ; 1.000        ; -0.068     ; 1.696      ;
; -0.767 ; bouncy_ball:inst7|pipe_x_pos[8]    ; bouncy_ball:inst7|pipe_x_pos[9]    ; VGA_SYNC:inst|vert_sync_out ; VGA_SYNC:inst|vert_sync_out ; 1.000        ; -0.067     ; 1.695      ;
; -0.761 ; bouncy_ball:inst7|pipe_x_pos[0]    ; bouncy_ball:inst7|pipe_x_pos[4]    ; VGA_SYNC:inst|vert_sync_out ; VGA_SYNC:inst|vert_sync_out ; 1.000        ; -0.055     ; 1.701      ;
; -0.759 ; bouncy_ball:inst7|pipe_x_pos[3]    ; bouncy_ball:inst7|pipe_x_pos[10]   ; VGA_SYNC:inst|vert_sync_out ; VGA_SYNC:inst|vert_sync_out ; 1.000        ; 0.259      ; 2.013      ;
; -0.756 ; bouncy_ball:inst7|pipe_x_pos[7]    ; bouncy_ball:inst7|pipe_x_pos[4]    ; VGA_SYNC:inst|vert_sync_out ; VGA_SYNC:inst|vert_sync_out ; 1.000        ; -0.055     ; 1.696      ;
; -0.753 ; bouncy_ball:inst7|pipe_x_pos[9]    ; bouncy_ball:inst7|pipe_x_pos[4]    ; VGA_SYNC:inst|vert_sync_out ; VGA_SYNC:inst|vert_sync_out ; 1.000        ; -0.382     ; 1.366      ;
; -0.751 ; bouncy_ball:inst7|pipe_x_pos[0]    ; bouncy_ball:inst7|pipe_x_pos[10]   ; VGA_SYNC:inst|vert_sync_out ; VGA_SYNC:inst|vert_sync_out ; 1.000        ; 0.259      ; 2.005      ;
; -0.749 ; bouncy_ball:inst7|pipe_x_pos[1]    ; bouncy_ball:inst7|pipe_x_pos[8]    ; VGA_SYNC:inst|vert_sync_out ; VGA_SYNC:inst|vert_sync_out ; 1.000        ; 0.268      ; 2.012      ;
; -0.745 ; bouncy_ball:inst7|pipe_x_pos[6]    ; bouncy_ball:inst7|pipe_x_pos[9]    ; VGA_SYNC:inst|vert_sync_out ; VGA_SYNC:inst|vert_sync_out ; 1.000        ; 0.259      ; 1.999      ;
; -0.744 ; bouncy_ball:inst7|pipe_x_pos[2]    ; bouncy_ball:inst7|pipe_x_pos[9]    ; VGA_SYNC:inst|vert_sync_out ; VGA_SYNC:inst|vert_sync_out ; 1.000        ; 0.259      ; 1.998      ;
; -0.744 ; bouncy_ball:inst7|ball_y_pos[8]    ; bouncy_ball:inst7|ball_y_motion[0] ; VGA_SYNC:inst|vert_sync_out ; VGA_SYNC:inst|vert_sync_out ; 1.000        ; -0.054     ; 1.685      ;
; -0.740 ; bouncy_ball:inst7|pipe_x_pos[2]    ; bouncy_ball:inst7|pipe_x_pos[4]    ; VGA_SYNC:inst|vert_sync_out ; VGA_SYNC:inst|vert_sync_out ; 1.000        ; -0.055     ; 1.680      ;
; -0.736 ; bouncy_ball:inst7|pipe_x_pos[7]    ; bouncy_ball:inst7|pipe_x_pos[7]    ; VGA_SYNC:inst|vert_sync_out ; VGA_SYNC:inst|vert_sync_out ; 1.000        ; -0.054     ; 1.677      ;
; -0.736 ; bouncy_ball:inst7|ball_y_motion[0] ; bouncy_ball:inst7|ball_y_pos[6]    ; VGA_SYNC:inst|vert_sync_out ; VGA_SYNC:inst|vert_sync_out ; 1.000        ; -0.054     ; 1.677      ;
; -0.728 ; bouncy_ball:inst7|ball_y_pos[1]    ; bouncy_ball:inst7|ball_y_pos[8]    ; VGA_SYNC:inst|vert_sync_out ; VGA_SYNC:inst|vert_sync_out ; 1.000        ; -0.054     ; 1.669      ;
; -0.727 ; bouncy_ball:inst7|pipe_x_pos[9]    ; bouncy_ball:inst7|pipe_x_pos[7]    ; VGA_SYNC:inst|vert_sync_out ; VGA_SYNC:inst|vert_sync_out ; 1.000        ; -0.381     ; 1.341      ;
; -0.713 ; bouncy_ball:inst7|pipe_x_pos[3]    ; bouncy_ball:inst7|pipe_x_pos[2]    ; VGA_SYNC:inst|vert_sync_out ; VGA_SYNC:inst|vert_sync_out ; 1.000        ; -0.055     ; 1.653      ;
; -0.704 ; bouncy_ball:inst7|pipe_x_pos[2]    ; bouncy_ball:inst7|pipe_x_pos[5]    ; VGA_SYNC:inst|vert_sync_out ; VGA_SYNC:inst|vert_sync_out ; 1.000        ; -0.055     ; 1.644      ;
; -0.698 ; bouncy_ball:inst7|pipe_x_pos[6]    ; bouncy_ball:inst7|pipe_x_pos[4]    ; VGA_SYNC:inst|vert_sync_out ; VGA_SYNC:inst|vert_sync_out ; 1.000        ; -0.055     ; 1.638      ;
; -0.697 ; bouncy_ball:inst7|ball_y_motion[0] ; bouncy_ball:inst7|ball_y_pos[5]    ; VGA_SYNC:inst|vert_sync_out ; VGA_SYNC:inst|vert_sync_out ; 1.000        ; -0.054     ; 1.638      ;
; -0.670 ; bouncy_ball:inst7|ball_y_pos[2]    ; bouncy_ball:inst7|ball_y_pos[8]    ; VGA_SYNC:inst|vert_sync_out ; VGA_SYNC:inst|vert_sync_out ; 1.000        ; -0.054     ; 1.611      ;
; -0.660 ; bouncy_ball:inst7|pipe_x_pos[5]    ; bouncy_ball:inst7|pipe_x_pos[4]    ; VGA_SYNC:inst|vert_sync_out ; VGA_SYNC:inst|vert_sync_out ; 1.000        ; -0.055     ; 1.600      ;
; -0.657 ; bouncy_ball:inst7|pipe_x_pos[3]    ; bouncy_ball:inst7|pipe_x_pos[8]    ; VGA_SYNC:inst|vert_sync_out ; VGA_SYNC:inst|vert_sync_out ; 1.000        ; 0.259      ; 1.911      ;
; -0.656 ; bouncy_ball:inst7|pipe_x_pos[8]    ; bouncy_ball:inst7|pipe_x_pos[10]   ; VGA_SYNC:inst|vert_sync_out ; VGA_SYNC:inst|vert_sync_out ; 1.000        ; -0.067     ; 1.584      ;
; -0.656 ; bouncy_ball:inst7|ball_y_pos[0]    ; bouncy_ball:inst7|ball_y_pos[8]    ; VGA_SYNC:inst|vert_sync_out ; VGA_SYNC:inst|vert_sync_out ; 1.000        ; -0.054     ; 1.597      ;
; -0.651 ; bouncy_ball:inst7|ball_y_pos[2]    ; bouncy_ball:inst7|ball_y_pos[7]    ; VGA_SYNC:inst|vert_sync_out ; VGA_SYNC:inst|vert_sync_out ; 1.000        ; -0.054     ; 1.592      ;
; -0.649 ; bouncy_ball:inst7|pipe_x_pos[0]    ; bouncy_ball:inst7|pipe_x_pos[8]    ; VGA_SYNC:inst|vert_sync_out ; VGA_SYNC:inst|vert_sync_out ; 1.000        ; 0.259      ; 1.903      ;
; -0.645 ; bouncy_ball:inst7|ball_y_pos[3]    ; bouncy_ball:inst7|ball_y_pos[8]    ; VGA_SYNC:inst|vert_sync_out ; VGA_SYNC:inst|vert_sync_out ; 1.000        ; -0.054     ; 1.586      ;
; -0.640 ; bouncy_ball:inst7|pipe_x_pos[4]    ; bouncy_ball:inst7|pipe_x_pos[9]    ; VGA_SYNC:inst|vert_sync_out ; VGA_SYNC:inst|vert_sync_out ; 1.000        ; 0.259      ; 1.894      ;
; -0.636 ; bouncy_ball:inst7|ball_y_motion[0] ; bouncy_ball:inst7|ball_y_pos[4]    ; VGA_SYNC:inst|vert_sync_out ; VGA_SYNC:inst|vert_sync_out ; 1.000        ; -0.054     ; 1.577      ;
; -0.628 ; bouncy_ball:inst7|ball_y_pos[1]    ; bouncy_ball:inst7|ball_y_pos[6]    ; VGA_SYNC:inst|vert_sync_out ; VGA_SYNC:inst|vert_sync_out ; 1.000        ; -0.054     ; 1.569      ;
; -0.626 ; bouncy_ball:inst7|ball_y_pos[0]    ; bouncy_ball:inst7|ball_y_pos[7]    ; VGA_SYNC:inst|vert_sync_out ; VGA_SYNC:inst|vert_sync_out ; 1.000        ; -0.054     ; 1.567      ;
; -0.624 ; bouncy_ball:inst7|pipe_x_pos[2]    ; bouncy_ball:inst7|pipe_x_pos[10]   ; VGA_SYNC:inst|vert_sync_out ; VGA_SYNC:inst|vert_sync_out ; 1.000        ; 0.259      ; 1.878      ;
; -0.621 ; bouncy_ball:inst7|pipe_x_pos[3]    ; bouncy_ball:inst7|pipe_x_pos[3]    ; VGA_SYNC:inst|vert_sync_out ; VGA_SYNC:inst|vert_sync_out ; 1.000        ; -0.054     ; 1.562      ;
; -0.612 ; bouncy_ball:inst7|pipe_x_pos[8]    ; bouncy_ball:inst7|pipe_x_pos[8]    ; VGA_SYNC:inst|vert_sync_out ; VGA_SYNC:inst|vert_sync_out ; 1.000        ; -0.067     ; 1.540      ;
; -0.610 ; bouncy_ball:inst7|pipe_x_pos[7]    ; bouncy_ball:inst7|pipe_x_pos[9]    ; VGA_SYNC:inst|vert_sync_out ; VGA_SYNC:inst|vert_sync_out ; 1.000        ; 0.259      ; 1.864      ;
; -0.610 ; bouncy_ball:inst7|ball_y_pos[1]    ; bouncy_ball:inst7|ball_y_pos[7]    ; VGA_SYNC:inst|vert_sync_out ; VGA_SYNC:inst|vert_sync_out ; 1.000        ; -0.054     ; 1.551      ;
; -0.600 ; bouncy_ball:inst7|pipe_x_pos[4]    ; bouncy_ball:inst7|pipe_x_pos[5]    ; VGA_SYNC:inst|vert_sync_out ; VGA_SYNC:inst|vert_sync_out ; 1.000        ; -0.055     ; 1.540      ;
; -0.597 ; bouncy_ball:inst7|ball_y_motion[0] ; bouncy_ball:inst7|ball_y_pos[3]    ; VGA_SYNC:inst|vert_sync_out ; VGA_SYNC:inst|vert_sync_out ; 1.000        ; -0.054     ; 1.538      ;
; -0.591 ; bouncy_ball:inst7|ball_y_motion[0] ; bouncy_ball:inst7|ball_y_motion[0] ; VGA_SYNC:inst|vert_sync_out ; VGA_SYNC:inst|vert_sync_out ; 1.000        ; -0.054     ; 1.532      ;
; -0.590 ; bouncy_ball:inst7|pipe_x_pos[7]    ; bouncy_ball:inst7|pipe_x_pos[10]   ; VGA_SYNC:inst|vert_sync_out ; VGA_SYNC:inst|vert_sync_out ; 1.000        ; 0.259      ; 1.844      ;
; -0.579 ; bouncy_ball:inst7|ball_y_motion[0] ; bouncy_ball:inst7|ball_y_pos[9]    ; VGA_SYNC:inst|vert_sync_out ; VGA_SYNC:inst|vert_sync_out ; 1.000        ; 0.264      ; 1.838      ;
; -0.576 ; bouncy_ball:inst7|pipe_x_pos[5]    ; bouncy_ball:inst7|pipe_x_pos[9]    ; VGA_SYNC:inst|vert_sync_out ; VGA_SYNC:inst|vert_sync_out ; 1.000        ; 0.259      ; 1.830      ;
; -0.575 ; bouncy_ball:inst7|pipe_x_pos[6]    ; bouncy_ball:inst7|pipe_x_pos[10]   ; VGA_SYNC:inst|vert_sync_out ; VGA_SYNC:inst|vert_sync_out ; 1.000        ; 0.259      ; 1.829      ;
; -0.570 ; bouncy_ball:inst7|pipe_x_pos[6]    ; bouncy_ball:inst7|pipe_x_pos[6]    ; VGA_SYNC:inst|vert_sync_out ; VGA_SYNC:inst|vert_sync_out ; 1.000        ; -0.054     ; 1.511      ;
; -0.570 ; bouncy_ball:inst7|ball_y_pos[2]    ; bouncy_ball:inst7|ball_y_pos[6]    ; VGA_SYNC:inst|vert_sync_out ; VGA_SYNC:inst|vert_sync_out ; 1.000        ; -0.054     ; 1.511      ;
; -0.568 ; bouncy_ball:inst7|pipe_x_pos[1]    ; bouncy_ball:inst7|pipe_x_pos[1]    ; VGA_SYNC:inst|vert_sync_out ; VGA_SYNC:inst|vert_sync_out ; 1.000        ; -0.054     ; 1.509      ;
; -0.556 ; bouncy_ball:inst7|ball_y_pos[0]    ; bouncy_ball:inst7|ball_y_pos[6]    ; VGA_SYNC:inst|vert_sync_out ; VGA_SYNC:inst|vert_sync_out ; 1.000        ; -0.054     ; 1.497      ;
; -0.551 ; bouncy_ball:inst7|ball_y_pos[2]    ; bouncy_ball:inst7|ball_y_pos[5]    ; VGA_SYNC:inst|vert_sync_out ; VGA_SYNC:inst|vert_sync_out ; 1.000        ; -0.054     ; 1.492      ;
; -0.548 ; bouncy_ball:inst7|ball_y_pos[5]    ; bouncy_ball:inst7|ball_y_motion[0] ; VGA_SYNC:inst|vert_sync_out ; VGA_SYNC:inst|vert_sync_out ; 1.000        ; -0.054     ; 1.489      ;
; -0.545 ; bouncy_ball:inst7|ball_y_pos[3]    ; bouncy_ball:inst7|ball_y_pos[6]    ; VGA_SYNC:inst|vert_sync_out ; VGA_SYNC:inst|vert_sync_out ; 1.000        ; -0.054     ; 1.486      ;
+--------+------------------------------------+------------------------------------+-----------------------------+-----------------------------+--------------+------------+------------+


+------------------------------------------------------------------------------------------------------------------------------------------------------------------------------------------------------------------------------------+
; Slow 1200mV 0C Model Hold: 'inst2|altpll_component|auto_generated|pll1|clk[0]'                                                                                                                                                     ;
+-------+-------------------------------------+-------------------------------------+---------------------------------------------------+---------------------------------------------------+--------------+------------+------------+
; Slack ; From Node                           ; To Node                             ; Launch Clock                                      ; Latch Clock                                       ; Relationship ; Clock Skew ; Data Delay ;
+-------+-------------------------------------+-------------------------------------+---------------------------------------------------+---------------------------------------------------+--------------+------------+------------+
; 0.311 ; char_rom:inst6|rom_mux_output       ; char_rom:inst6|rom_mux_output       ; inst2|altpll_component|auto_generated|pll1|clk[0] ; inst2|altpll_component|auto_generated|pll1|clk[0] ; 0.000        ; 0.056      ; 0.511      ;
; 0.312 ; VGA_SYNC:inst|v_count[2]            ; VGA_SYNC:inst|v_count[2]            ; inst2|altpll_component|auto_generated|pll1|clk[0] ; inst2|altpll_component|auto_generated|pll1|clk[0] ; 0.000        ; 0.055      ; 0.511      ;
; 0.312 ; VGA_SYNC:inst|v_count[3]            ; VGA_SYNC:inst|v_count[3]            ; inst2|altpll_component|auto_generated|pll1|clk[0] ; inst2|altpll_component|auto_generated|pll1|clk[0] ; 0.000        ; 0.055      ; 0.511      ;
; 0.312 ; VGA_SYNC:inst|v_count[5]            ; VGA_SYNC:inst|v_count[5]            ; inst2|altpll_component|auto_generated|pll1|clk[0] ; inst2|altpll_component|auto_generated|pll1|clk[0] ; 0.000        ; 0.055      ; 0.511      ;
; 0.312 ; VGA_SYNC:inst|v_count[6]            ; VGA_SYNC:inst|v_count[6]            ; inst2|altpll_component|auto_generated|pll1|clk[0] ; inst2|altpll_component|auto_generated|pll1|clk[0] ; 0.000        ; 0.055      ; 0.511      ;
; 0.312 ; VGA_SYNC:inst|v_count[7]            ; VGA_SYNC:inst|v_count[7]            ; inst2|altpll_component|auto_generated|pll1|clk[0] ; inst2|altpll_component|auto_generated|pll1|clk[0] ; 0.000        ; 0.055      ; 0.511      ;
; 0.312 ; VGA_SYNC:inst|v_count[8]            ; VGA_SYNC:inst|v_count[8]            ; inst2|altpll_component|auto_generated|pll1|clk[0] ; inst2|altpll_component|auto_generated|pll1|clk[0] ; 0.000        ; 0.055      ; 0.511      ;
; 0.312 ; VGA_SYNC:inst|v_count[9]            ; VGA_SYNC:inst|v_count[9]            ; inst2|altpll_component|auto_generated|pll1|clk[0] ; inst2|altpll_component|auto_generated|pll1|clk[0] ; 0.000        ; 0.055      ; 0.511      ;
; 0.312 ; VGA_SYNC:inst|v_count[4]            ; VGA_SYNC:inst|v_count[4]            ; inst2|altpll_component|auto_generated|pll1|clk[0] ; inst2|altpll_component|auto_generated|pll1|clk[0] ; 0.000        ; 0.055      ; 0.511      ;
; 0.339 ; char_rom:inst6|character_address[4] ; char_rom:inst6|rom_address[7]       ; inst2|altpll_component|auto_generated|pll1|clk[0] ; inst2|altpll_component|auto_generated|pll1|clk[0] ; 0.000        ; 0.055      ; 0.538      ;
; 0.340 ; char_rom:inst6|character_address[3] ; char_rom:inst6|rom_address[6]       ; inst2|altpll_component|auto_generated|pll1|clk[0] ; inst2|altpll_component|auto_generated|pll1|clk[0] ; 0.000        ; 0.055      ; 0.539      ;
; 0.340 ; char_rom:inst6|character_address[1] ; char_rom:inst6|rom_address[4]       ; inst2|altpll_component|auto_generated|pll1|clk[0] ; inst2|altpll_component|auto_generated|pll1|clk[0] ; 0.000        ; 0.055      ; 0.539      ;
; 0.340 ; char_rom:inst6|character_address[0] ; char_rom:inst6|rom_address[3]       ; inst2|altpll_component|auto_generated|pll1|clk[0] ; inst2|altpll_component|auto_generated|pll1|clk[0] ; 0.000        ; 0.055      ; 0.539      ;
; 0.363 ; VGA_SYNC:inst|v_count[4]            ; VGA_SYNC:inst|vert_sync             ; inst2|altpll_component|auto_generated|pll1|clk[0] ; inst2|altpll_component|auto_generated|pll1|clk[0] ; 0.000        ; 0.055      ; 0.562      ;
; 0.367 ; VGA_SYNC:inst|h_count[5]            ; VGA_SYNC:inst|horiz_sync            ; inst2|altpll_component|auto_generated|pll1|clk[0] ; inst2|altpll_component|auto_generated|pll1|clk[0] ; 0.000        ; 0.056      ; 0.567      ;
; 0.377 ; VGA_SYNC:inst|h_count[5]            ; VGA_SYNC:inst|pixel_column[5]       ; inst2|altpll_component|auto_generated|pll1|clk[0] ; inst2|altpll_component|auto_generated|pll1|clk[0] ; 0.000        ; 0.056      ; 0.577      ;
; 0.390 ; char_rom:inst6|start_Play           ; char_rom:inst6|mode                 ; inst2|altpll_component|auto_generated|pll1|clk[0] ; inst2|altpll_component|auto_generated|pll1|clk[0] ; 0.000        ; 0.056      ; 0.590      ;
; 0.432 ; char_rom:inst6|character_address[2] ; char_rom:inst6|rom_address[5]       ; inst2|altpll_component|auto_generated|pll1|clk[0] ; inst2|altpll_component|auto_generated|pll1|clk[0] ; 0.000        ; 0.055      ; 0.631      ;
; 0.482 ; VGA_SYNC:inst|h_count[4]            ; VGA_SYNC:inst|pixel_column[4]       ; inst2|altpll_component|auto_generated|pll1|clk[0] ; inst2|altpll_component|auto_generated|pll1|clk[0] ; 0.000        ; 0.055      ; 0.681      ;
; 0.490 ; VGA_SYNC:inst|v_count[6]            ; VGA_SYNC:inst|pixel_row[6]          ; inst2|altpll_component|auto_generated|pll1|clk[0] ; inst2|altpll_component|auto_generated|pll1|clk[0] ; 0.000        ; 0.058      ; 0.692      ;
; 0.491 ; VGA_SYNC:inst|v_count[8]            ; VGA_SYNC:inst|pixel_row[8]          ; inst2|altpll_component|auto_generated|pll1|clk[0] ; inst2|altpll_component|auto_generated|pll1|clk[0] ; 0.000        ; 0.055      ; 0.690      ;
; 0.511 ; VGA_SYNC:inst|h_count[6]            ; VGA_SYNC:inst|pixel_column[6]       ; inst2|altpll_component|auto_generated|pll1|clk[0] ; inst2|altpll_component|auto_generated|pll1|clk[0] ; 0.000        ; 0.055      ; 0.710      ;
; 0.520 ; VGA_SYNC:inst|h_count[7]            ; VGA_SYNC:inst|h_count[7]            ; inst2|altpll_component|auto_generated|pll1|clk[0] ; inst2|altpll_component|auto_generated|pll1|clk[0] ; 0.000        ; 0.055      ; 0.719      ;
; 0.525 ; VGA_SYNC:inst|h_count[6]            ; VGA_SYNC:inst|h_count[6]            ; inst2|altpll_component|auto_generated|pll1|clk[0] ; inst2|altpll_component|auto_generated|pll1|clk[0] ; 0.000        ; 0.055      ; 0.724      ;
; 0.525 ; VGA_SYNC:inst|v_count[1]            ; VGA_SYNC:inst|pixel_row[1]          ; inst2|altpll_component|auto_generated|pll1|clk[0] ; inst2|altpll_component|auto_generated|pll1|clk[0] ; 0.000        ; 0.060      ; 0.729      ;
; 0.526 ; VGA_SYNC:inst|h_count[2]            ; VGA_SYNC:inst|h_count[2]            ; inst2|altpll_component|auto_generated|pll1|clk[0] ; inst2|altpll_component|auto_generated|pll1|clk[0] ; 0.000        ; 0.055      ; 0.725      ;
; 0.528 ; VGA_SYNC:inst|h_count[1]            ; VGA_SYNC:inst|h_count[1]            ; inst2|altpll_component|auto_generated|pll1|clk[0] ; inst2|altpll_component|auto_generated|pll1|clk[0] ; 0.000        ; 0.055      ; 0.727      ;
; 0.528 ; VGA_SYNC:inst|h_count[3]            ; VGA_SYNC:inst|h_count[3]            ; inst2|altpll_component|auto_generated|pll1|clk[0] ; inst2|altpll_component|auto_generated|pll1|clk[0] ; 0.000        ; 0.055      ; 0.727      ;
; 0.532 ; VGA_SYNC:inst|h_count[4]            ; VGA_SYNC:inst|h_count[4]            ; inst2|altpll_component|auto_generated|pll1|clk[0] ; inst2|altpll_component|auto_generated|pll1|clk[0] ; 0.000        ; 0.055      ; 0.731      ;
; 0.615 ; VGA_SYNC:inst|v_count[3]            ; VGA_SYNC:inst|pixel_row[3]          ; inst2|altpll_component|auto_generated|pll1|clk[0] ; inst2|altpll_component|auto_generated|pll1|clk[0] ; 0.000        ; 0.055      ; 0.814      ;
; 0.619 ; VGA_SYNC:inst|h_count[3]            ; VGA_SYNC:inst|pixel_column[3]       ; inst2|altpll_component|auto_generated|pll1|clk[0] ; inst2|altpll_component|auto_generated|pll1|clk[0] ; 0.000        ; 0.055      ; 0.818      ;
; 0.623 ; VGA_SYNC:inst|h_count[2]            ; VGA_SYNC:inst|pixel_column[2]       ; inst2|altpll_component|auto_generated|pll1|clk[0] ; inst2|altpll_component|auto_generated|pll1|clk[0] ; 0.000        ; 0.055      ; 0.822      ;
; 0.650 ; char_rom:inst6|start_Play           ; char_rom:inst6|rom_mux_output       ; inst2|altpll_component|auto_generated|pll1|clk[0] ; inst2|altpll_component|auto_generated|pll1|clk[0] ; 0.000        ; 0.056      ; 0.850      ;
; 0.656 ; VGA_SYNC:inst|h_count[1]            ; VGA_SYNC:inst|pixel_column[1]       ; inst2|altpll_component|auto_generated|pll1|clk[0] ; inst2|altpll_component|auto_generated|pll1|clk[0] ; 0.000        ; 0.055      ; 0.855      ;
; 0.666 ; VGA_SYNC:inst|h_count[9]            ; VGA_SYNC:inst|h_count[5]            ; inst2|altpll_component|auto_generated|pll1|clk[0] ; inst2|altpll_component|auto_generated|pll1|clk[0] ; 0.000        ; 0.056      ; 0.866      ;
; 0.668 ; VGA_SYNC:inst|h_count[9]            ; VGA_SYNC:inst|h_count[9]            ; inst2|altpll_component|auto_generated|pll1|clk[0] ; inst2|altpll_component|auto_generated|pll1|clk[0] ; 0.000        ; 0.056      ; 0.868      ;
; 0.669 ; VGA_SYNC:inst|h_count[9]            ; VGA_SYNC:inst|h_count[8]            ; inst2|altpll_component|auto_generated|pll1|clk[0] ; inst2|altpll_component|auto_generated|pll1|clk[0] ; 0.000        ; 0.056      ; 0.869      ;
; 0.688 ; VGA_SYNC:inst|h_count[6]            ; VGA_SYNC:inst|horiz_sync            ; inst2|altpll_component|auto_generated|pll1|clk[0] ; inst2|altpll_component|auto_generated|pll1|clk[0] ; 0.000        ; 0.055      ; 0.887      ;
; 0.718 ; VGA_SYNC:inst|v_count[0]            ; VGA_SYNC:inst|pixel_row[0]          ; inst2|altpll_component|auto_generated|pll1|clk[0] ; inst2|altpll_component|auto_generated|pll1|clk[0] ; 0.000        ; 0.058      ; 0.920      ;
; 0.724 ; VGA_SYNC:inst|v_count[4]            ; VGA_SYNC:inst|pixel_row[4]          ; inst2|altpll_component|auto_generated|pll1|clk[0] ; inst2|altpll_component|auto_generated|pll1|clk[0] ; 0.000        ; 0.058      ; 0.926      ;
; 0.726 ; VGA_SYNC:inst|h_count[0]            ; VGA_SYNC:inst|h_count[0]            ; inst2|altpll_component|auto_generated|pll1|clk[0] ; inst2|altpll_component|auto_generated|pll1|clk[0] ; 0.000        ; 0.055      ; 0.925      ;
; 0.726 ; VGA_SYNC:inst|v_count[2]            ; VGA_SYNC:inst|pixel_row[2]          ; inst2|altpll_component|auto_generated|pll1|clk[0] ; inst2|altpll_component|auto_generated|pll1|clk[0] ; 0.000        ; 0.060      ; 0.930      ;
; 0.728 ; VGA_SYNC:inst|h_count[9]            ; VGA_SYNC:inst|horiz_sync            ; inst2|altpll_component|auto_generated|pll1|clk[0] ; inst2|altpll_component|auto_generated|pll1|clk[0] ; 0.000        ; 0.056      ; 0.928      ;
; 0.751 ; VGA_SYNC:inst|h_count[5]            ; VGA_SYNC:inst|h_count[5]            ; inst2|altpll_component|auto_generated|pll1|clk[0] ; inst2|altpll_component|auto_generated|pll1|clk[0] ; 0.000        ; 0.056      ; 0.951      ;
; 0.752 ; VGA_SYNC:inst|v_count[9]            ; VGA_SYNC:inst|vert_sync             ; inst2|altpll_component|auto_generated|pll1|clk[0] ; inst2|altpll_component|auto_generated|pll1|clk[0] ; 0.000        ; 0.055      ; 0.951      ;
; 0.753 ; VGA_SYNC:inst|v_count[7]            ; VGA_SYNC:inst|pixel_row[7]          ; inst2|altpll_component|auto_generated|pll1|clk[0] ; inst2|altpll_component|auto_generated|pll1|clk[0] ; 0.000        ; 0.058      ; 0.955      ;
; 0.754 ; VGA_SYNC:inst|h_count[5]            ; VGA_SYNC:inst|h_count[8]            ; inst2|altpll_component|auto_generated|pll1|clk[0] ; inst2|altpll_component|auto_generated|pll1|clk[0] ; 0.000        ; 0.056      ; 0.954      ;
; 0.755 ; VGA_SYNC:inst|h_count[5]            ; VGA_SYNC:inst|h_count[9]            ; inst2|altpll_component|auto_generated|pll1|clk[0] ; inst2|altpll_component|auto_generated|pll1|clk[0] ; 0.000        ; 0.056      ; 0.955      ;
; 0.772 ; VGA_SYNC:inst|video_on_h            ; VGA_SYNC:inst|green_out             ; inst2|altpll_component|auto_generated|pll1|clk[0] ; inst2|altpll_component|auto_generated|pll1|clk[0] ; 0.000        ; 0.067      ; 0.983      ;
; 0.772 ; VGA_SYNC:inst|h_count[3]            ; VGA_SYNC:inst|h_count[4]            ; inst2|altpll_component|auto_generated|pll1|clk[0] ; inst2|altpll_component|auto_generated|pll1|clk[0] ; 0.000        ; 0.055      ; 0.971      ;
; 0.773 ; VGA_SYNC:inst|h_count[1]            ; VGA_SYNC:inst|h_count[2]            ; inst2|altpll_component|auto_generated|pll1|clk[0] ; inst2|altpll_component|auto_generated|pll1|clk[0] ; 0.000        ; 0.055      ; 0.972      ;
; 0.774 ; VGA_SYNC:inst|h_count[6]            ; VGA_SYNC:inst|h_count[7]            ; inst2|altpll_component|auto_generated|pll1|clk[0] ; inst2|altpll_component|auto_generated|pll1|clk[0] ; 0.000        ; 0.055      ; 0.973      ;
; 0.775 ; VGA_SYNC:inst|h_count[2]            ; VGA_SYNC:inst|h_count[3]            ; inst2|altpll_component|auto_generated|pll1|clk[0] ; inst2|altpll_component|auto_generated|pll1|clk[0] ; 0.000        ; 0.055      ; 0.974      ;
; 0.782 ; VGA_SYNC:inst|h_count[2]            ; VGA_SYNC:inst|h_count[4]            ; inst2|altpll_component|auto_generated|pll1|clk[0] ; inst2|altpll_component|auto_generated|pll1|clk[0] ; 0.000        ; 0.055      ; 0.981      ;
; 0.788 ; VGA_SYNC:inst|h_count[4]            ; VGA_SYNC:inst|h_count[6]            ; inst2|altpll_component|auto_generated|pll1|clk[0] ; inst2|altpll_component|auto_generated|pll1|clk[0] ; 0.000        ; 0.055      ; 0.987      ;
; 0.812 ; VGA_SYNC:inst|v_count[9]            ; VGA_SYNC:inst|v_count[1]            ; inst2|altpll_component|auto_generated|pll1|clk[0] ; inst2|altpll_component|auto_generated|pll1|clk[0] ; 0.000        ; 0.055      ; 1.011      ;
; 0.820 ; VGA_SYNC:inst|v_count[9]            ; VGA_SYNC:inst|video_on_v            ; inst2|altpll_component|auto_generated|pll1|clk[0] ; inst2|altpll_component|auto_generated|pll1|clk[0] ; 0.000        ; 0.055      ; 1.019      ;
; 0.862 ; VGA_SYNC:inst|h_count[1]            ; VGA_SYNC:inst|h_count[3]            ; inst2|altpll_component|auto_generated|pll1|clk[0] ; inst2|altpll_component|auto_generated|pll1|clk[0] ; 0.000        ; 0.055      ; 1.061      ;
; 0.868 ; VGA_SYNC:inst|h_count[3]            ; VGA_SYNC:inst|h_count[6]            ; inst2|altpll_component|auto_generated|pll1|clk[0] ; inst2|altpll_component|auto_generated|pll1|clk[0] ; 0.000        ; 0.055      ; 1.067      ;
; 0.869 ; VGA_SYNC:inst|h_count[1]            ; VGA_SYNC:inst|h_count[4]            ; inst2|altpll_component|auto_generated|pll1|clk[0] ; inst2|altpll_component|auto_generated|pll1|clk[0] ; 0.000        ; 0.055      ; 1.068      ;
; 0.872 ; VGA_SYNC:inst|v_count[5]            ; VGA_SYNC:inst|pixel_row[5]          ; inst2|altpll_component|auto_generated|pll1|clk[0] ; inst2|altpll_component|auto_generated|pll1|clk[0] ; 0.000        ; 0.057      ; 1.073      ;
; 0.874 ; VGA_SYNC:inst|v_count[7]            ; VGA_SYNC:inst|vert_sync             ; inst2|altpll_component|auto_generated|pll1|clk[0] ; inst2|altpll_component|auto_generated|pll1|clk[0] ; 0.000        ; 0.055      ; 1.073      ;
; 0.877 ; VGA_SYNC:inst|h_count[4]            ; VGA_SYNC:inst|h_count[7]            ; inst2|altpll_component|auto_generated|pll1|clk[0] ; inst2|altpll_component|auto_generated|pll1|clk[0] ; 0.000        ; 0.055      ; 1.076      ;
; 0.878 ; VGA_SYNC:inst|h_count[2]            ; VGA_SYNC:inst|h_count[6]            ; inst2|altpll_component|auto_generated|pll1|clk[0] ; inst2|altpll_component|auto_generated|pll1|clk[0] ; 0.000        ; 0.055      ; 1.077      ;
; 0.891 ; VGA_SYNC:inst|h_count[8]            ; VGA_SYNC:inst|pixel_column[8]       ; inst2|altpll_component|auto_generated|pll1|clk[0] ; inst2|altpll_component|auto_generated|pll1|clk[0] ; 0.000        ; 0.053      ; 1.088      ;
; 0.891 ; VGA_SYNC:inst|v_count[5]            ; VGA_SYNC:inst|vert_sync             ; inst2|altpll_component|auto_generated|pll1|clk[0] ; inst2|altpll_component|auto_generated|pll1|clk[0] ; 0.000        ; 0.055      ; 1.090      ;
; 0.897 ; VGA_SYNC:inst|h_count[5]            ; VGA_SYNC:inst|h_count[6]            ; inst2|altpll_component|auto_generated|pll1|clk[0] ; inst2|altpll_component|auto_generated|pll1|clk[0] ; 0.000        ; 0.056      ; 1.097      ;
; 0.898 ; VGA_SYNC:inst|h_count[9]            ; VGA_SYNC:inst|pixel_column[9]       ; inst2|altpll_component|auto_generated|pll1|clk[0] ; inst2|altpll_component|auto_generated|pll1|clk[0] ; 0.000        ; 0.053      ; 1.095      ;
; 0.901 ; VGA_SYNC:inst|vert_sync             ; VGA_SYNC:inst|vert_sync_out         ; inst2|altpll_component|auto_generated|pll1|clk[0] ; inst2|altpll_component|auto_generated|pll1|clk[0] ; 0.000        ; 0.069      ; 1.114      ;
; 0.905 ; VGA_SYNC:inst|h_count[7]            ; VGA_SYNC:inst|pixel_column[7]       ; inst2|altpll_component|auto_generated|pll1|clk[0] ; inst2|altpll_component|auto_generated|pll1|clk[0] ; 0.000        ; 0.052      ; 1.101      ;
; 0.943 ; VGA_SYNC:inst|h_count[8]            ; VGA_SYNC:inst|horiz_sync            ; inst2|altpll_component|auto_generated|pll1|clk[0] ; inst2|altpll_component|auto_generated|pll1|clk[0] ; 0.000        ; 0.056      ; 1.143      ;
; 0.951 ; VGA_SYNC:inst|h_count[8]            ; VGA_SYNC:inst|h_count[5]            ; inst2|altpll_component|auto_generated|pll1|clk[0] ; inst2|altpll_component|auto_generated|pll1|clk[0] ; 0.000        ; 0.056      ; 1.151      ;
; 0.951 ; VGA_SYNC:inst|h_count[8]            ; VGA_SYNC:inst|h_count[8]            ; inst2|altpll_component|auto_generated|pll1|clk[0] ; inst2|altpll_component|auto_generated|pll1|clk[0] ; 0.000        ; 0.056      ; 1.151      ;
; 0.952 ; VGA_SYNC:inst|h_count[2]            ; VGA_SYNC:inst|h_count[5]            ; inst2|altpll_component|auto_generated|pll1|clk[0] ; inst2|altpll_component|auto_generated|pll1|clk[0] ; 0.000        ; 0.055      ; 1.151      ;
; 0.952 ; VGA_SYNC:inst|h_count[2]            ; VGA_SYNC:inst|h_count[8]            ; inst2|altpll_component|auto_generated|pll1|clk[0] ; inst2|altpll_component|auto_generated|pll1|clk[0] ; 0.000        ; 0.055      ; 1.151      ;
; 0.952 ; VGA_SYNC:inst|h_count[8]            ; VGA_SYNC:inst|h_count[9]            ; inst2|altpll_component|auto_generated|pll1|clk[0] ; inst2|altpll_component|auto_generated|pll1|clk[0] ; 0.000        ; 0.056      ; 1.152      ;
; 0.953 ; VGA_SYNC:inst|h_count[2]            ; VGA_SYNC:inst|h_count[9]            ; inst2|altpll_component|auto_generated|pll1|clk[0] ; inst2|altpll_component|auto_generated|pll1|clk[0] ; 0.000        ; 0.055      ; 1.152      ;
; 0.957 ; VGA_SYNC:inst|h_count[3]            ; VGA_SYNC:inst|h_count[7]            ; inst2|altpll_component|auto_generated|pll1|clk[0] ; inst2|altpll_component|auto_generated|pll1|clk[0] ; 0.000        ; 0.055      ; 1.156      ;
; 0.959 ; VGA_SYNC:inst|v_count[3]            ; VGA_SYNC:inst|vert_sync             ; inst2|altpll_component|auto_generated|pll1|clk[0] ; inst2|altpll_component|auto_generated|pll1|clk[0] ; 0.000        ; 0.055      ; 1.158      ;
; 0.960 ; VGA_SYNC:inst|h_count[0]            ; VGA_SYNC:inst|h_count[1]            ; inst2|altpll_component|auto_generated|pll1|clk[0] ; inst2|altpll_component|auto_generated|pll1|clk[0] ; 0.000        ; 0.055      ; 1.159      ;
; 0.965 ; VGA_SYNC:inst|h_count[1]            ; VGA_SYNC:inst|h_count[6]            ; inst2|altpll_component|auto_generated|pll1|clk[0] ; inst2|altpll_component|auto_generated|pll1|clk[0] ; 0.000        ; 0.055      ; 1.164      ;
; 0.967 ; VGA_SYNC:inst|h_count[0]            ; VGA_SYNC:inst|h_count[2]            ; inst2|altpll_component|auto_generated|pll1|clk[0] ; inst2|altpll_component|auto_generated|pll1|clk[0] ; 0.000        ; 0.055      ; 1.166      ;
; 0.967 ; VGA_SYNC:inst|h_count[2]            ; VGA_SYNC:inst|h_count[7]            ; inst2|altpll_component|auto_generated|pll1|clk[0] ; inst2|altpll_component|auto_generated|pll1|clk[0] ; 0.000        ; 0.055      ; 1.166      ;
; 0.980 ; VGA_SYNC:inst|v_count[6]            ; VGA_SYNC:inst|vert_sync             ; inst2|altpll_component|auto_generated|pll1|clk[0] ; inst2|altpll_component|auto_generated|pll1|clk[0] ; 0.000        ; 0.055      ; 1.179      ;
; 0.984 ; VGA_SYNC:inst|h_count[5]            ; VGA_SYNC:inst|h_count[7]            ; inst2|altpll_component|auto_generated|pll1|clk[0] ; inst2|altpll_component|auto_generated|pll1|clk[0] ; 0.000        ; 0.056      ; 1.184      ;
; 0.985 ; VGA_SYNC:inst|v_count[0]            ; VGA_SYNC:inst|vert_sync             ; inst2|altpll_component|auto_generated|pll1|clk[0] ; inst2|altpll_component|auto_generated|pll1|clk[0] ; 0.000        ; 0.055      ; 1.184      ;
; 0.989 ; VGA_SYNC:inst|v_count[9]            ; VGA_SYNC:inst|v_count[0]            ; inst2|altpll_component|auto_generated|pll1|clk[0] ; inst2|altpll_component|auto_generated|pll1|clk[0] ; 0.000        ; 0.055      ; 1.188      ;
; 1.018 ; VGA_SYNC:inst|h_count[6]            ; VGA_SYNC:inst|h_count[5]            ; inst2|altpll_component|auto_generated|pll1|clk[0] ; inst2|altpll_component|auto_generated|pll1|clk[0] ; 0.000        ; 0.055      ; 1.217      ;
; 1.020 ; VGA_SYNC:inst|h_count[6]            ; VGA_SYNC:inst|h_count[9]            ; inst2|altpll_component|auto_generated|pll1|clk[0] ; inst2|altpll_component|auto_generated|pll1|clk[0] ; 0.000        ; 0.055      ; 1.219      ;
; 1.021 ; VGA_SYNC:inst|h_count[6]            ; VGA_SYNC:inst|h_count[8]            ; inst2|altpll_component|auto_generated|pll1|clk[0] ; inst2|altpll_component|auto_generated|pll1|clk[0] ; 0.000        ; 0.055      ; 1.220      ;
; 1.026 ; VGA_SYNC:inst|h_count[7]            ; VGA_SYNC:inst|horiz_sync            ; inst2|altpll_component|auto_generated|pll1|clk[0] ; inst2|altpll_component|auto_generated|pll1|clk[0] ; 0.000        ; 0.055      ; 1.225      ;
; 1.029 ; VGA_SYNC:inst|h_count[3]            ; VGA_SYNC:inst|h_count[9]            ; inst2|altpll_component|auto_generated|pll1|clk[0] ; inst2|altpll_component|auto_generated|pll1|clk[0] ; 0.000        ; 0.055      ; 1.228      ;
; 1.029 ; VGA_SYNC:inst|h_count[3]            ; VGA_SYNC:inst|h_count[8]            ; inst2|altpll_component|auto_generated|pll1|clk[0] ; inst2|altpll_component|auto_generated|pll1|clk[0] ; 0.000        ; 0.055      ; 1.228      ;
; 1.031 ; VGA_SYNC:inst|h_count[3]            ; VGA_SYNC:inst|h_count[5]            ; inst2|altpll_component|auto_generated|pll1|clk[0] ; inst2|altpll_component|auto_generated|pll1|clk[0] ; 0.000        ; 0.055      ; 1.230      ;
; 1.031 ; VGA_SYNC:inst|v_count[6]            ; VGA_SYNC:inst|v_count[7]            ; inst2|altpll_component|auto_generated|pll1|clk[0] ; inst2|altpll_component|auto_generated|pll1|clk[0] ; 0.000        ; 0.055      ; 1.230      ;
; 1.031 ; VGA_SYNC:inst|v_count[2]            ; VGA_SYNC:inst|v_count[3]            ; inst2|altpll_component|auto_generated|pll1|clk[0] ; inst2|altpll_component|auto_generated|pll1|clk[0] ; 0.000        ; 0.055      ; 1.230      ;
; 1.033 ; VGA_SYNC:inst|v_count[8]            ; VGA_SYNC:inst|v_count[9]            ; inst2|altpll_component|auto_generated|pll1|clk[0] ; inst2|altpll_component|auto_generated|pll1|clk[0] ; 0.000        ; 0.055      ; 1.232      ;
; 1.044 ; VGA_SYNC:inst|v_count[8]            ; VGA_SYNC:inst|vert_sync             ; inst2|altpll_component|auto_generated|pll1|clk[0] ; inst2|altpll_component|auto_generated|pll1|clk[0] ; 0.000        ; 0.055      ; 1.243      ;
; 1.045 ; VGA_SYNC:inst|h_count[2]            ; VGA_SYNC:inst|horiz_sync            ; inst2|altpll_component|auto_generated|pll1|clk[0] ; inst2|altpll_component|auto_generated|pll1|clk[0] ; 0.000        ; 0.055      ; 1.244      ;
; 1.052 ; char_rom:inst6|start_Play           ; char_rom:inst6|character_address[1] ; inst2|altpll_component|auto_generated|pll1|clk[0] ; inst2|altpll_component|auto_generated|pll1|clk[0] ; 0.000        ; 0.041      ; 1.237      ;
+-------+-------------------------------------+-------------------------------------+---------------------------------------------------+---------------------------------------------------+--------------+------------+------------+


+--------------------------------------------------------------------------------------------------------------------------------------------------------------------------------------+
; Slow 1200mV 0C Model Hold: 'VGA_SYNC:inst|vert_sync_out'                                                                                                                             ;
+-------+------------------------------------+------------------------------------+-----------------------------+-----------------------------+--------------+------------+------------+
; Slack ; From Node                          ; To Node                            ; Launch Clock                ; Latch Clock                 ; Relationship ; Clock Skew ; Data Delay ;
+-------+------------------------------------+------------------------------------+-----------------------------+-----------------------------+--------------+------------+------------+
; 0.380 ; bouncy_ball:inst7|ball_y_motion[0] ; bouncy_ball:inst7|ball_y_pos[9]    ; VGA_SYNC:inst|vert_sync_out ; VGA_SYNC:inst|vert_sync_out ; 0.000        ; 0.384      ; 0.908      ;
; 0.454 ; bouncy_ball:inst7|ball_y_pos[8]    ; bouncy_ball:inst7|ball_y_pos[9]    ; VGA_SYNC:inst|vert_sync_out ; VGA_SYNC:inst|vert_sync_out ; 0.000        ; 0.384      ; 0.982      ;
; 0.492 ; bouncy_ball:inst7|ball_y_pos[9]    ; bouncy_ball:inst7|ball_y_pos[9]    ; VGA_SYNC:inst|vert_sync_out ; VGA_SYNC:inst|vert_sync_out ; 0.000        ; 0.066      ; 0.702      ;
; 0.528 ; bouncy_ball:inst7|ball_y_pos[1]    ; bouncy_ball:inst7|ball_y_pos[1]    ; VGA_SYNC:inst|vert_sync_out ; VGA_SYNC:inst|vert_sync_out ; 0.000        ; 0.054      ; 0.726      ;
; 0.533 ; bouncy_ball:inst7|ball_y_pos[6]    ; bouncy_ball:inst7|ball_y_pos[6]    ; VGA_SYNC:inst|vert_sync_out ; VGA_SYNC:inst|vert_sync_out ; 0.000        ; 0.054      ; 0.731      ;
; 0.533 ; bouncy_ball:inst7|ball_y_pos[8]    ; bouncy_ball:inst7|ball_y_pos[8]    ; VGA_SYNC:inst|vert_sync_out ; VGA_SYNC:inst|vert_sync_out ; 0.000        ; 0.054      ; 0.731      ;
; 0.537 ; bouncy_ball:inst7|ball_y_pos[7]    ; bouncy_ball:inst7|ball_y_pos[7]    ; VGA_SYNC:inst|vert_sync_out ; VGA_SYNC:inst|vert_sync_out ; 0.000        ; 0.054      ; 0.735      ;
; 0.539 ; bouncy_ball:inst7|ball_y_pos[7]    ; bouncy_ball:inst7|ball_y_pos[9]    ; VGA_SYNC:inst|vert_sync_out ; VGA_SYNC:inst|vert_sync_out ; 0.000        ; 0.384      ; 1.067      ;
; 0.542 ; bouncy_ball:inst7|ball_y_pos[5]    ; bouncy_ball:inst7|ball_y_pos[5]    ; VGA_SYNC:inst|vert_sync_out ; VGA_SYNC:inst|vert_sync_out ; 0.000        ; 0.054      ; 0.740      ;
; 0.544 ; bouncy_ball:inst7|ball_y_pos[0]    ; bouncy_ball:inst7|ball_y_pos[0]    ; VGA_SYNC:inst|vert_sync_out ; VGA_SYNC:inst|vert_sync_out ; 0.000        ; 0.054      ; 0.742      ;
; 0.545 ; bouncy_ball:inst7|ball_y_pos[4]    ; bouncy_ball:inst7|ball_y_pos[4]    ; VGA_SYNC:inst|vert_sync_out ; VGA_SYNC:inst|vert_sync_out ; 0.000        ; 0.054      ; 0.743      ;
; 0.548 ; bouncy_ball:inst7|ball_y_pos[3]    ; bouncy_ball:inst7|ball_y_pos[3]    ; VGA_SYNC:inst|vert_sync_out ; VGA_SYNC:inst|vert_sync_out ; 0.000        ; 0.054      ; 0.746      ;
; 0.550 ; bouncy_ball:inst7|ball_y_pos[6]    ; bouncy_ball:inst7|ball_y_pos[9]    ; VGA_SYNC:inst|vert_sync_out ; VGA_SYNC:inst|vert_sync_out ; 0.000        ; 0.384      ; 1.078      ;
; 0.606 ; bouncy_ball:inst7|pipe_x_pos[10]   ; bouncy_ball:inst7|pipe_x_pos[10]   ; VGA_SYNC:inst|vert_sync_out ; VGA_SYNC:inst|vert_sync_out ; 0.000        ; 0.067      ; 0.817      ;
; 0.640 ; bouncy_ball:inst7|ball_y_pos[5]    ; bouncy_ball:inst7|ball_y_pos[9]    ; VGA_SYNC:inst|vert_sync_out ; VGA_SYNC:inst|vert_sync_out ; 0.000        ; 0.384      ; 1.168      ;
; 0.652 ; bouncy_ball:inst7|ball_y_pos[2]    ; bouncy_ball:inst7|ball_y_pos[2]    ; VGA_SYNC:inst|vert_sync_out ; VGA_SYNC:inst|vert_sync_out ; 0.000        ; 0.054      ; 0.850      ;
; 0.654 ; bouncy_ball:inst7|ball_y_motion[0] ; bouncy_ball:inst7|ball_y_pos[7]    ; VGA_SYNC:inst|vert_sync_out ; VGA_SYNC:inst|vert_sync_out ; 0.000        ; 0.054      ; 0.852      ;
; 0.658 ; bouncy_ball:inst7|ball_y_pos[4]    ; bouncy_ball:inst7|ball_y_pos[9]    ; VGA_SYNC:inst|vert_sync_out ; VGA_SYNC:inst|vert_sync_out ; 0.000        ; 0.384      ; 1.186      ;
; 0.701 ; bouncy_ball:inst7|ball_y_motion[0] ; bouncy_ball:inst7|ball_y_pos[2]    ; VGA_SYNC:inst|vert_sync_out ; VGA_SYNC:inst|vert_sync_out ; 0.000        ; 0.054      ; 0.899      ;
; 0.703 ; bouncy_ball:inst7|ball_y_motion[0] ; bouncy_ball:inst7|ball_y_pos[3]    ; VGA_SYNC:inst|vert_sync_out ; VGA_SYNC:inst|vert_sync_out ; 0.000        ; 0.054      ; 0.901      ;
; 0.705 ; bouncy_ball:inst7|ball_y_motion[0] ; bouncy_ball:inst7|ball_y_pos[4]    ; VGA_SYNC:inst|vert_sync_out ; VGA_SYNC:inst|vert_sync_out ; 0.000        ; 0.054      ; 0.903      ;
; 0.706 ; bouncy_ball:inst7|ball_y_motion[0] ; bouncy_ball:inst7|ball_y_pos[6]    ; VGA_SYNC:inst|vert_sync_out ; VGA_SYNC:inst|vert_sync_out ; 0.000        ; 0.054      ; 0.904      ;
; 0.707 ; bouncy_ball:inst7|ball_y_motion[0] ; bouncy_ball:inst7|ball_y_pos[8]    ; VGA_SYNC:inst|vert_sync_out ; VGA_SYNC:inst|vert_sync_out ; 0.000        ; 0.054      ; 0.905      ;
; 0.707 ; bouncy_ball:inst7|ball_y_motion[0] ; bouncy_ball:inst7|ball_y_pos[5]    ; VGA_SYNC:inst|vert_sync_out ; VGA_SYNC:inst|vert_sync_out ; 0.000        ; 0.054      ; 0.905      ;
; 0.712 ; bouncy_ball:inst7|ball_y_motion[0] ; bouncy_ball:inst7|ball_y_pos[0]    ; VGA_SYNC:inst|vert_sync_out ; VGA_SYNC:inst|vert_sync_out ; 0.000        ; 0.054      ; 0.910      ;
; 0.742 ; bouncy_ball:inst7|ball_y_pos[3]    ; bouncy_ball:inst7|ball_y_pos[9]    ; VGA_SYNC:inst|vert_sync_out ; VGA_SYNC:inst|vert_sync_out ; 0.000        ; 0.384      ; 1.270      ;
; 0.771 ; bouncy_ball:inst7|ball_y_pos[1]    ; bouncy_ball:inst7|ball_y_pos[2]    ; VGA_SYNC:inst|vert_sync_out ; VGA_SYNC:inst|vert_sync_out ; 0.000        ; 0.054      ; 0.969      ;
; 0.780 ; bouncy_ball:inst7|ball_y_pos[7]    ; bouncy_ball:inst7|ball_y_pos[8]    ; VGA_SYNC:inst|vert_sync_out ; VGA_SYNC:inst|vert_sync_out ; 0.000        ; 0.054      ; 0.978      ;
; 0.783 ; bouncy_ball:inst7|ball_y_pos[0]    ; bouncy_ball:inst7|ball_y_pos[1]    ; VGA_SYNC:inst|vert_sync_out ; VGA_SYNC:inst|vert_sync_out ; 0.000        ; 0.054      ; 0.981      ;
; 0.784 ; bouncy_ball:inst7|ball_y_pos[6]    ; bouncy_ball:inst7|ball_y_pos[7]    ; VGA_SYNC:inst|vert_sync_out ; VGA_SYNC:inst|vert_sync_out ; 0.000        ; 0.054      ; 0.982      ;
; 0.785 ; bouncy_ball:inst7|pipe_x_pos[8]    ; bouncy_ball:inst7|pipe_x_pos[8]    ; VGA_SYNC:inst|vert_sync_out ; VGA_SYNC:inst|vert_sync_out ; 0.000        ; 0.067      ; 0.996      ;
; 0.785 ; bouncy_ball:inst7|ball_y_pos[5]    ; bouncy_ball:inst7|ball_y_pos[6]    ; VGA_SYNC:inst|vert_sync_out ; VGA_SYNC:inst|vert_sync_out ; 0.000        ; 0.054      ; 0.983      ;
; 0.790 ; bouncy_ball:inst7|pipe_x_pos[5]    ; bouncy_ball:inst7|pipe_x_pos[5]    ; VGA_SYNC:inst|vert_sync_out ; VGA_SYNC:inst|vert_sync_out ; 0.000        ; 0.055      ; 0.989      ;
; 0.790 ; bouncy_ball:inst7|ball_y_pos[0]    ; bouncy_ball:inst7|ball_y_pos[2]    ; VGA_SYNC:inst|vert_sync_out ; VGA_SYNC:inst|vert_sync_out ; 0.000        ; 0.054      ; 0.988      ;
; 0.791 ; bouncy_ball:inst7|ball_y_pos[3]    ; bouncy_ball:inst7|ball_y_pos[4]    ; VGA_SYNC:inst|vert_sync_out ; VGA_SYNC:inst|vert_sync_out ; 0.000        ; 0.054      ; 0.989      ;
; 0.791 ; bouncy_ball:inst7|ball_y_pos[6]    ; bouncy_ball:inst7|ball_y_pos[8]    ; VGA_SYNC:inst|vert_sync_out ; VGA_SYNC:inst|vert_sync_out ; 0.000        ; 0.054      ; 0.989      ;
; 0.796 ; bouncy_ball:inst7|pipe_x_pos[4]    ; bouncy_ball:inst7|pipe_x_pos[4]    ; VGA_SYNC:inst|vert_sync_out ; VGA_SYNC:inst|vert_sync_out ; 0.000        ; 0.055      ; 0.995      ;
; 0.796 ; bouncy_ball:inst7|ball_y_pos[4]    ; bouncy_ball:inst7|ball_y_pos[5]    ; VGA_SYNC:inst|vert_sync_out ; VGA_SYNC:inst|vert_sync_out ; 0.000        ; 0.054      ; 0.994      ;
; 0.803 ; bouncy_ball:inst7|ball_y_pos[4]    ; bouncy_ball:inst7|ball_y_pos[6]    ; VGA_SYNC:inst|vert_sync_out ; VGA_SYNC:inst|vert_sync_out ; 0.000        ; 0.054      ; 1.001      ;
; 0.818 ; bouncy_ball:inst7|ball_y_pos[1]    ; bouncy_ball:inst7|ball_y_pos[9]    ; VGA_SYNC:inst|vert_sync_out ; VGA_SYNC:inst|vert_sync_out ; 0.000        ; 0.384      ; 1.346      ;
; 0.819 ; bouncy_ball:inst7|pipe_x_pos[5]    ; bouncy_ball:inst7|pipe_x_pos[8]    ; VGA_SYNC:inst|vert_sync_out ; VGA_SYNC:inst|vert_sync_out ; 0.000        ; 0.381      ; 1.344      ;
; 0.824 ; bouncy_ball:inst7|pipe_x_pos[4]    ; bouncy_ball:inst7|pipe_x_pos[8]    ; VGA_SYNC:inst|vert_sync_out ; VGA_SYNC:inst|vert_sync_out ; 0.000        ; 0.381      ; 1.349      ;
; 0.828 ; bouncy_ball:inst7|pipe_x_pos[7]    ; bouncy_ball:inst7|pipe_x_pos[8]    ; VGA_SYNC:inst|vert_sync_out ; VGA_SYNC:inst|vert_sync_out ; 0.000        ; 0.380      ; 1.352      ;
; 0.837 ; bouncy_ball:inst7|ball_y_pos[0]    ; bouncy_ball:inst7|ball_y_pos[9]    ; VGA_SYNC:inst|vert_sync_out ; VGA_SYNC:inst|vert_sync_out ; 0.000        ; 0.384      ; 1.365      ;
; 0.860 ; bouncy_ball:inst7|ball_y_pos[1]    ; bouncy_ball:inst7|ball_y_pos[3]    ; VGA_SYNC:inst|vert_sync_out ; VGA_SYNC:inst|vert_sync_out ; 0.000        ; 0.054      ; 1.058      ;
; 0.861 ; bouncy_ball:inst7|ball_y_pos[2]    ; bouncy_ball:inst7|ball_y_pos[9]    ; VGA_SYNC:inst|vert_sync_out ; VGA_SYNC:inst|vert_sync_out ; 0.000        ; 0.384      ; 1.389      ;
; 0.865 ; bouncy_ball:inst7|ball_y_pos[9]    ; bouncy_ball:inst7|ball_y_motion[0] ; VGA_SYNC:inst|vert_sync_out ; VGA_SYNC:inst|vert_sync_out ; 0.000        ; -0.264     ; 0.745      ;
; 0.867 ; bouncy_ball:inst7|ball_y_pos[1]    ; bouncy_ball:inst7|ball_y_pos[4]    ; VGA_SYNC:inst|vert_sync_out ; VGA_SYNC:inst|vert_sync_out ; 0.000        ; 0.054      ; 1.065      ;
; 0.874 ; bouncy_ball:inst7|ball_y_pos[5]    ; bouncy_ball:inst7|ball_y_pos[7]    ; VGA_SYNC:inst|vert_sync_out ; VGA_SYNC:inst|vert_sync_out ; 0.000        ; 0.054      ; 1.072      ;
; 0.879 ; bouncy_ball:inst7|ball_y_pos[0]    ; bouncy_ball:inst7|ball_y_pos[3]    ; VGA_SYNC:inst|vert_sync_out ; VGA_SYNC:inst|vert_sync_out ; 0.000        ; 0.054      ; 1.077      ;
; 0.880 ; bouncy_ball:inst7|ball_y_pos[3]    ; bouncy_ball:inst7|ball_y_pos[5]    ; VGA_SYNC:inst|vert_sync_out ; VGA_SYNC:inst|vert_sync_out ; 0.000        ; 0.054      ; 1.078      ;
; 0.881 ; bouncy_ball:inst7|ball_y_pos[5]    ; bouncy_ball:inst7|ball_y_pos[8]    ; VGA_SYNC:inst|vert_sync_out ; VGA_SYNC:inst|vert_sync_out ; 0.000        ; 0.054      ; 1.079      ;
; 0.886 ; bouncy_ball:inst7|ball_y_pos[0]    ; bouncy_ball:inst7|ball_y_pos[4]    ; VGA_SYNC:inst|vert_sync_out ; VGA_SYNC:inst|vert_sync_out ; 0.000        ; 0.054      ; 1.084      ;
; 0.887 ; bouncy_ball:inst7|ball_y_pos[3]    ; bouncy_ball:inst7|ball_y_pos[6]    ; VGA_SYNC:inst|vert_sync_out ; VGA_SYNC:inst|vert_sync_out ; 0.000        ; 0.054      ; 1.085      ;
; 0.892 ; bouncy_ball:inst7|ball_y_pos[4]    ; bouncy_ball:inst7|ball_y_pos[7]    ; VGA_SYNC:inst|vert_sync_out ; VGA_SYNC:inst|vert_sync_out ; 0.000        ; 0.054      ; 1.090      ;
; 0.899 ; bouncy_ball:inst7|ball_y_pos[4]    ; bouncy_ball:inst7|ball_y_pos[8]    ; VGA_SYNC:inst|vert_sync_out ; VGA_SYNC:inst|vert_sync_out ; 0.000        ; 0.054      ; 1.097      ;
; 0.903 ; bouncy_ball:inst7|ball_y_pos[2]    ; bouncy_ball:inst7|ball_y_pos[3]    ; VGA_SYNC:inst|vert_sync_out ; VGA_SYNC:inst|vert_sync_out ; 0.000        ; 0.054      ; 1.101      ;
; 0.907 ; bouncy_ball:inst7|ball_y_pos[4]    ; bouncy_ball:inst7|ball_y_motion[0] ; VGA_SYNC:inst|vert_sync_out ; VGA_SYNC:inst|vert_sync_out ; 0.000        ; 0.054      ; 1.105      ;
; 0.910 ; bouncy_ball:inst7|ball_y_pos[2]    ; bouncy_ball:inst7|ball_y_pos[4]    ; VGA_SYNC:inst|vert_sync_out ; VGA_SYNC:inst|vert_sync_out ; 0.000        ; 0.054      ; 1.108      ;
; 0.913 ; bouncy_ball:inst7|ball_y_pos[7]    ; bouncy_ball:inst7|ball_y_motion[0] ; VGA_SYNC:inst|vert_sync_out ; VGA_SYNC:inst|vert_sync_out ; 0.000        ; 0.054      ; 1.111      ;
; 0.917 ; bouncy_ball:inst7|pipe_x_pos[5]    ; bouncy_ball:inst7|pipe_x_pos[10]   ; VGA_SYNC:inst|vert_sync_out ; VGA_SYNC:inst|vert_sync_out ; 0.000        ; 0.381      ; 1.442      ;
; 0.920 ; bouncy_ball:inst7|pipe_x_pos[6]    ; bouncy_ball:inst7|pipe_x_pos[8]    ; VGA_SYNC:inst|vert_sync_out ; VGA_SYNC:inst|vert_sync_out ; 0.000        ; 0.380      ; 1.444      ;
; 0.921 ; bouncy_ball:inst7|pipe_x_pos[4]    ; bouncy_ball:inst7|pipe_x_pos[10]   ; VGA_SYNC:inst|vert_sync_out ; VGA_SYNC:inst|vert_sync_out ; 0.000        ; 0.381      ; 1.446      ;
; 0.923 ; bouncy_ball:inst7|pipe_x_pos[2]    ; bouncy_ball:inst7|pipe_x_pos[8]    ; VGA_SYNC:inst|vert_sync_out ; VGA_SYNC:inst|vert_sync_out ; 0.000        ; 0.381      ; 1.448      ;
; 0.925 ; bouncy_ball:inst7|pipe_x_pos[7]    ; bouncy_ball:inst7|pipe_x_pos[10]   ; VGA_SYNC:inst|vert_sync_out ; VGA_SYNC:inst|vert_sync_out ; 0.000        ; 0.380      ; 1.449      ;
; 0.930 ; bouncy_ball:inst7|pipe_x_pos[0]    ; bouncy_ball:inst7|pipe_x_pos[10]   ; VGA_SYNC:inst|vert_sync_out ; VGA_SYNC:inst|vert_sync_out ; 0.000        ; 0.381      ; 1.455      ;
; 0.931 ; bouncy_ball:inst7|pipe_x_pos[0]    ; bouncy_ball:inst7|pipe_x_pos[8]    ; VGA_SYNC:inst|vert_sync_out ; VGA_SYNC:inst|vert_sync_out ; 0.000        ; 0.381      ; 1.456      ;
; 0.947 ; bouncy_ball:inst7|ball_y_motion[0] ; bouncy_ball:inst7|ball_y_pos[1]    ; VGA_SYNC:inst|vert_sync_out ; VGA_SYNC:inst|vert_sync_out ; 0.000        ; 0.054      ; 1.145      ;
; 0.949 ; bouncy_ball:inst7|ball_y_pos[8]    ; bouncy_ball:inst7|ball_y_motion[0] ; VGA_SYNC:inst|vert_sync_out ; VGA_SYNC:inst|vert_sync_out ; 0.000        ; 0.054      ; 1.147      ;
; 0.956 ; bouncy_ball:inst7|ball_y_pos[1]    ; bouncy_ball:inst7|ball_y_pos[5]    ; VGA_SYNC:inst|vert_sync_out ; VGA_SYNC:inst|vert_sync_out ; 0.000        ; 0.054      ; 1.154      ;
; 0.963 ; bouncy_ball:inst7|ball_y_pos[1]    ; bouncy_ball:inst7|ball_y_pos[6]    ; VGA_SYNC:inst|vert_sync_out ; VGA_SYNC:inst|vert_sync_out ; 0.000        ; 0.054      ; 1.161      ;
; 0.966 ; bouncy_ball:inst7|pipe_x_pos[5]    ; bouncy_ball:inst7|pipe_x_pos[9]    ; VGA_SYNC:inst|vert_sync_out ; VGA_SYNC:inst|vert_sync_out ; 0.000        ; 0.382      ; 1.492      ;
; 0.975 ; bouncy_ball:inst7|ball_y_pos[0]    ; bouncy_ball:inst7|ball_y_pos[5]    ; VGA_SYNC:inst|vert_sync_out ; VGA_SYNC:inst|vert_sync_out ; 0.000        ; 0.054      ; 1.173      ;
; 0.976 ; bouncy_ball:inst7|ball_y_pos[3]    ; bouncy_ball:inst7|ball_y_pos[7]    ; VGA_SYNC:inst|vert_sync_out ; VGA_SYNC:inst|vert_sync_out ; 0.000        ; 0.054      ; 1.174      ;
; 0.982 ; bouncy_ball:inst7|ball_y_pos[0]    ; bouncy_ball:inst7|ball_y_pos[6]    ; VGA_SYNC:inst|vert_sync_out ; VGA_SYNC:inst|vert_sync_out ; 0.000        ; 0.054      ; 1.180      ;
; 0.983 ; bouncy_ball:inst7|ball_y_pos[3]    ; bouncy_ball:inst7|ball_y_pos[8]    ; VGA_SYNC:inst|vert_sync_out ; VGA_SYNC:inst|vert_sync_out ; 0.000        ; 0.054      ; 1.181      ;
; 0.992 ; bouncy_ball:inst7|pipe_x_pos[6]    ; bouncy_ball:inst7|pipe_x_pos[10]   ; VGA_SYNC:inst|vert_sync_out ; VGA_SYNC:inst|vert_sync_out ; 0.000        ; 0.380      ; 1.516      ;
; 0.999 ; bouncy_ball:inst7|ball_y_pos[2]    ; bouncy_ball:inst7|ball_y_pos[5]    ; VGA_SYNC:inst|vert_sync_out ; VGA_SYNC:inst|vert_sync_out ; 0.000        ; 0.054      ; 1.197      ;
; 1.003 ; bouncy_ball:inst7|ball_y_pos[1]    ; bouncy_ball:inst7|ball_y_motion[0] ; VGA_SYNC:inst|vert_sync_out ; VGA_SYNC:inst|vert_sync_out ; 0.000        ; 0.054      ; 1.201      ;
; 1.006 ; bouncy_ball:inst7|ball_y_pos[2]    ; bouncy_ball:inst7|ball_y_pos[6]    ; VGA_SYNC:inst|vert_sync_out ; VGA_SYNC:inst|vert_sync_out ; 0.000        ; 0.054      ; 1.204      ;
; 1.017 ; bouncy_ball:inst7|pipe_x_pos[2]    ; bouncy_ball:inst7|pipe_x_pos[10]   ; VGA_SYNC:inst|vert_sync_out ; VGA_SYNC:inst|vert_sync_out ; 0.000        ; 0.381      ; 1.542      ;
; 1.041 ; bouncy_ball:inst7|pipe_x_pos[9]    ; bouncy_ball:inst7|pipe_x_pos[10]   ; VGA_SYNC:inst|vert_sync_out ; VGA_SYNC:inst|vert_sync_out ; 0.000        ; 0.067      ; 1.252      ;
; 1.041 ; bouncy_ball:inst7|pipe_x_pos[9]    ; bouncy_ball:inst7|pipe_x_pos[8]    ; VGA_SYNC:inst|vert_sync_out ; VGA_SYNC:inst|vert_sync_out ; 0.000        ; 0.067      ; 1.252      ;
; 1.043 ; bouncy_ball:inst7|pipe_x_pos[4]    ; bouncy_ball:inst7|pipe_x_pos[5]    ; VGA_SYNC:inst|vert_sync_out ; VGA_SYNC:inst|vert_sync_out ; 0.000        ; 0.055      ; 1.242      ;
; 1.043 ; bouncy_ball:inst7|pipe_x_pos[8]    ; bouncy_ball:inst7|pipe_x_pos[10]   ; VGA_SYNC:inst|vert_sync_out ; VGA_SYNC:inst|vert_sync_out ; 0.000        ; 0.067      ; 1.254      ;
; 1.047 ; bouncy_ball:inst7|pipe_x_pos[2]    ; bouncy_ball:inst7|pipe_x_pos[2]    ; VGA_SYNC:inst|vert_sync_out ; VGA_SYNC:inst|vert_sync_out ; 0.000        ; 0.055      ; 1.246      ;
; 1.052 ; bouncy_ball:inst7|ball_y_pos[1]    ; bouncy_ball:inst7|ball_y_pos[7]    ; VGA_SYNC:inst|vert_sync_out ; VGA_SYNC:inst|vert_sync_out ; 0.000        ; 0.054      ; 1.250      ;
; 1.053 ; bouncy_ball:inst7|pipe_x_pos[4]    ; bouncy_ball:inst7|pipe_x_pos[9]    ; VGA_SYNC:inst|vert_sync_out ; VGA_SYNC:inst|vert_sync_out ; 0.000        ; 0.382      ; 1.579      ;
; 1.054 ; bouncy_ball:inst7|pipe_x_pos[7]    ; bouncy_ball:inst7|pipe_x_pos[7]    ; VGA_SYNC:inst|vert_sync_out ; VGA_SYNC:inst|vert_sync_out ; 0.000        ; 0.054      ; 1.252      ;
; 1.055 ; bouncy_ball:inst7|pipe_x_pos[0]    ; bouncy_ball:inst7|pipe_x_pos[2]    ; VGA_SYNC:inst|vert_sync_out ; VGA_SYNC:inst|vert_sync_out ; 0.000        ; 0.055      ; 1.254      ;
; 1.056 ; bouncy_ball:inst7|pipe_x_pos[2]    ; bouncy_ball:inst7|pipe_x_pos[4]    ; VGA_SYNC:inst|vert_sync_out ; VGA_SYNC:inst|vert_sync_out ; 0.000        ; 0.055      ; 1.255      ;
; 1.057 ; bouncy_ball:inst7|pipe_x_pos[7]    ; bouncy_ball:inst7|pipe_x_pos[9]    ; VGA_SYNC:inst|vert_sync_out ; VGA_SYNC:inst|vert_sync_out ; 0.000        ; 0.381      ; 1.582      ;
; 1.059 ; bouncy_ball:inst7|ball_y_pos[1]    ; bouncy_ball:inst7|ball_y_pos[8]    ; VGA_SYNC:inst|vert_sync_out ; VGA_SYNC:inst|vert_sync_out ; 0.000        ; 0.054      ; 1.257      ;
; 1.067 ; bouncy_ball:inst7|pipe_x_pos[6]    ; bouncy_ball:inst7|pipe_x_pos[9]    ; VGA_SYNC:inst|vert_sync_out ; VGA_SYNC:inst|vert_sync_out ; 0.000        ; 0.381      ; 1.592      ;
; 1.068 ; bouncy_ball:inst7|pipe_x_pos[9]    ; bouncy_ball:inst7|pipe_x_pos[9]    ; VGA_SYNC:inst|vert_sync_out ; VGA_SYNC:inst|vert_sync_out ; 0.000        ; 0.068      ; 1.280      ;
; 1.071 ; bouncy_ball:inst7|ball_y_pos[0]    ; bouncy_ball:inst7|ball_y_pos[7]    ; VGA_SYNC:inst|vert_sync_out ; VGA_SYNC:inst|vert_sync_out ; 0.000        ; 0.054      ; 1.269      ;
; 1.074 ; bouncy_ball:inst7|pipe_x_pos[3]    ; bouncy_ball:inst7|pipe_x_pos[8]    ; VGA_SYNC:inst|vert_sync_out ; VGA_SYNC:inst|vert_sync_out ; 0.000        ; 0.380      ; 1.598      ;
; 1.078 ; bouncy_ball:inst7|ball_y_pos[0]    ; bouncy_ball:inst7|ball_y_pos[8]    ; VGA_SYNC:inst|vert_sync_out ; VGA_SYNC:inst|vert_sync_out ; 0.000        ; 0.054      ; 1.276      ;
; 1.085 ; bouncy_ball:inst7|ball_y_motion[0] ; bouncy_ball:inst7|ball_y_motion[0] ; VGA_SYNC:inst|vert_sync_out ; VGA_SYNC:inst|vert_sync_out ; 0.000        ; 0.054      ; 1.283      ;
; 1.086 ; bouncy_ball:inst7|ball_y_pos[5]    ; bouncy_ball:inst7|ball_y_motion[0] ; VGA_SYNC:inst|vert_sync_out ; VGA_SYNC:inst|vert_sync_out ; 0.000        ; 0.054      ; 1.284      ;
+-------+------------------------------------+------------------------------------+-----------------------------+-----------------------------+--------------+------------+------------+


+--------------------------------------------------------------------------------------------------------------------------------------------+
; Slow 1200mV 0C Model Minimum Pulse Width: 'VGA_SYNC:inst|vert_sync_out'                                                                    ;
+--------+--------------+----------------+------------------+-----------------------------+------------+-------------------------------------+
; Slack  ; Actual Width ; Required Width ; Type             ; Clock                       ; Clock Edge ; Target                              ;
+--------+--------------+----------------+------------------+-----------------------------+------------+-------------------------------------+
; -1.000 ; 1.000        ; 2.000          ; Min Period       ; VGA_SYNC:inst|vert_sync_out ; Rise       ; bouncy_ball:inst7|ball_y_motion[0]  ;
; -1.000 ; 1.000        ; 2.000          ; Min Period       ; VGA_SYNC:inst|vert_sync_out ; Rise       ; bouncy_ball:inst7|ball_y_pos[0]     ;
; -1.000 ; 1.000        ; 2.000          ; Min Period       ; VGA_SYNC:inst|vert_sync_out ; Rise       ; bouncy_ball:inst7|ball_y_pos[1]     ;
; -1.000 ; 1.000        ; 2.000          ; Min Period       ; VGA_SYNC:inst|vert_sync_out ; Rise       ; bouncy_ball:inst7|ball_y_pos[2]     ;
; -1.000 ; 1.000        ; 2.000          ; Min Period       ; VGA_SYNC:inst|vert_sync_out ; Rise       ; bouncy_ball:inst7|ball_y_pos[3]     ;
; -1.000 ; 1.000        ; 2.000          ; Min Period       ; VGA_SYNC:inst|vert_sync_out ; Rise       ; bouncy_ball:inst7|ball_y_pos[4]     ;
; -1.000 ; 1.000        ; 2.000          ; Min Period       ; VGA_SYNC:inst|vert_sync_out ; Rise       ; bouncy_ball:inst7|ball_y_pos[5]     ;
; -1.000 ; 1.000        ; 2.000          ; Min Period       ; VGA_SYNC:inst|vert_sync_out ; Rise       ; bouncy_ball:inst7|ball_y_pos[6]     ;
; -1.000 ; 1.000        ; 2.000          ; Min Period       ; VGA_SYNC:inst|vert_sync_out ; Rise       ; bouncy_ball:inst7|ball_y_pos[7]     ;
; -1.000 ; 1.000        ; 2.000          ; Min Period       ; VGA_SYNC:inst|vert_sync_out ; Rise       ; bouncy_ball:inst7|ball_y_pos[8]     ;
; -1.000 ; 1.000        ; 2.000          ; Min Period       ; VGA_SYNC:inst|vert_sync_out ; Rise       ; bouncy_ball:inst7|ball_y_pos[9]     ;
; -1.000 ; 1.000        ; 2.000          ; Min Period       ; VGA_SYNC:inst|vert_sync_out ; Rise       ; bouncy_ball:inst7|pipe_x_pos[0]     ;
; -1.000 ; 1.000        ; 2.000          ; Min Period       ; VGA_SYNC:inst|vert_sync_out ; Rise       ; bouncy_ball:inst7|pipe_x_pos[10]    ;
; -1.000 ; 1.000        ; 2.000          ; Min Period       ; VGA_SYNC:inst|vert_sync_out ; Rise       ; bouncy_ball:inst7|pipe_x_pos[1]     ;
; -1.000 ; 1.000        ; 2.000          ; Min Period       ; VGA_SYNC:inst|vert_sync_out ; Rise       ; bouncy_ball:inst7|pipe_x_pos[2]     ;
; -1.000 ; 1.000        ; 2.000          ; Min Period       ; VGA_SYNC:inst|vert_sync_out ; Rise       ; bouncy_ball:inst7|pipe_x_pos[3]     ;
; -1.000 ; 1.000        ; 2.000          ; Min Period       ; VGA_SYNC:inst|vert_sync_out ; Rise       ; bouncy_ball:inst7|pipe_x_pos[4]     ;
; -1.000 ; 1.000        ; 2.000          ; Min Period       ; VGA_SYNC:inst|vert_sync_out ; Rise       ; bouncy_ball:inst7|pipe_x_pos[5]     ;
; -1.000 ; 1.000        ; 2.000          ; Min Period       ; VGA_SYNC:inst|vert_sync_out ; Rise       ; bouncy_ball:inst7|pipe_x_pos[6]     ;
; -1.000 ; 1.000        ; 2.000          ; Min Period       ; VGA_SYNC:inst|vert_sync_out ; Rise       ; bouncy_ball:inst7|pipe_x_pos[7]     ;
; -1.000 ; 1.000        ; 2.000          ; Min Period       ; VGA_SYNC:inst|vert_sync_out ; Rise       ; bouncy_ball:inst7|pipe_x_pos[8]     ;
; -1.000 ; 1.000        ; 2.000          ; Min Period       ; VGA_SYNC:inst|vert_sync_out ; Rise       ; bouncy_ball:inst7|pipe_x_pos[9]     ;
; 0.281  ; 0.465        ; 0.184          ; Low Pulse Width  ; VGA_SYNC:inst|vert_sync_out ; Rise       ; bouncy_ball:inst7|pipe_x_pos[10]    ;
; 0.281  ; 0.465        ; 0.184          ; Low Pulse Width  ; VGA_SYNC:inst|vert_sync_out ; Rise       ; bouncy_ball:inst7|pipe_x_pos[8]     ;
; 0.281  ; 0.465        ; 0.184          ; Low Pulse Width  ; VGA_SYNC:inst|vert_sync_out ; Rise       ; bouncy_ball:inst7|pipe_x_pos[9]     ;
; 0.287  ; 0.471        ; 0.184          ; Low Pulse Width  ; VGA_SYNC:inst|vert_sync_out ; Rise       ; bouncy_ball:inst7|ball_y_pos[9]     ;
; 0.290  ; 0.474        ; 0.184          ; Low Pulse Width  ; VGA_SYNC:inst|vert_sync_out ; Rise       ; bouncy_ball:inst7|pipe_x_pos[1]     ;
; 0.291  ; 0.475        ; 0.184          ; Low Pulse Width  ; VGA_SYNC:inst|vert_sync_out ; Rise       ; bouncy_ball:inst7|pipe_x_pos[3]     ;
; 0.291  ; 0.475        ; 0.184          ; Low Pulse Width  ; VGA_SYNC:inst|vert_sync_out ; Rise       ; bouncy_ball:inst7|pipe_x_pos[6]     ;
; 0.291  ; 0.475        ; 0.184          ; Low Pulse Width  ; VGA_SYNC:inst|vert_sync_out ; Rise       ; bouncy_ball:inst7|pipe_x_pos[7]     ;
; 0.292  ; 0.476        ; 0.184          ; Low Pulse Width  ; VGA_SYNC:inst|vert_sync_out ; Rise       ; bouncy_ball:inst7|pipe_x_pos[0]     ;
; 0.292  ; 0.476        ; 0.184          ; Low Pulse Width  ; VGA_SYNC:inst|vert_sync_out ; Rise       ; bouncy_ball:inst7|pipe_x_pos[2]     ;
; 0.292  ; 0.476        ; 0.184          ; Low Pulse Width  ; VGA_SYNC:inst|vert_sync_out ; Rise       ; bouncy_ball:inst7|pipe_x_pos[4]     ;
; 0.292  ; 0.476        ; 0.184          ; Low Pulse Width  ; VGA_SYNC:inst|vert_sync_out ; Rise       ; bouncy_ball:inst7|pipe_x_pos[5]     ;
; 0.293  ; 0.477        ; 0.184          ; Low Pulse Width  ; VGA_SYNC:inst|vert_sync_out ; Rise       ; bouncy_ball:inst7|ball_y_motion[0]  ;
; 0.293  ; 0.477        ; 0.184          ; Low Pulse Width  ; VGA_SYNC:inst|vert_sync_out ; Rise       ; bouncy_ball:inst7|ball_y_pos[0]     ;
; 0.293  ; 0.477        ; 0.184          ; Low Pulse Width  ; VGA_SYNC:inst|vert_sync_out ; Rise       ; bouncy_ball:inst7|ball_y_pos[1]     ;
; 0.293  ; 0.477        ; 0.184          ; Low Pulse Width  ; VGA_SYNC:inst|vert_sync_out ; Rise       ; bouncy_ball:inst7|ball_y_pos[2]     ;
; 0.293  ; 0.477        ; 0.184          ; Low Pulse Width  ; VGA_SYNC:inst|vert_sync_out ; Rise       ; bouncy_ball:inst7|ball_y_pos[3]     ;
; 0.293  ; 0.477        ; 0.184          ; Low Pulse Width  ; VGA_SYNC:inst|vert_sync_out ; Rise       ; bouncy_ball:inst7|ball_y_pos[4]     ;
; 0.293  ; 0.477        ; 0.184          ; Low Pulse Width  ; VGA_SYNC:inst|vert_sync_out ; Rise       ; bouncy_ball:inst7|ball_y_pos[5]     ;
; 0.293  ; 0.477        ; 0.184          ; Low Pulse Width  ; VGA_SYNC:inst|vert_sync_out ; Rise       ; bouncy_ball:inst7|ball_y_pos[6]     ;
; 0.293  ; 0.477        ; 0.184          ; Low Pulse Width  ; VGA_SYNC:inst|vert_sync_out ; Rise       ; bouncy_ball:inst7|ball_y_pos[7]     ;
; 0.293  ; 0.477        ; 0.184          ; Low Pulse Width  ; VGA_SYNC:inst|vert_sync_out ; Rise       ; bouncy_ball:inst7|ball_y_pos[8]     ;
; 0.306  ; 0.522        ; 0.216          ; High Pulse Width ; VGA_SYNC:inst|vert_sync_out ; Rise       ; bouncy_ball:inst7|ball_y_motion[0]  ;
; 0.306  ; 0.522        ; 0.216          ; High Pulse Width ; VGA_SYNC:inst|vert_sync_out ; Rise       ; bouncy_ball:inst7|ball_y_pos[0]     ;
; 0.306  ; 0.522        ; 0.216          ; High Pulse Width ; VGA_SYNC:inst|vert_sync_out ; Rise       ; bouncy_ball:inst7|ball_y_pos[1]     ;
; 0.306  ; 0.522        ; 0.216          ; High Pulse Width ; VGA_SYNC:inst|vert_sync_out ; Rise       ; bouncy_ball:inst7|ball_y_pos[2]     ;
; 0.306  ; 0.522        ; 0.216          ; High Pulse Width ; VGA_SYNC:inst|vert_sync_out ; Rise       ; bouncy_ball:inst7|ball_y_pos[3]     ;
; 0.306  ; 0.522        ; 0.216          ; High Pulse Width ; VGA_SYNC:inst|vert_sync_out ; Rise       ; bouncy_ball:inst7|ball_y_pos[4]     ;
; 0.306  ; 0.522        ; 0.216          ; High Pulse Width ; VGA_SYNC:inst|vert_sync_out ; Rise       ; bouncy_ball:inst7|ball_y_pos[5]     ;
; 0.306  ; 0.522        ; 0.216          ; High Pulse Width ; VGA_SYNC:inst|vert_sync_out ; Rise       ; bouncy_ball:inst7|ball_y_pos[6]     ;
; 0.306  ; 0.522        ; 0.216          ; High Pulse Width ; VGA_SYNC:inst|vert_sync_out ; Rise       ; bouncy_ball:inst7|ball_y_pos[7]     ;
; 0.306  ; 0.522        ; 0.216          ; High Pulse Width ; VGA_SYNC:inst|vert_sync_out ; Rise       ; bouncy_ball:inst7|ball_y_pos[8]     ;
; 0.307  ; 0.523        ; 0.216          ; High Pulse Width ; VGA_SYNC:inst|vert_sync_out ; Rise       ; bouncy_ball:inst7|pipe_x_pos[3]     ;
; 0.307  ; 0.523        ; 0.216          ; High Pulse Width ; VGA_SYNC:inst|vert_sync_out ; Rise       ; bouncy_ball:inst7|pipe_x_pos[6]     ;
; 0.307  ; 0.523        ; 0.216          ; High Pulse Width ; VGA_SYNC:inst|vert_sync_out ; Rise       ; bouncy_ball:inst7|pipe_x_pos[7]     ;
; 0.308  ; 0.524        ; 0.216          ; High Pulse Width ; VGA_SYNC:inst|vert_sync_out ; Rise       ; bouncy_ball:inst7|pipe_x_pos[0]     ;
; 0.308  ; 0.524        ; 0.216          ; High Pulse Width ; VGA_SYNC:inst|vert_sync_out ; Rise       ; bouncy_ball:inst7|pipe_x_pos[1]     ;
; 0.308  ; 0.524        ; 0.216          ; High Pulse Width ; VGA_SYNC:inst|vert_sync_out ; Rise       ; bouncy_ball:inst7|pipe_x_pos[2]     ;
; 0.308  ; 0.524        ; 0.216          ; High Pulse Width ; VGA_SYNC:inst|vert_sync_out ; Rise       ; bouncy_ball:inst7|pipe_x_pos[4]     ;
; 0.308  ; 0.524        ; 0.216          ; High Pulse Width ; VGA_SYNC:inst|vert_sync_out ; Rise       ; bouncy_ball:inst7|pipe_x_pos[5]     ;
; 0.311  ; 0.527        ; 0.216          ; High Pulse Width ; VGA_SYNC:inst|vert_sync_out ; Rise       ; bouncy_ball:inst7|ball_y_pos[9]     ;
; 0.317  ; 0.533        ; 0.216          ; High Pulse Width ; VGA_SYNC:inst|vert_sync_out ; Rise       ; bouncy_ball:inst7|pipe_x_pos[10]    ;
; 0.317  ; 0.533        ; 0.216          ; High Pulse Width ; VGA_SYNC:inst|vert_sync_out ; Rise       ; bouncy_ball:inst7|pipe_x_pos[8]     ;
; 0.318  ; 0.534        ; 0.216          ; High Pulse Width ; VGA_SYNC:inst|vert_sync_out ; Rise       ; bouncy_ball:inst7|pipe_x_pos[9]     ;
; 0.441  ; 0.441        ; 0.000          ; Low Pulse Width  ; VGA_SYNC:inst|vert_sync_out ; Rise       ; inst7|pipe_x_pos[10]|clk            ;
; 0.441  ; 0.441        ; 0.000          ; Low Pulse Width  ; VGA_SYNC:inst|vert_sync_out ; Rise       ; inst7|pipe_x_pos[8]|clk             ;
; 0.441  ; 0.441        ; 0.000          ; Low Pulse Width  ; VGA_SYNC:inst|vert_sync_out ; Rise       ; inst7|pipe_x_pos[9]|clk             ;
; 0.447  ; 0.447        ; 0.000          ; Low Pulse Width  ; VGA_SYNC:inst|vert_sync_out ; Rise       ; inst7|ball_y_pos[9]|clk             ;
; 0.450  ; 0.450        ; 0.000          ; Low Pulse Width  ; VGA_SYNC:inst|vert_sync_out ; Rise       ; inst7|pipe_x_pos[1]|clk             ;
; 0.451  ; 0.451        ; 0.000          ; Low Pulse Width  ; VGA_SYNC:inst|vert_sync_out ; Rise       ; inst7|pipe_x_pos[3]|clk             ;
; 0.451  ; 0.451        ; 0.000          ; Low Pulse Width  ; VGA_SYNC:inst|vert_sync_out ; Rise       ; inst7|pipe_x_pos[6]|clk             ;
; 0.451  ; 0.451        ; 0.000          ; Low Pulse Width  ; VGA_SYNC:inst|vert_sync_out ; Rise       ; inst7|pipe_x_pos[7]|clk             ;
; 0.452  ; 0.452        ; 0.000          ; Low Pulse Width  ; VGA_SYNC:inst|vert_sync_out ; Rise       ; inst7|pipe_x_pos[0]|clk             ;
; 0.452  ; 0.452        ; 0.000          ; Low Pulse Width  ; VGA_SYNC:inst|vert_sync_out ; Rise       ; inst7|pipe_x_pos[2]|clk             ;
; 0.452  ; 0.452        ; 0.000          ; Low Pulse Width  ; VGA_SYNC:inst|vert_sync_out ; Rise       ; inst7|pipe_x_pos[4]|clk             ;
; 0.452  ; 0.452        ; 0.000          ; Low Pulse Width  ; VGA_SYNC:inst|vert_sync_out ; Rise       ; inst7|pipe_x_pos[5]|clk             ;
; 0.453  ; 0.453        ; 0.000          ; Low Pulse Width  ; VGA_SYNC:inst|vert_sync_out ; Rise       ; inst7|ball_y_motion[0]|clk          ;
; 0.453  ; 0.453        ; 0.000          ; Low Pulse Width  ; VGA_SYNC:inst|vert_sync_out ; Rise       ; inst7|ball_y_pos[0]|clk             ;
; 0.453  ; 0.453        ; 0.000          ; Low Pulse Width  ; VGA_SYNC:inst|vert_sync_out ; Rise       ; inst7|ball_y_pos[1]|clk             ;
; 0.453  ; 0.453        ; 0.000          ; Low Pulse Width  ; VGA_SYNC:inst|vert_sync_out ; Rise       ; inst7|ball_y_pos[2]|clk             ;
; 0.453  ; 0.453        ; 0.000          ; Low Pulse Width  ; VGA_SYNC:inst|vert_sync_out ; Rise       ; inst7|ball_y_pos[3]|clk             ;
; 0.453  ; 0.453        ; 0.000          ; Low Pulse Width  ; VGA_SYNC:inst|vert_sync_out ; Rise       ; inst7|ball_y_pos[4]|clk             ;
; 0.453  ; 0.453        ; 0.000          ; Low Pulse Width  ; VGA_SYNC:inst|vert_sync_out ; Rise       ; inst7|ball_y_pos[5]|clk             ;
; 0.453  ; 0.453        ; 0.000          ; Low Pulse Width  ; VGA_SYNC:inst|vert_sync_out ; Rise       ; inst7|ball_y_pos[6]|clk             ;
; 0.453  ; 0.453        ; 0.000          ; Low Pulse Width  ; VGA_SYNC:inst|vert_sync_out ; Rise       ; inst7|ball_y_pos[7]|clk             ;
; 0.453  ; 0.453        ; 0.000          ; Low Pulse Width  ; VGA_SYNC:inst|vert_sync_out ; Rise       ; inst7|ball_y_pos[8]|clk             ;
; 0.458  ; 0.458        ; 0.000          ; Low Pulse Width  ; VGA_SYNC:inst|vert_sync_out ; Rise       ; inst|vert_sync_out~clkctrl|inclk[0] ;
; 0.458  ; 0.458        ; 0.000          ; Low Pulse Width  ; VGA_SYNC:inst|vert_sync_out ; Rise       ; inst|vert_sync_out~clkctrl|outclk   ;
; 0.500  ; 0.500        ; 0.000          ; High Pulse Width ; VGA_SYNC:inst|vert_sync_out ; Rise       ; inst|vert_sync_out|q                ;
; 0.500  ; 0.500        ; 0.000          ; Low Pulse Width  ; VGA_SYNC:inst|vert_sync_out ; Rise       ; inst|vert_sync_out|q                ;
; 0.541  ; 0.541        ; 0.000          ; High Pulse Width ; VGA_SYNC:inst|vert_sync_out ; Rise       ; inst|vert_sync_out~clkctrl|inclk[0] ;
; 0.541  ; 0.541        ; 0.000          ; High Pulse Width ; VGA_SYNC:inst|vert_sync_out ; Rise       ; inst|vert_sync_out~clkctrl|outclk   ;
; 0.546  ; 0.546        ; 0.000          ; High Pulse Width ; VGA_SYNC:inst|vert_sync_out ; Rise       ; inst7|ball_y_motion[0]|clk          ;
; 0.546  ; 0.546        ; 0.000          ; High Pulse Width ; VGA_SYNC:inst|vert_sync_out ; Rise       ; inst7|ball_y_pos[0]|clk             ;
; 0.546  ; 0.546        ; 0.000          ; High Pulse Width ; VGA_SYNC:inst|vert_sync_out ; Rise       ; inst7|ball_y_pos[1]|clk             ;
; 0.546  ; 0.546        ; 0.000          ; High Pulse Width ; VGA_SYNC:inst|vert_sync_out ; Rise       ; inst7|ball_y_pos[2]|clk             ;
; 0.546  ; 0.546        ; 0.000          ; High Pulse Width ; VGA_SYNC:inst|vert_sync_out ; Rise       ; inst7|ball_y_pos[3]|clk             ;
; 0.546  ; 0.546        ; 0.000          ; High Pulse Width ; VGA_SYNC:inst|vert_sync_out ; Rise       ; inst7|ball_y_pos[4]|clk             ;
+--------+--------------+----------------+------------------+-----------------------------+------------+-------------------------------------+


+----------------------------------------------------------------------------------------------------------------------------------------------+
; Slow 1200mV 0C Model Minimum Pulse Width: 'clk'                                                                                              ;
+--------+--------------+----------------+------------------+-------+------------+-------------------------------------------------------------+
; Slack  ; Actual Width ; Required Width ; Type             ; Clock ; Clock Edge ; Target                                                      ;
+--------+--------------+----------------+------------------+-------+------------+-------------------------------------------------------------+
; 9.785  ; 9.785        ; 0.000          ; Low Pulse Width  ; clk   ; Rise       ; inst2|altpll_component|auto_generated|pll1|clk[0]           ;
; 9.785  ; 9.785        ; 0.000          ; Low Pulse Width  ; clk   ; Rise       ; inst2|altpll_component|auto_generated|pll1|observablevcoout ;
; 9.839  ; 9.839        ; 0.000          ; Low Pulse Width  ; clk   ; Rise       ; clk~input|o                                                 ;
; 9.860  ; 9.860        ; 0.000          ; Low Pulse Width  ; clk   ; Rise       ; inst2|altpll_component|auto_generated|pll1|inclk[0]         ;
; 10.000 ; 10.000       ; 0.000          ; High Pulse Width ; clk   ; Rise       ; clk~input|i                                                 ;
; 10.000 ; 10.000       ; 0.000          ; Low Pulse Width  ; clk   ; Rise       ; clk~input|i                                                 ;
; 10.139 ; 10.139       ; 0.000          ; High Pulse Width ; clk   ; Rise       ; inst2|altpll_component|auto_generated|pll1|inclk[0]         ;
; 10.161 ; 10.161       ; 0.000          ; High Pulse Width ; clk   ; Rise       ; clk~input|o                                                 ;
; 10.212 ; 10.212       ; 0.000          ; High Pulse Width ; clk   ; Rise       ; inst2|altpll_component|auto_generated|pll1|clk[0]           ;
; 10.212 ; 10.212       ; 0.000          ; High Pulse Width ; clk   ; Rise       ; inst2|altpll_component|auto_generated|pll1|observablevcoout ;
; 16.000 ; 20.000       ; 4.000          ; Port Rate        ; clk   ; Rise       ; clk                                                         ;
+--------+--------------+----------------+------------------+-------+------------+-------------------------------------------------------------+


+--------------------------------------------------------------------------------------------------------------------------------------------------------------------------------------------------------------------------------------------+
; Slow 1200mV 0C Model Minimum Pulse Width: 'inst2|altpll_component|auto_generated|pll1|clk[0]'                                                                                                                                              ;
+--------+--------------+----------------+------------------+---------------------------------------------------+------------+---------------------------------------------------------------------------------------------------------------+
; Slack  ; Actual Width ; Required Width ; Type             ; Clock                                             ; Clock Edge ; Target                                                                                                        ;
+--------+--------------+----------------+------------------+---------------------------------------------------+------------+---------------------------------------------------------------------------------------------------------------+
; 19.742 ; 19.972       ; 0.230          ; Low Pulse Width  ; inst2|altpll_component|auto_generated|pll1|clk[0] ; Rise       ; char_rom:inst6|altsyncram:altsyncram_component|altsyncram_kt91:auto_generated|ram_block1a0~porta_address_reg0 ;
; 19.747 ; 19.963       ; 0.216          ; High Pulse Width ; inst2|altpll_component|auto_generated|pll1|clk[0] ; Rise       ; VGA_SYNC:inst|pixel_row[3]                                                                                    ;
; 19.747 ; 19.963       ; 0.216          ; High Pulse Width ; inst2|altpll_component|auto_generated|pll1|clk[0] ; Rise       ; VGA_SYNC:inst|pixel_row[8]                                                                                    ;
; 19.747 ; 19.963       ; 0.216          ; High Pulse Width ; inst2|altpll_component|auto_generated|pll1|clk[0] ; Rise       ; VGA_SYNC:inst|v_count[2]                                                                                      ;
; 19.747 ; 19.963       ; 0.216          ; High Pulse Width ; inst2|altpll_component|auto_generated|pll1|clk[0] ; Rise       ; VGA_SYNC:inst|v_count[3]                                                                                      ;
; 19.747 ; 19.963       ; 0.216          ; High Pulse Width ; inst2|altpll_component|auto_generated|pll1|clk[0] ; Rise       ; VGA_SYNC:inst|v_count[6]                                                                                      ;
; 19.747 ; 19.963       ; 0.216          ; High Pulse Width ; inst2|altpll_component|auto_generated|pll1|clk[0] ; Rise       ; VGA_SYNC:inst|v_count[7]                                                                                      ;
; 19.747 ; 19.963       ; 0.216          ; High Pulse Width ; inst2|altpll_component|auto_generated|pll1|clk[0] ; Rise       ; VGA_SYNC:inst|v_count[8]                                                                                      ;
; 19.747 ; 19.963       ; 0.216          ; High Pulse Width ; inst2|altpll_component|auto_generated|pll1|clk[0] ; Rise       ; VGA_SYNC:inst|v_count[9]                                                                                      ;
; 19.748 ; 19.964       ; 0.216          ; High Pulse Width ; inst2|altpll_component|auto_generated|pll1|clk[0] ; Rise       ; VGA_SYNC:inst|pixel_row[1]                                                                                    ;
; 19.748 ; 19.964       ; 0.216          ; High Pulse Width ; inst2|altpll_component|auto_generated|pll1|clk[0] ; Rise       ; VGA_SYNC:inst|pixel_row[2]                                                                                    ;
; 19.748 ; 19.964       ; 0.216          ; High Pulse Width ; inst2|altpll_component|auto_generated|pll1|clk[0] ; Rise       ; VGA_SYNC:inst|v_count[0]                                                                                      ;
; 19.748 ; 19.964       ; 0.216          ; High Pulse Width ; inst2|altpll_component|auto_generated|pll1|clk[0] ; Rise       ; VGA_SYNC:inst|v_count[1]                                                                                      ;
; 19.748 ; 19.964       ; 0.216          ; High Pulse Width ; inst2|altpll_component|auto_generated|pll1|clk[0] ; Rise       ; VGA_SYNC:inst|v_count[4]                                                                                      ;
; 19.748 ; 19.964       ; 0.216          ; High Pulse Width ; inst2|altpll_component|auto_generated|pll1|clk[0] ; Rise       ; VGA_SYNC:inst|v_count[5]                                                                                      ;
; 19.748 ; 19.964       ; 0.216          ; High Pulse Width ; inst2|altpll_component|auto_generated|pll1|clk[0] ; Rise       ; VGA_SYNC:inst|vert_sync                                                                                       ;
; 19.748 ; 19.964       ; 0.216          ; High Pulse Width ; inst2|altpll_component|auto_generated|pll1|clk[0] ; Rise       ; VGA_SYNC:inst|video_on_v                                                                                      ;
; 19.749 ; 19.965       ; 0.216          ; High Pulse Width ; inst2|altpll_component|auto_generated|pll1|clk[0] ; Rise       ; VGA_SYNC:inst|pixel_row[4]                                                                                    ;
; 19.749 ; 19.965       ; 0.216          ; High Pulse Width ; inst2|altpll_component|auto_generated|pll1|clk[0] ; Rise       ; VGA_SYNC:inst|pixel_row[6]                                                                                    ;
; 19.749 ; 19.965       ; 0.216          ; High Pulse Width ; inst2|altpll_component|auto_generated|pll1|clk[0] ; Rise       ; VGA_SYNC:inst|pixel_row[7]                                                                                    ;
; 19.750 ; 19.966       ; 0.216          ; High Pulse Width ; inst2|altpll_component|auto_generated|pll1|clk[0] ; Rise       ; VGA_SYNC:inst|pixel_column[0]                                                                                 ;
; 19.750 ; 19.966       ; 0.216          ; High Pulse Width ; inst2|altpll_component|auto_generated|pll1|clk[0] ; Rise       ; VGA_SYNC:inst|pixel_row[0]                                                                                    ;
; 19.750 ; 19.966       ; 0.216          ; High Pulse Width ; inst2|altpll_component|auto_generated|pll1|clk[0] ; Rise       ; VGA_SYNC:inst|pixel_row[5]                                                                                    ;
; 19.750 ; 19.966       ; 0.216          ; High Pulse Width ; inst2|altpll_component|auto_generated|pll1|clk[0] ; Rise       ; VGA_SYNC:inst|vert_sync_out                                                                                   ;
; 19.752 ; 19.968       ; 0.216          ; High Pulse Width ; inst2|altpll_component|auto_generated|pll1|clk[0] ; Rise       ; VGA_SYNC:inst|h_count[0]                                                                                      ;
; 19.752 ; 19.968       ; 0.216          ; High Pulse Width ; inst2|altpll_component|auto_generated|pll1|clk[0] ; Rise       ; VGA_SYNC:inst|h_count[1]                                                                                      ;
; 19.752 ; 19.968       ; 0.216          ; High Pulse Width ; inst2|altpll_component|auto_generated|pll1|clk[0] ; Rise       ; VGA_SYNC:inst|h_count[2]                                                                                      ;
; 19.752 ; 19.968       ; 0.216          ; High Pulse Width ; inst2|altpll_component|auto_generated|pll1|clk[0] ; Rise       ; VGA_SYNC:inst|h_count[3]                                                                                      ;
; 19.752 ; 19.968       ; 0.216          ; High Pulse Width ; inst2|altpll_component|auto_generated|pll1|clk[0] ; Rise       ; VGA_SYNC:inst|h_count[4]                                                                                      ;
; 19.752 ; 19.968       ; 0.216          ; High Pulse Width ; inst2|altpll_component|auto_generated|pll1|clk[0] ; Rise       ; VGA_SYNC:inst|h_count[5]                                                                                      ;
; 19.752 ; 19.968       ; 0.216          ; High Pulse Width ; inst2|altpll_component|auto_generated|pll1|clk[0] ; Rise       ; VGA_SYNC:inst|h_count[6]                                                                                      ;
; 19.752 ; 19.968       ; 0.216          ; High Pulse Width ; inst2|altpll_component|auto_generated|pll1|clk[0] ; Rise       ; VGA_SYNC:inst|h_count[7]                                                                                      ;
; 19.752 ; 19.968       ; 0.216          ; High Pulse Width ; inst2|altpll_component|auto_generated|pll1|clk[0] ; Rise       ; VGA_SYNC:inst|h_count[8]                                                                                      ;
; 19.752 ; 19.968       ; 0.216          ; High Pulse Width ; inst2|altpll_component|auto_generated|pll1|clk[0] ; Rise       ; VGA_SYNC:inst|h_count[9]                                                                                      ;
; 19.752 ; 19.968       ; 0.216          ; High Pulse Width ; inst2|altpll_component|auto_generated|pll1|clk[0] ; Rise       ; VGA_SYNC:inst|horiz_sync                                                                                      ;
; 19.752 ; 19.968       ; 0.216          ; High Pulse Width ; inst2|altpll_component|auto_generated|pll1|clk[0] ; Rise       ; VGA_SYNC:inst|pixel_column[1]                                                                                 ;
; 19.752 ; 19.968       ; 0.216          ; High Pulse Width ; inst2|altpll_component|auto_generated|pll1|clk[0] ; Rise       ; VGA_SYNC:inst|pixel_column[2]                                                                                 ;
; 19.752 ; 19.968       ; 0.216          ; High Pulse Width ; inst2|altpll_component|auto_generated|pll1|clk[0] ; Rise       ; VGA_SYNC:inst|pixel_column[3]                                                                                 ;
; 19.752 ; 19.968       ; 0.216          ; High Pulse Width ; inst2|altpll_component|auto_generated|pll1|clk[0] ; Rise       ; VGA_SYNC:inst|pixel_column[4]                                                                                 ;
; 19.752 ; 19.968       ; 0.216          ; High Pulse Width ; inst2|altpll_component|auto_generated|pll1|clk[0] ; Rise       ; VGA_SYNC:inst|pixel_column[5]                                                                                 ;
; 19.752 ; 19.968       ; 0.216          ; High Pulse Width ; inst2|altpll_component|auto_generated|pll1|clk[0] ; Rise       ; VGA_SYNC:inst|pixel_column[6]                                                                                 ;
; 19.752 ; 19.968       ; 0.216          ; High Pulse Width ; inst2|altpll_component|auto_generated|pll1|clk[0] ; Rise       ; VGA_SYNC:inst|pixel_column[7]                                                                                 ;
; 19.752 ; 19.968       ; 0.216          ; High Pulse Width ; inst2|altpll_component|auto_generated|pll1|clk[0] ; Rise       ; VGA_SYNC:inst|pixel_column[8]                                                                                 ;
; 19.752 ; 19.968       ; 0.216          ; High Pulse Width ; inst2|altpll_component|auto_generated|pll1|clk[0] ; Rise       ; VGA_SYNC:inst|pixel_column[9]                                                                                 ;
; 19.753 ; 19.969       ; 0.216          ; High Pulse Width ; inst2|altpll_component|auto_generated|pll1|clk[0] ; Rise       ; VGA_SYNC:inst|horiz_sync_out                                                                                  ;
; 19.756 ; 19.972       ; 0.216          ; High Pulse Width ; inst2|altpll_component|auto_generated|pll1|clk[0] ; Rise       ; VGA_SYNC:inst|blue_out                                                                                        ;
; 19.756 ; 19.972       ; 0.216          ; High Pulse Width ; inst2|altpll_component|auto_generated|pll1|clk[0] ; Rise       ; VGA_SYNC:inst|red_out                                                                                         ;
; 19.761 ; 19.977       ; 0.216          ; High Pulse Width ; inst2|altpll_component|auto_generated|pll1|clk[0] ; Rise       ; VGA_SYNC:inst|green_out                                                                                       ;
; 19.761 ; 19.977       ; 0.216          ; High Pulse Width ; inst2|altpll_component|auto_generated|pll1|clk[0] ; Rise       ; VGA_SYNC:inst|video_on_h                                                                                      ;
; 19.791 ; 19.975       ; 0.184          ; Low Pulse Width  ; inst2|altpll_component|auto_generated|pll1|clk[0] ; Fall       ; char_rom:inst6|character_address[0]                                                                           ;
; 19.791 ; 19.975       ; 0.184          ; Low Pulse Width  ; inst2|altpll_component|auto_generated|pll1|clk[0] ; Fall       ; char_rom:inst6|character_address[1]                                                                           ;
; 19.791 ; 19.975       ; 0.184          ; Low Pulse Width  ; inst2|altpll_component|auto_generated|pll1|clk[0] ; Fall       ; char_rom:inst6|character_address[2]                                                                           ;
; 19.791 ; 19.975       ; 0.184          ; Low Pulse Width  ; inst2|altpll_component|auto_generated|pll1|clk[0] ; Fall       ; char_rom:inst6|character_address[3]                                                                           ;
; 19.791 ; 19.975       ; 0.184          ; Low Pulse Width  ; inst2|altpll_component|auto_generated|pll1|clk[0] ; Fall       ; char_rom:inst6|character_address[4]                                                                           ;
; 19.791 ; 19.975       ; 0.184          ; Low Pulse Width  ; inst2|altpll_component|auto_generated|pll1|clk[0] ; Fall       ; char_rom:inst6|rom_address[0]                                                                                 ;
; 19.791 ; 19.975       ; 0.184          ; Low Pulse Width  ; inst2|altpll_component|auto_generated|pll1|clk[0] ; Fall       ; char_rom:inst6|rom_address[1]                                                                                 ;
; 19.791 ; 19.975       ; 0.184          ; Low Pulse Width  ; inst2|altpll_component|auto_generated|pll1|clk[0] ; Fall       ; char_rom:inst6|rom_address[2]                                                                                 ;
; 19.791 ; 19.975       ; 0.184          ; Low Pulse Width  ; inst2|altpll_component|auto_generated|pll1|clk[0] ; Fall       ; char_rom:inst6|rom_address[3]                                                                                 ;
; 19.791 ; 19.975       ; 0.184          ; Low Pulse Width  ; inst2|altpll_component|auto_generated|pll1|clk[0] ; Fall       ; char_rom:inst6|rom_address[4]                                                                                 ;
; 19.791 ; 19.975       ; 0.184          ; Low Pulse Width  ; inst2|altpll_component|auto_generated|pll1|clk[0] ; Fall       ; char_rom:inst6|rom_address[5]                                                                                 ;
; 19.791 ; 19.975       ; 0.184          ; Low Pulse Width  ; inst2|altpll_component|auto_generated|pll1|clk[0] ; Fall       ; char_rom:inst6|rom_address[6]                                                                                 ;
; 19.791 ; 19.975       ; 0.184          ; Low Pulse Width  ; inst2|altpll_component|auto_generated|pll1|clk[0] ; Fall       ; char_rom:inst6|rom_address[7]                                                                                 ;
; 19.794 ; 20.024       ; 0.230          ; High Pulse Width ; inst2|altpll_component|auto_generated|pll1|clk[0] ; Rise       ; char_rom:inst6|altsyncram:altsyncram_component|altsyncram_kt91:auto_generated|ram_block1a0~porta_address_reg0 ;
; 19.794 ; 19.978       ; 0.184          ; Low Pulse Width  ; inst2|altpll_component|auto_generated|pll1|clk[0] ; Fall       ; char_rom:inst6|mode                                                                                           ;
; 19.794 ; 19.978       ; 0.184          ; Low Pulse Width  ; inst2|altpll_component|auto_generated|pll1|clk[0] ; Fall       ; char_rom:inst6|rom_mux_output                                                                                 ;
; 19.794 ; 19.978       ; 0.184          ; Low Pulse Width  ; inst2|altpll_component|auto_generated|pll1|clk[0] ; Fall       ; char_rom:inst6|start_Play                                                                                     ;
; 19.805 ; 20.021       ; 0.216          ; High Pulse Width ; inst2|altpll_component|auto_generated|pll1|clk[0] ; Fall       ; char_rom:inst6|mode                                                                                           ;
; 19.805 ; 20.021       ; 0.216          ; High Pulse Width ; inst2|altpll_component|auto_generated|pll1|clk[0] ; Fall       ; char_rom:inst6|rom_mux_output                                                                                 ;
; 19.805 ; 20.021       ; 0.216          ; High Pulse Width ; inst2|altpll_component|auto_generated|pll1|clk[0] ; Fall       ; char_rom:inst6|start_Play                                                                                     ;
; 19.807 ; 20.023       ; 0.216          ; High Pulse Width ; inst2|altpll_component|auto_generated|pll1|clk[0] ; Fall       ; char_rom:inst6|character_address[0]                                                                           ;
; 19.807 ; 20.023       ; 0.216          ; High Pulse Width ; inst2|altpll_component|auto_generated|pll1|clk[0] ; Fall       ; char_rom:inst6|character_address[1]                                                                           ;
; 19.807 ; 20.023       ; 0.216          ; High Pulse Width ; inst2|altpll_component|auto_generated|pll1|clk[0] ; Fall       ; char_rom:inst6|character_address[2]                                                                           ;
; 19.807 ; 20.023       ; 0.216          ; High Pulse Width ; inst2|altpll_component|auto_generated|pll1|clk[0] ; Fall       ; char_rom:inst6|character_address[3]                                                                           ;
; 19.807 ; 20.023       ; 0.216          ; High Pulse Width ; inst2|altpll_component|auto_generated|pll1|clk[0] ; Fall       ; char_rom:inst6|character_address[4]                                                                           ;
; 19.807 ; 20.023       ; 0.216          ; High Pulse Width ; inst2|altpll_component|auto_generated|pll1|clk[0] ; Fall       ; char_rom:inst6|rom_address[0]                                                                                 ;
; 19.807 ; 20.023       ; 0.216          ; High Pulse Width ; inst2|altpll_component|auto_generated|pll1|clk[0] ; Fall       ; char_rom:inst6|rom_address[1]                                                                                 ;
; 19.807 ; 20.023       ; 0.216          ; High Pulse Width ; inst2|altpll_component|auto_generated|pll1|clk[0] ; Fall       ; char_rom:inst6|rom_address[2]                                                                                 ;
; 19.807 ; 20.023       ; 0.216          ; High Pulse Width ; inst2|altpll_component|auto_generated|pll1|clk[0] ; Fall       ; char_rom:inst6|rom_address[3]                                                                                 ;
; 19.807 ; 20.023       ; 0.216          ; High Pulse Width ; inst2|altpll_component|auto_generated|pll1|clk[0] ; Fall       ; char_rom:inst6|rom_address[4]                                                                                 ;
; 19.807 ; 20.023       ; 0.216          ; High Pulse Width ; inst2|altpll_component|auto_generated|pll1|clk[0] ; Fall       ; char_rom:inst6|rom_address[5]                                                                                 ;
; 19.807 ; 20.023       ; 0.216          ; High Pulse Width ; inst2|altpll_component|auto_generated|pll1|clk[0] ; Fall       ; char_rom:inst6|rom_address[6]                                                                                 ;
; 19.807 ; 20.023       ; 0.216          ; High Pulse Width ; inst2|altpll_component|auto_generated|pll1|clk[0] ; Fall       ; char_rom:inst6|rom_address[7]                                                                                 ;
; 19.839 ; 20.023       ; 0.184          ; Low Pulse Width  ; inst2|altpll_component|auto_generated|pll1|clk[0] ; Rise       ; VGA_SYNC:inst|green_out                                                                                       ;
; 19.839 ; 20.023       ; 0.184          ; Low Pulse Width  ; inst2|altpll_component|auto_generated|pll1|clk[0] ; Rise       ; VGA_SYNC:inst|video_on_h                                                                                      ;
; 19.844 ; 20.028       ; 0.184          ; Low Pulse Width  ; inst2|altpll_component|auto_generated|pll1|clk[0] ; Rise       ; VGA_SYNC:inst|blue_out                                                                                        ;
; 19.844 ; 20.028       ; 0.184          ; Low Pulse Width  ; inst2|altpll_component|auto_generated|pll1|clk[0] ; Rise       ; VGA_SYNC:inst|red_out                                                                                         ;
; 19.846 ; 20.030       ; 0.184          ; Low Pulse Width  ; inst2|altpll_component|auto_generated|pll1|clk[0] ; Rise       ; VGA_SYNC:inst|h_count[5]                                                                                      ;
; 19.846 ; 20.030       ; 0.184          ; Low Pulse Width  ; inst2|altpll_component|auto_generated|pll1|clk[0] ; Rise       ; VGA_SYNC:inst|h_count[8]                                                                                      ;
; 19.846 ; 20.030       ; 0.184          ; Low Pulse Width  ; inst2|altpll_component|auto_generated|pll1|clk[0] ; Rise       ; VGA_SYNC:inst|h_count[9]                                                                                      ;
; 19.846 ; 20.030       ; 0.184          ; Low Pulse Width  ; inst2|altpll_component|auto_generated|pll1|clk[0] ; Rise       ; VGA_SYNC:inst|horiz_sync                                                                                      ;
; 19.846 ; 20.030       ; 0.184          ; Low Pulse Width  ; inst2|altpll_component|auto_generated|pll1|clk[0] ; Rise       ; VGA_SYNC:inst|horiz_sync_out                                                                                  ;
; 19.846 ; 20.030       ; 0.184          ; Low Pulse Width  ; inst2|altpll_component|auto_generated|pll1|clk[0] ; Rise       ; VGA_SYNC:inst|pixel_column[2]                                                                                 ;
; 19.846 ; 20.030       ; 0.184          ; Low Pulse Width  ; inst2|altpll_component|auto_generated|pll1|clk[0] ; Rise       ; VGA_SYNC:inst|pixel_column[3]                                                                                 ;
; 19.846 ; 20.030       ; 0.184          ; Low Pulse Width  ; inst2|altpll_component|auto_generated|pll1|clk[0] ; Rise       ; VGA_SYNC:inst|pixel_column[4]                                                                                 ;
; 19.846 ; 20.030       ; 0.184          ; Low Pulse Width  ; inst2|altpll_component|auto_generated|pll1|clk[0] ; Rise       ; VGA_SYNC:inst|pixel_column[5]                                                                                 ;
; 19.846 ; 20.030       ; 0.184          ; Low Pulse Width  ; inst2|altpll_component|auto_generated|pll1|clk[0] ; Rise       ; VGA_SYNC:inst|pixel_column[6]                                                                                 ;
; 19.847 ; 20.031       ; 0.184          ; Low Pulse Width  ; inst2|altpll_component|auto_generated|pll1|clk[0] ; Rise       ; VGA_SYNC:inst|h_count[0]                                                                                      ;
; 19.847 ; 20.031       ; 0.184          ; Low Pulse Width  ; inst2|altpll_component|auto_generated|pll1|clk[0] ; Rise       ; VGA_SYNC:inst|h_count[1]                                                                                      ;
; 19.847 ; 20.031       ; 0.184          ; Low Pulse Width  ; inst2|altpll_component|auto_generated|pll1|clk[0] ; Rise       ; VGA_SYNC:inst|h_count[2]                                                                                      ;
; 19.847 ; 20.031       ; 0.184          ; Low Pulse Width  ; inst2|altpll_component|auto_generated|pll1|clk[0] ; Rise       ; VGA_SYNC:inst|h_count[3]                                                                                      ;
+--------+--------------+----------------+------------------+---------------------------------------------------+------------+---------------------------------------------------------------------------------------------------------------+


+---------------------------------------------------------------------------------------------------------+
; Setup Times                                                                                             ;
+-----------+------------+-------+-------+------------+---------------------------------------------------+
; Data Port ; Clock Port ; Rise  ; Fall  ; Clock Edge ; Clock Reference                                   ;
+-----------+------------+-------+-------+------------+---------------------------------------------------+
; game      ; clk        ; 6.386 ; 6.783 ; Fall       ; inst2|altpll_component|auto_generated|pll1|clk[0] ;
; pb0       ; clk        ; 7.207 ; 7.552 ; Fall       ; inst2|altpll_component|auto_generated|pll1|clk[0] ;
; training  ; clk        ; 6.662 ; 7.064 ; Fall       ; inst2|altpll_component|auto_generated|pll1|clk[0] ;
+-----------+------------+-------+-------+------------+---------------------------------------------------+


+-----------------------------------------------------------------------------------------------------------+
; Hold Times                                                                                                ;
+-----------+------------+--------+--------+------------+---------------------------------------------------+
; Data Port ; Clock Port ; Rise   ; Fall   ; Clock Edge ; Clock Reference                                   ;
+-----------+------------+--------+--------+------------+---------------------------------------------------+
; game      ; clk        ; -3.467 ; -3.834 ; Fall       ; inst2|altpll_component|auto_generated|pll1|clk[0] ;
; pb0       ; clk        ; -3.316 ; -3.686 ; Fall       ; inst2|altpll_component|auto_generated|pll1|clk[0] ;
; training  ; clk        ; -3.707 ; -4.124 ; Fall       ; inst2|altpll_component|auto_generated|pll1|clk[0] ;
+-----------+------------+--------+--------+------------+---------------------------------------------------+


+-------------------------------------------------------------------------------------------------------------------------------+
; Clock to Output Times                                                                                                         ;
+----------------+-----------------------------+-------+-------+------------+---------------------------------------------------+
; Data Port      ; Clock Port                  ; Rise  ; Fall  ; Clock Edge ; Clock Reference                                   ;
+----------------+-----------------------------+-------+-------+------------+---------------------------------------------------+
; vert_sync_out  ; VGA_SYNC:inst|vert_sync_out ; 3.872 ;       ; Rise       ; VGA_SYNC:inst|vert_sync_out                       ;
; vert_sync_out  ; VGA_SYNC:inst|vert_sync_out ;       ; 3.911 ; Fall       ; VGA_SYNC:inst|vert_sync_out                       ;
; blue_out       ; clk                         ; 4.826 ; 4.775 ; Rise       ; inst2|altpll_component|auto_generated|pll1|clk[0] ;
; green_out      ; clk                         ; 4.527 ; 4.485 ; Rise       ; inst2|altpll_component|auto_generated|pll1|clk[0] ;
; horiz_sync_out ; clk                         ; 3.130 ; 3.135 ; Rise       ; inst2|altpll_component|auto_generated|pll1|clk[0] ;
; red_out        ; clk                         ; 4.621 ; 4.599 ; Rise       ; inst2|altpll_component|auto_generated|pll1|clk[0] ;
+----------------+-----------------------------+-------+-------+------------+---------------------------------------------------+


+-------------------------------------------------------------------------------------------------------------------------------+
; Minimum Clock to Output Times                                                                                                 ;
+----------------+-----------------------------+-------+-------+------------+---------------------------------------------------+
; Data Port      ; Clock Port                  ; Rise  ; Fall  ; Clock Edge ; Clock Reference                                   ;
+----------------+-----------------------------+-------+-------+------------+---------------------------------------------------+
; vert_sync_out  ; VGA_SYNC:inst|vert_sync_out ; 3.806 ;       ; Rise       ; VGA_SYNC:inst|vert_sync_out                       ;
; vert_sync_out  ; VGA_SYNC:inst|vert_sync_out ;       ; 3.843 ; Fall       ; VGA_SYNC:inst|vert_sync_out                       ;
; blue_out       ; clk                         ; 4.392 ; 4.343 ; Rise       ; inst2|altpll_component|auto_generated|pll1|clk[0] ;
; green_out      ; clk                         ; 4.105 ; 4.065 ; Rise       ; inst2|altpll_component|auto_generated|pll1|clk[0] ;
; horiz_sync_out ; clk                         ; 2.763 ; 2.768 ; Rise       ; inst2|altpll_component|auto_generated|pll1|clk[0] ;
; red_out        ; clk                         ; 4.195 ; 4.174 ; Rise       ; inst2|altpll_component|auto_generated|pll1|clk[0] ;
+----------------+-----------------------------+-------+-------+------------+---------------------------------------------------+


---------------------------------------------
; Slow 1200mV 0C Model Metastability Report ;
---------------------------------------------
No synchronizer chains to report.


+----------------------------------------------------------------------------+
; Fast 1200mV 0C Model Setup Summary                                         ;
+---------------------------------------------------+--------+---------------+
; Clock                                             ; Slack  ; End Point TNS ;
+---------------------------------------------------+--------+---------------+
; inst2|altpll_component|auto_generated|pll1|clk[0] ; -2.492 ; -7.123        ;
; VGA_SYNC:inst|vert_sync_out                       ; -0.350 ; -3.317        ;
+---------------------------------------------------+--------+---------------+


+---------------------------------------------------------------------------+
; Fast 1200mV 0C Model Hold Summary                                         ;
+---------------------------------------------------+-------+---------------+
; Clock                                             ; Slack ; End Point TNS ;
+---------------------------------------------------+-------+---------------+
; inst2|altpll_component|auto_generated|pll1|clk[0] ; 0.185 ; 0.000         ;
; VGA_SYNC:inst|vert_sync_out                       ; 0.221 ; 0.000         ;
+---------------------------------------------------+-------+---------------+


-----------------------------------------
; Fast 1200mV 0C Model Recovery Summary ;
-----------------------------------------
No paths to report.


----------------------------------------
; Fast 1200mV 0C Model Removal Summary ;
----------------------------------------
No paths to report.


+----------------------------------------------------------------------------+
; Fast 1200mV 0C Model Minimum Pulse Width Summary                           ;
+---------------------------------------------------+--------+---------------+
; Clock                                             ; Slack  ; End Point TNS ;
+---------------------------------------------------+--------+---------------+
; VGA_SYNC:inst|vert_sync_out                       ; -1.000 ; -22.000       ;
; clk                                               ; 9.585  ; 0.000         ;
; inst2|altpll_component|auto_generated|pll1|clk[0] ; 19.749 ; 0.000         ;
+---------------------------------------------------+--------+---------------+


+----------------------------------------------------------------------------------------------------------------------------------------------------------------------------------------------------------------------------------+
; Fast 1200mV 0C Model Setup: 'inst2|altpll_component|auto_generated|pll1|clk[0]'                                                                                                                                                  ;
+--------+----------------------------------+-------------------------------------+---------------------------------------------------+---------------------------------------------------+--------------+------------+------------+
; Slack  ; From Node                        ; To Node                             ; Launch Clock                                      ; Latch Clock                                       ; Relationship ; Clock Skew ; Data Delay ;
+--------+----------------------------------+-------------------------------------+---------------------------------------------------+---------------------------------------------------+--------------+------------+------------+
; -2.492 ; bouncy_ball:inst7|ball_y_pos[4]  ; VGA_SYNC:inst|blue_out              ; VGA_SYNC:inst|vert_sync_out                       ; inst2|altpll_component|auto_generated|pll1|clk[0] ; 1.000        ; -1.243     ; 2.186      ;
; -2.448 ; bouncy_ball:inst7|pipe_x_pos[4]  ; VGA_SYNC:inst|green_out             ; VGA_SYNC:inst|vert_sync_out                       ; inst2|altpll_component|auto_generated|pll1|clk[0] ; 1.000        ; -1.251     ; 2.134      ;
; -2.438 ; bouncy_ball:inst7|pipe_x_pos[5]  ; VGA_SYNC:inst|green_out             ; VGA_SYNC:inst|vert_sync_out                       ; inst2|altpll_component|auto_generated|pll1|clk[0] ; 1.000        ; -1.251     ; 2.124      ;
; -2.435 ; bouncy_ball:inst7|ball_y_pos[5]  ; VGA_SYNC:inst|blue_out              ; VGA_SYNC:inst|vert_sync_out                       ; inst2|altpll_component|auto_generated|pll1|clk[0] ; 1.000        ; -1.243     ; 2.129      ;
; -2.408 ; bouncy_ball:inst7|pipe_x_pos[3]  ; VGA_SYNC:inst|green_out             ; VGA_SYNC:inst|vert_sync_out                       ; inst2|altpll_component|auto_generated|pll1|clk[0] ; 1.000        ; -1.252     ; 2.093      ;
; -2.396 ; bouncy_ball:inst7|ball_y_pos[3]  ; VGA_SYNC:inst|blue_out              ; VGA_SYNC:inst|vert_sync_out                       ; inst2|altpll_component|auto_generated|pll1|clk[0] ; 1.000        ; -1.243     ; 2.090      ;
; -2.334 ; bouncy_ball:inst7|ball_y_pos[6]  ; VGA_SYNC:inst|blue_out              ; VGA_SYNC:inst|vert_sync_out                       ; inst2|altpll_component|auto_generated|pll1|clk[0] ; 1.000        ; -1.243     ; 2.028      ;
; -2.257 ; bouncy_ball:inst7|pipe_x_pos[8]  ; VGA_SYNC:inst|green_out             ; VGA_SYNC:inst|vert_sync_out                       ; inst2|altpll_component|auto_generated|pll1|clk[0] ; 1.000        ; -1.448     ; 1.746      ;
; -2.220 ; bouncy_ball:inst7|pipe_x_pos[6]  ; VGA_SYNC:inst|green_out             ; VGA_SYNC:inst|vert_sync_out                       ; inst2|altpll_component|auto_generated|pll1|clk[0] ; 1.000        ; -1.252     ; 1.905      ;
; -2.189 ; bouncy_ball:inst7|pipe_x_pos[7]  ; VGA_SYNC:inst|green_out             ; VGA_SYNC:inst|vert_sync_out                       ; inst2|altpll_component|auto_generated|pll1|clk[0] ; 1.000        ; -1.252     ; 1.874      ;
; -2.183 ; bouncy_ball:inst7|ball_y_pos[4]  ; VGA_SYNC:inst|red_out               ; VGA_SYNC:inst|vert_sync_out                       ; inst2|altpll_component|auto_generated|pll1|clk[0] ; 1.000        ; -1.243     ; 1.877      ;
; -2.142 ; bouncy_ball:inst7|ball_y_pos[0]  ; VGA_SYNC:inst|blue_out              ; VGA_SYNC:inst|vert_sync_out                       ; inst2|altpll_component|auto_generated|pll1|clk[0] ; 1.000        ; -1.243     ; 1.836      ;
; -2.126 ; bouncy_ball:inst7|ball_y_pos[1]  ; VGA_SYNC:inst|blue_out              ; VGA_SYNC:inst|vert_sync_out                       ; inst2|altpll_component|auto_generated|pll1|clk[0] ; 1.000        ; -1.243     ; 1.820      ;
; -2.121 ; bouncy_ball:inst7|ball_y_pos[5]  ; VGA_SYNC:inst|red_out               ; VGA_SYNC:inst|vert_sync_out                       ; inst2|altpll_component|auto_generated|pll1|clk[0] ; 1.000        ; -1.243     ; 1.815      ;
; -2.104 ; bouncy_ball:inst7|ball_y_pos[7]  ; VGA_SYNC:inst|blue_out              ; VGA_SYNC:inst|vert_sync_out                       ; inst2|altpll_component|auto_generated|pll1|clk[0] ; 1.000        ; -1.243     ; 1.798      ;
; -2.086 ; bouncy_ball:inst7|ball_y_pos[3]  ; VGA_SYNC:inst|red_out               ; VGA_SYNC:inst|vert_sync_out                       ; inst2|altpll_component|auto_generated|pll1|clk[0] ; 1.000        ; -1.243     ; 1.780      ;
; -2.039 ; bouncy_ball:inst7|pipe_x_pos[0]  ; VGA_SYNC:inst|green_out             ; VGA_SYNC:inst|vert_sync_out                       ; inst2|altpll_component|auto_generated|pll1|clk[0] ; 1.000        ; -1.251     ; 1.725      ;
; -2.032 ; bouncy_ball:inst7|ball_y_pos[6]  ; VGA_SYNC:inst|red_out               ; VGA_SYNC:inst|vert_sync_out                       ; inst2|altpll_component|auto_generated|pll1|clk[0] ; 1.000        ; -1.243     ; 1.726      ;
; -2.031 ; bouncy_ball:inst7|ball_y_pos[2]  ; VGA_SYNC:inst|blue_out              ; VGA_SYNC:inst|vert_sync_out                       ; inst2|altpll_component|auto_generated|pll1|clk[0] ; 1.000        ; -1.243     ; 1.725      ;
; -2.010 ; bouncy_ball:inst7|pipe_x_pos[2]  ; VGA_SYNC:inst|green_out             ; VGA_SYNC:inst|vert_sync_out                       ; inst2|altpll_component|auto_generated|pll1|clk[0] ; 1.000        ; -1.251     ; 1.696      ;
; -1.992 ; bouncy_ball:inst7|pipe_x_pos[10] ; VGA_SYNC:inst|green_out             ; VGA_SYNC:inst|vert_sync_out                       ; inst2|altpll_component|auto_generated|pll1|clk[0] ; 1.000        ; -1.448     ; 1.481      ;
; -1.972 ; bouncy_ball:inst7|pipe_x_pos[1]  ; VGA_SYNC:inst|green_out             ; VGA_SYNC:inst|vert_sync_out                       ; inst2|altpll_component|auto_generated|pll1|clk[0] ; 1.000        ; -1.245     ; 1.664      ;
; -1.957 ; bouncy_ball:inst7|ball_y_pos[8]  ; VGA_SYNC:inst|blue_out              ; VGA_SYNC:inst|vert_sync_out                       ; inst2|altpll_component|auto_generated|pll1|clk[0] ; 1.000        ; -1.243     ; 1.651      ;
; -1.944 ; bouncy_ball:inst7|ball_y_pos[9]  ; VGA_SYNC:inst|blue_out              ; VGA_SYNC:inst|vert_sync_out                       ; inst2|altpll_component|auto_generated|pll1|clk[0] ; 1.000        ; -1.440     ; 1.441      ;
; -1.903 ; bouncy_ball:inst7|pipe_x_pos[9]  ; VGA_SYNC:inst|green_out             ; VGA_SYNC:inst|vert_sync_out                       ; inst2|altpll_component|auto_generated|pll1|clk[0] ; 1.000        ; -1.449     ; 1.391      ;
; -1.828 ; bouncy_ball:inst7|ball_y_pos[0]  ; VGA_SYNC:inst|red_out               ; VGA_SYNC:inst|vert_sync_out                       ; inst2|altpll_component|auto_generated|pll1|clk[0] ; 1.000        ; -1.243     ; 1.522      ;
; -1.824 ; bouncy_ball:inst7|ball_y_pos[1]  ; VGA_SYNC:inst|red_out               ; VGA_SYNC:inst|vert_sync_out                       ; inst2|altpll_component|auto_generated|pll1|clk[0] ; 1.000        ; -1.243     ; 1.518      ;
; -1.802 ; bouncy_ball:inst7|ball_y_pos[7]  ; VGA_SYNC:inst|red_out               ; VGA_SYNC:inst|vert_sync_out                       ; inst2|altpll_component|auto_generated|pll1|clk[0] ; 1.000        ; -1.243     ; 1.496      ;
; -1.717 ; bouncy_ball:inst7|ball_y_pos[2]  ; VGA_SYNC:inst|red_out               ; VGA_SYNC:inst|vert_sync_out                       ; inst2|altpll_component|auto_generated|pll1|clk[0] ; 1.000        ; -1.243     ; 1.411      ;
; -1.643 ; bouncy_ball:inst7|ball_y_pos[8]  ; VGA_SYNC:inst|red_out               ; VGA_SYNC:inst|vert_sync_out                       ; inst2|altpll_component|auto_generated|pll1|clk[0] ; 1.000        ; -1.243     ; 1.337      ;
; -1.630 ; bouncy_ball:inst7|ball_y_pos[9]  ; VGA_SYNC:inst|red_out               ; VGA_SYNC:inst|vert_sync_out                       ; inst2|altpll_component|auto_generated|pll1|clk[0] ; 1.000        ; -1.440     ; 1.127      ;
; 15.096 ; VGA_SYNC:inst|pixel_row[4]       ; char_rom:inst6|rom_address[7]       ; inst2|altpll_component|auto_generated|pll1|clk[0] ; inst2|altpll_component|auto_generated|pll1|clk[0] ; 20.000       ; -0.015     ; 4.876      ;
; 15.096 ; VGA_SYNC:inst|pixel_row[4]       ; char_rom:inst6|rom_address[6]       ; inst2|altpll_component|auto_generated|pll1|clk[0] ; inst2|altpll_component|auto_generated|pll1|clk[0] ; 20.000       ; -0.015     ; 4.876      ;
; 15.096 ; VGA_SYNC:inst|pixel_row[4]       ; char_rom:inst6|rom_address[5]       ; inst2|altpll_component|auto_generated|pll1|clk[0] ; inst2|altpll_component|auto_generated|pll1|clk[0] ; 20.000       ; -0.015     ; 4.876      ;
; 15.096 ; VGA_SYNC:inst|pixel_row[4]       ; char_rom:inst6|rom_address[4]       ; inst2|altpll_component|auto_generated|pll1|clk[0] ; inst2|altpll_component|auto_generated|pll1|clk[0] ; 20.000       ; -0.015     ; 4.876      ;
; 15.096 ; VGA_SYNC:inst|pixel_row[4]       ; char_rom:inst6|rom_address[3]       ; inst2|altpll_component|auto_generated|pll1|clk[0] ; inst2|altpll_component|auto_generated|pll1|clk[0] ; 20.000       ; -0.015     ; 4.876      ;
; 15.096 ; VGA_SYNC:inst|pixel_row[4]       ; char_rom:inst6|rom_address[2]       ; inst2|altpll_component|auto_generated|pll1|clk[0] ; inst2|altpll_component|auto_generated|pll1|clk[0] ; 20.000       ; -0.015     ; 4.876      ;
; 15.096 ; VGA_SYNC:inst|pixel_row[4]       ; char_rom:inst6|rom_address[1]       ; inst2|altpll_component|auto_generated|pll1|clk[0] ; inst2|altpll_component|auto_generated|pll1|clk[0] ; 20.000       ; -0.015     ; 4.876      ;
; 15.096 ; VGA_SYNC:inst|pixel_row[4]       ; char_rom:inst6|rom_address[0]       ; inst2|altpll_component|auto_generated|pll1|clk[0] ; inst2|altpll_component|auto_generated|pll1|clk[0] ; 20.000       ; -0.015     ; 4.876      ;
; 15.128 ; VGA_SYNC:inst|pixel_row[6]       ; char_rom:inst6|rom_address[7]       ; inst2|altpll_component|auto_generated|pll1|clk[0] ; inst2|altpll_component|auto_generated|pll1|clk[0] ; 20.000       ; -0.015     ; 4.844      ;
; 15.128 ; VGA_SYNC:inst|pixel_row[6]       ; char_rom:inst6|rom_address[6]       ; inst2|altpll_component|auto_generated|pll1|clk[0] ; inst2|altpll_component|auto_generated|pll1|clk[0] ; 20.000       ; -0.015     ; 4.844      ;
; 15.128 ; VGA_SYNC:inst|pixel_row[6]       ; char_rom:inst6|rom_address[5]       ; inst2|altpll_component|auto_generated|pll1|clk[0] ; inst2|altpll_component|auto_generated|pll1|clk[0] ; 20.000       ; -0.015     ; 4.844      ;
; 15.128 ; VGA_SYNC:inst|pixel_row[6]       ; char_rom:inst6|rom_address[4]       ; inst2|altpll_component|auto_generated|pll1|clk[0] ; inst2|altpll_component|auto_generated|pll1|clk[0] ; 20.000       ; -0.015     ; 4.844      ;
; 15.128 ; VGA_SYNC:inst|pixel_row[6]       ; char_rom:inst6|rom_address[3]       ; inst2|altpll_component|auto_generated|pll1|clk[0] ; inst2|altpll_component|auto_generated|pll1|clk[0] ; 20.000       ; -0.015     ; 4.844      ;
; 15.128 ; VGA_SYNC:inst|pixel_row[6]       ; char_rom:inst6|rom_address[2]       ; inst2|altpll_component|auto_generated|pll1|clk[0] ; inst2|altpll_component|auto_generated|pll1|clk[0] ; 20.000       ; -0.015     ; 4.844      ;
; 15.128 ; VGA_SYNC:inst|pixel_row[6]       ; char_rom:inst6|rom_address[1]       ; inst2|altpll_component|auto_generated|pll1|clk[0] ; inst2|altpll_component|auto_generated|pll1|clk[0] ; 20.000       ; -0.015     ; 4.844      ;
; 15.128 ; VGA_SYNC:inst|pixel_row[6]       ; char_rom:inst6|rom_address[0]       ; inst2|altpll_component|auto_generated|pll1|clk[0] ; inst2|altpll_component|auto_generated|pll1|clk[0] ; 20.000       ; -0.015     ; 4.844      ;
; 15.221 ; VGA_SYNC:inst|pixel_row[6]       ; char_rom:inst6|character_address[3] ; inst2|altpll_component|auto_generated|pll1|clk[0] ; inst2|altpll_component|auto_generated|pll1|clk[0] ; 20.000       ; -0.015     ; 4.751      ;
; 15.230 ; VGA_SYNC:inst|pixel_row[7]       ; char_rom:inst6|rom_address[7]       ; inst2|altpll_component|auto_generated|pll1|clk[0] ; inst2|altpll_component|auto_generated|pll1|clk[0] ; 20.000       ; -0.015     ; 4.742      ;
; 15.230 ; VGA_SYNC:inst|pixel_row[7]       ; char_rom:inst6|rom_address[6]       ; inst2|altpll_component|auto_generated|pll1|clk[0] ; inst2|altpll_component|auto_generated|pll1|clk[0] ; 20.000       ; -0.015     ; 4.742      ;
; 15.230 ; VGA_SYNC:inst|pixel_row[7]       ; char_rom:inst6|rom_address[5]       ; inst2|altpll_component|auto_generated|pll1|clk[0] ; inst2|altpll_component|auto_generated|pll1|clk[0] ; 20.000       ; -0.015     ; 4.742      ;
; 15.230 ; VGA_SYNC:inst|pixel_row[7]       ; char_rom:inst6|rom_address[4]       ; inst2|altpll_component|auto_generated|pll1|clk[0] ; inst2|altpll_component|auto_generated|pll1|clk[0] ; 20.000       ; -0.015     ; 4.742      ;
; 15.230 ; VGA_SYNC:inst|pixel_row[7]       ; char_rom:inst6|rom_address[3]       ; inst2|altpll_component|auto_generated|pll1|clk[0] ; inst2|altpll_component|auto_generated|pll1|clk[0] ; 20.000       ; -0.015     ; 4.742      ;
; 15.230 ; VGA_SYNC:inst|pixel_row[7]       ; char_rom:inst6|rom_address[2]       ; inst2|altpll_component|auto_generated|pll1|clk[0] ; inst2|altpll_component|auto_generated|pll1|clk[0] ; 20.000       ; -0.015     ; 4.742      ;
; 15.230 ; VGA_SYNC:inst|pixel_row[7]       ; char_rom:inst6|rom_address[1]       ; inst2|altpll_component|auto_generated|pll1|clk[0] ; inst2|altpll_component|auto_generated|pll1|clk[0] ; 20.000       ; -0.015     ; 4.742      ;
; 15.230 ; VGA_SYNC:inst|pixel_row[7]       ; char_rom:inst6|rom_address[0]       ; inst2|altpll_component|auto_generated|pll1|clk[0] ; inst2|altpll_component|auto_generated|pll1|clk[0] ; 20.000       ; -0.015     ; 4.742      ;
; 15.238 ; VGA_SYNC:inst|pixel_row[4]       ; char_rom:inst6|character_address[3] ; inst2|altpll_component|auto_generated|pll1|clk[0] ; inst2|altpll_component|auto_generated|pll1|clk[0] ; 20.000       ; -0.015     ; 4.734      ;
; 15.345 ; VGA_SYNC:inst|pixel_row[7]       ; char_rom:inst6|character_address[3] ; inst2|altpll_component|auto_generated|pll1|clk[0] ; inst2|altpll_component|auto_generated|pll1|clk[0] ; 20.000       ; -0.015     ; 4.627      ;
; 15.352 ; VGA_SYNC:inst|pixel_row[5]       ; char_rom:inst6|rom_address[7]       ; inst2|altpll_component|auto_generated|pll1|clk[0] ; inst2|altpll_component|auto_generated|pll1|clk[0] ; 20.000       ; -0.015     ; 4.620      ;
; 15.352 ; VGA_SYNC:inst|pixel_row[5]       ; char_rom:inst6|rom_address[6]       ; inst2|altpll_component|auto_generated|pll1|clk[0] ; inst2|altpll_component|auto_generated|pll1|clk[0] ; 20.000       ; -0.015     ; 4.620      ;
; 15.352 ; VGA_SYNC:inst|pixel_row[5]       ; char_rom:inst6|rom_address[5]       ; inst2|altpll_component|auto_generated|pll1|clk[0] ; inst2|altpll_component|auto_generated|pll1|clk[0] ; 20.000       ; -0.015     ; 4.620      ;
; 15.352 ; VGA_SYNC:inst|pixel_row[5]       ; char_rom:inst6|rom_address[4]       ; inst2|altpll_component|auto_generated|pll1|clk[0] ; inst2|altpll_component|auto_generated|pll1|clk[0] ; 20.000       ; -0.015     ; 4.620      ;
; 15.352 ; VGA_SYNC:inst|pixel_row[5]       ; char_rom:inst6|rom_address[3]       ; inst2|altpll_component|auto_generated|pll1|clk[0] ; inst2|altpll_component|auto_generated|pll1|clk[0] ; 20.000       ; -0.015     ; 4.620      ;
; 15.352 ; VGA_SYNC:inst|pixel_row[5]       ; char_rom:inst6|rom_address[2]       ; inst2|altpll_component|auto_generated|pll1|clk[0] ; inst2|altpll_component|auto_generated|pll1|clk[0] ; 20.000       ; -0.015     ; 4.620      ;
; 15.352 ; VGA_SYNC:inst|pixel_row[5]       ; char_rom:inst6|rom_address[1]       ; inst2|altpll_component|auto_generated|pll1|clk[0] ; inst2|altpll_component|auto_generated|pll1|clk[0] ; 20.000       ; -0.015     ; 4.620      ;
; 15.352 ; VGA_SYNC:inst|pixel_row[5]       ; char_rom:inst6|rom_address[0]       ; inst2|altpll_component|auto_generated|pll1|clk[0] ; inst2|altpll_component|auto_generated|pll1|clk[0] ; 20.000       ; -0.015     ; 4.620      ;
; 15.435 ; VGA_SYNC:inst|pixel_row[8]       ; char_rom:inst6|rom_address[7]       ; inst2|altpll_component|auto_generated|pll1|clk[0] ; inst2|altpll_component|auto_generated|pll1|clk[0] ; 20.000       ; -0.012     ; 4.540      ;
; 15.435 ; VGA_SYNC:inst|pixel_row[8]       ; char_rom:inst6|rom_address[6]       ; inst2|altpll_component|auto_generated|pll1|clk[0] ; inst2|altpll_component|auto_generated|pll1|clk[0] ; 20.000       ; -0.012     ; 4.540      ;
; 15.435 ; VGA_SYNC:inst|pixel_row[8]       ; char_rom:inst6|rom_address[5]       ; inst2|altpll_component|auto_generated|pll1|clk[0] ; inst2|altpll_component|auto_generated|pll1|clk[0] ; 20.000       ; -0.012     ; 4.540      ;
; 15.435 ; VGA_SYNC:inst|pixel_row[8]       ; char_rom:inst6|rom_address[4]       ; inst2|altpll_component|auto_generated|pll1|clk[0] ; inst2|altpll_component|auto_generated|pll1|clk[0] ; 20.000       ; -0.012     ; 4.540      ;
; 15.435 ; VGA_SYNC:inst|pixel_row[8]       ; char_rom:inst6|rom_address[3]       ; inst2|altpll_component|auto_generated|pll1|clk[0] ; inst2|altpll_component|auto_generated|pll1|clk[0] ; 20.000       ; -0.012     ; 4.540      ;
; 15.435 ; VGA_SYNC:inst|pixel_row[8]       ; char_rom:inst6|rom_address[2]       ; inst2|altpll_component|auto_generated|pll1|clk[0] ; inst2|altpll_component|auto_generated|pll1|clk[0] ; 20.000       ; -0.012     ; 4.540      ;
; 15.435 ; VGA_SYNC:inst|pixel_row[8]       ; char_rom:inst6|rom_address[1]       ; inst2|altpll_component|auto_generated|pll1|clk[0] ; inst2|altpll_component|auto_generated|pll1|clk[0] ; 20.000       ; -0.012     ; 4.540      ;
; 15.435 ; VGA_SYNC:inst|pixel_row[8]       ; char_rom:inst6|rom_address[0]       ; inst2|altpll_component|auto_generated|pll1|clk[0] ; inst2|altpll_component|auto_generated|pll1|clk[0] ; 20.000       ; -0.012     ; 4.540      ;
; 15.471 ; VGA_SYNC:inst|pixel_row[5]       ; char_rom:inst6|character_address[3] ; inst2|altpll_component|auto_generated|pll1|clk[0] ; inst2|altpll_component|auto_generated|pll1|clk[0] ; 20.000       ; -0.015     ; 4.501      ;
; 15.528 ; VGA_SYNC:inst|pixel_row[8]       ; char_rom:inst6|character_address[3] ; inst2|altpll_component|auto_generated|pll1|clk[0] ; inst2|altpll_component|auto_generated|pll1|clk[0] ; 20.000       ; -0.012     ; 4.447      ;
; 15.542 ; VGA_SYNC:inst|pixel_column[7]    ; char_rom:inst6|rom_address[7]       ; inst2|altpll_component|auto_generated|pll1|clk[0] ; inst2|altpll_component|auto_generated|pll1|clk[0] ; 20.000       ; -0.023     ; 4.422      ;
; 15.542 ; VGA_SYNC:inst|pixel_column[7]    ; char_rom:inst6|rom_address[6]       ; inst2|altpll_component|auto_generated|pll1|clk[0] ; inst2|altpll_component|auto_generated|pll1|clk[0] ; 20.000       ; -0.023     ; 4.422      ;
; 15.542 ; VGA_SYNC:inst|pixel_column[7]    ; char_rom:inst6|rom_address[5]       ; inst2|altpll_component|auto_generated|pll1|clk[0] ; inst2|altpll_component|auto_generated|pll1|clk[0] ; 20.000       ; -0.023     ; 4.422      ;
; 15.542 ; VGA_SYNC:inst|pixel_column[7]    ; char_rom:inst6|rom_address[4]       ; inst2|altpll_component|auto_generated|pll1|clk[0] ; inst2|altpll_component|auto_generated|pll1|clk[0] ; 20.000       ; -0.023     ; 4.422      ;
; 15.542 ; VGA_SYNC:inst|pixel_column[7]    ; char_rom:inst6|rom_address[3]       ; inst2|altpll_component|auto_generated|pll1|clk[0] ; inst2|altpll_component|auto_generated|pll1|clk[0] ; 20.000       ; -0.023     ; 4.422      ;
; 15.542 ; VGA_SYNC:inst|pixel_column[7]    ; char_rom:inst6|rom_address[2]       ; inst2|altpll_component|auto_generated|pll1|clk[0] ; inst2|altpll_component|auto_generated|pll1|clk[0] ; 20.000       ; -0.023     ; 4.422      ;
; 15.542 ; VGA_SYNC:inst|pixel_column[7]    ; char_rom:inst6|rom_address[1]       ; inst2|altpll_component|auto_generated|pll1|clk[0] ; inst2|altpll_component|auto_generated|pll1|clk[0] ; 20.000       ; -0.023     ; 4.422      ;
; 15.542 ; VGA_SYNC:inst|pixel_column[7]    ; char_rom:inst6|rom_address[0]       ; inst2|altpll_component|auto_generated|pll1|clk[0] ; inst2|altpll_component|auto_generated|pll1|clk[0] ; 20.000       ; -0.023     ; 4.422      ;
; 15.623 ; VGA_SYNC:inst|pixel_column[8]    ; char_rom:inst6|rom_address[7]       ; inst2|altpll_component|auto_generated|pll1|clk[0] ; inst2|altpll_component|auto_generated|pll1|clk[0] ; 20.000       ; -0.023     ; 4.341      ;
; 15.623 ; VGA_SYNC:inst|pixel_column[8]    ; char_rom:inst6|rom_address[6]       ; inst2|altpll_component|auto_generated|pll1|clk[0] ; inst2|altpll_component|auto_generated|pll1|clk[0] ; 20.000       ; -0.023     ; 4.341      ;
; 15.623 ; VGA_SYNC:inst|pixel_column[8]    ; char_rom:inst6|rom_address[5]       ; inst2|altpll_component|auto_generated|pll1|clk[0] ; inst2|altpll_component|auto_generated|pll1|clk[0] ; 20.000       ; -0.023     ; 4.341      ;
; 15.623 ; VGA_SYNC:inst|pixel_column[8]    ; char_rom:inst6|rom_address[4]       ; inst2|altpll_component|auto_generated|pll1|clk[0] ; inst2|altpll_component|auto_generated|pll1|clk[0] ; 20.000       ; -0.023     ; 4.341      ;
; 15.623 ; VGA_SYNC:inst|pixel_column[8]    ; char_rom:inst6|rom_address[3]       ; inst2|altpll_component|auto_generated|pll1|clk[0] ; inst2|altpll_component|auto_generated|pll1|clk[0] ; 20.000       ; -0.023     ; 4.341      ;
; 15.623 ; VGA_SYNC:inst|pixel_column[8]    ; char_rom:inst6|rom_address[2]       ; inst2|altpll_component|auto_generated|pll1|clk[0] ; inst2|altpll_component|auto_generated|pll1|clk[0] ; 20.000       ; -0.023     ; 4.341      ;
; 15.623 ; VGA_SYNC:inst|pixel_column[8]    ; char_rom:inst6|rom_address[1]       ; inst2|altpll_component|auto_generated|pll1|clk[0] ; inst2|altpll_component|auto_generated|pll1|clk[0] ; 20.000       ; -0.023     ; 4.341      ;
; 15.623 ; VGA_SYNC:inst|pixel_column[8]    ; char_rom:inst6|rom_address[0]       ; inst2|altpll_component|auto_generated|pll1|clk[0] ; inst2|altpll_component|auto_generated|pll1|clk[0] ; 20.000       ; -0.023     ; 4.341      ;
; 15.662 ; VGA_SYNC:inst|pixel_row[6]       ; char_rom:inst6|character_address[4] ; inst2|altpll_component|auto_generated|pll1|clk[0] ; inst2|altpll_component|auto_generated|pll1|clk[0] ; 20.000       ; -0.015     ; 4.310      ;
; 15.662 ; VGA_SYNC:inst|pixel_row[6]       ; char_rom:inst6|character_address[2] ; inst2|altpll_component|auto_generated|pll1|clk[0] ; inst2|altpll_component|auto_generated|pll1|clk[0] ; 20.000       ; -0.015     ; 4.310      ;
; 15.662 ; VGA_SYNC:inst|pixel_row[6]       ; char_rom:inst6|character_address[1] ; inst2|altpll_component|auto_generated|pll1|clk[0] ; inst2|altpll_component|auto_generated|pll1|clk[0] ; 20.000       ; -0.015     ; 4.310      ;
; 15.662 ; VGA_SYNC:inst|pixel_row[6]       ; char_rom:inst6|character_address[0] ; inst2|altpll_component|auto_generated|pll1|clk[0] ; inst2|altpll_component|auto_generated|pll1|clk[0] ; 20.000       ; -0.015     ; 4.310      ;
; 15.664 ; VGA_SYNC:inst|pixel_column[9]    ; char_rom:inst6|rom_address[7]       ; inst2|altpll_component|auto_generated|pll1|clk[0] ; inst2|altpll_component|auto_generated|pll1|clk[0] ; 20.000       ; -0.023     ; 4.300      ;
; 15.664 ; VGA_SYNC:inst|pixel_column[9]    ; char_rom:inst6|rom_address[6]       ; inst2|altpll_component|auto_generated|pll1|clk[0] ; inst2|altpll_component|auto_generated|pll1|clk[0] ; 20.000       ; -0.023     ; 4.300      ;
; 15.664 ; VGA_SYNC:inst|pixel_column[9]    ; char_rom:inst6|rom_address[5]       ; inst2|altpll_component|auto_generated|pll1|clk[0] ; inst2|altpll_component|auto_generated|pll1|clk[0] ; 20.000       ; -0.023     ; 4.300      ;
; 15.664 ; VGA_SYNC:inst|pixel_column[9]    ; char_rom:inst6|rom_address[4]       ; inst2|altpll_component|auto_generated|pll1|clk[0] ; inst2|altpll_component|auto_generated|pll1|clk[0] ; 20.000       ; -0.023     ; 4.300      ;
+--------+----------------------------------+-------------------------------------+---------------------------------------------------+---------------------------------------------------+--------------+------------+------------+


+---------------------------------------------------------------------------------------------------------------------------------------------------------------------------------------+
; Fast 1200mV 0C Model Setup: 'VGA_SYNC:inst|vert_sync_out'                                                                                                                             ;
+--------+------------------------------------+------------------------------------+-----------------------------+-----------------------------+--------------+------------+------------+
; Slack  ; From Node                          ; To Node                            ; Launch Clock                ; Latch Clock                 ; Relationship ; Clock Skew ; Data Delay ;
+--------+------------------------------------+------------------------------------+-----------------------------+-----------------------------+--------------+------------+------------+
; -0.350 ; bouncy_ball:inst7|pipe_x_pos[1]    ; bouncy_ball:inst7|pipe_x_pos[7]    ; VGA_SYNC:inst|vert_sync_out ; VGA_SYNC:inst|vert_sync_out ; 1.000        ; -0.030     ; 1.307      ;
; -0.348 ; bouncy_ball:inst7|pipe_x_pos[0]    ; bouncy_ball:inst7|pipe_x_pos[7]    ; VGA_SYNC:inst|vert_sync_out ; VGA_SYNC:inst|vert_sync_out ; 1.000        ; -0.036     ; 1.299      ;
; -0.341 ; bouncy_ball:inst7|pipe_x_pos[1]    ; bouncy_ball:inst7|pipe_x_pos[6]    ; VGA_SYNC:inst|vert_sync_out ; VGA_SYNC:inst|vert_sync_out ; 1.000        ; -0.030     ; 1.298      ;
; -0.323 ; bouncy_ball:inst7|ball_y_pos[2]    ; bouncy_ball:inst7|ball_y_motion[0] ; VGA_SYNC:inst|vert_sync_out ; VGA_SYNC:inst|vert_sync_out ; 1.000        ; -0.036     ; 1.274      ;
; -0.319 ; bouncy_ball:inst7|pipe_x_pos[0]    ; bouncy_ball:inst7|pipe_x_pos[6]    ; VGA_SYNC:inst|vert_sync_out ; VGA_SYNC:inst|vert_sync_out ; 1.000        ; -0.036     ; 1.270      ;
; -0.271 ; bouncy_ball:inst7|pipe_x_pos[3]    ; bouncy_ball:inst7|pipe_x_pos[6]    ; VGA_SYNC:inst|vert_sync_out ; VGA_SYNC:inst|vert_sync_out ; 1.000        ; -0.037     ; 1.221      ;
; -0.268 ; bouncy_ball:inst7|pipe_x_pos[3]    ; bouncy_ball:inst7|pipe_x_pos[7]    ; VGA_SYNC:inst|vert_sync_out ; VGA_SYNC:inst|vert_sync_out ; 1.000        ; -0.037     ; 1.218      ;
; -0.267 ; bouncy_ball:inst7|pipe_x_pos[1]    ; bouncy_ball:inst7|pipe_x_pos[3]    ; VGA_SYNC:inst|vert_sync_out ; VGA_SYNC:inst|vert_sync_out ; 1.000        ; -0.030     ; 1.224      ;
; -0.265 ; bouncy_ball:inst7|pipe_x_pos[0]    ; bouncy_ball:inst7|pipe_x_pos[3]    ; VGA_SYNC:inst|vert_sync_out ; VGA_SYNC:inst|vert_sync_out ; 1.000        ; -0.036     ; 1.216      ;
; -0.262 ; bouncy_ball:inst7|pipe_x_pos[8]    ; bouncy_ball:inst7|pipe_x_pos[2]    ; VGA_SYNC:inst|vert_sync_out ; VGA_SYNC:inst|vert_sync_out ; 1.000        ; -0.233     ; 1.016      ;
; -0.252 ; bouncy_ball:inst7|pipe_x_pos[1]    ; bouncy_ball:inst7|pipe_x_pos[2]    ; VGA_SYNC:inst|vert_sync_out ; VGA_SYNC:inst|vert_sync_out ; 1.000        ; -0.030     ; 1.209      ;
; -0.250 ; bouncy_ball:inst7|ball_y_pos[1]    ; bouncy_ball:inst7|ball_y_motion[0] ; VGA_SYNC:inst|vert_sync_out ; VGA_SYNC:inst|vert_sync_out ; 1.000        ; -0.036     ; 1.201      ;
; -0.246 ; bouncy_ball:inst7|pipe_x_pos[3]    ; bouncy_ball:inst7|pipe_x_pos[4]    ; VGA_SYNC:inst|vert_sync_out ; VGA_SYNC:inst|vert_sync_out ; 1.000        ; -0.037     ; 1.196      ;
; -0.231 ; bouncy_ball:inst7|pipe_x_pos[6]    ; bouncy_ball:inst7|pipe_x_pos[7]    ; VGA_SYNC:inst|vert_sync_out ; VGA_SYNC:inst|vert_sync_out ; 1.000        ; -0.037     ; 1.181      ;
; -0.230 ; bouncy_ball:inst7|pipe_x_pos[0]    ; bouncy_ball:inst7|pipe_x_pos[2]    ; VGA_SYNC:inst|vert_sync_out ; VGA_SYNC:inst|vert_sync_out ; 1.000        ; -0.036     ; 1.181      ;
; -0.224 ; bouncy_ball:inst7|pipe_x_pos[1]    ; bouncy_ball:inst7|pipe_x_pos[9]    ; VGA_SYNC:inst|vert_sync_out ; VGA_SYNC:inst|vert_sync_out ; 1.000        ; 0.159      ; 1.370      ;
; -0.222 ; bouncy_ball:inst7|pipe_x_pos[0]    ; bouncy_ball:inst7|pipe_x_pos[9]    ; VGA_SYNC:inst|vert_sync_out ; VGA_SYNC:inst|vert_sync_out ; 1.000        ; 0.153      ; 1.362      ;
; -0.219 ; bouncy_ball:inst7|pipe_x_pos[2]    ; bouncy_ball:inst7|pipe_x_pos[7]    ; VGA_SYNC:inst|vert_sync_out ; VGA_SYNC:inst|vert_sync_out ; 1.000        ; -0.036     ; 1.170      ;
; -0.218 ; bouncy_ball:inst7|pipe_x_pos[0]    ; bouncy_ball:inst7|pipe_x_pos[0]    ; VGA_SYNC:inst|vert_sync_out ; VGA_SYNC:inst|vert_sync_out ; 1.000        ; -0.036     ; 1.169      ;
; -0.217 ; bouncy_ball:inst7|pipe_x_pos[2]    ; bouncy_ball:inst7|pipe_x_pos[6]    ; VGA_SYNC:inst|vert_sync_out ; VGA_SYNC:inst|vert_sync_out ; 1.000        ; -0.036     ; 1.168      ;
; -0.215 ; bouncy_ball:inst7|pipe_x_pos[1]    ; bouncy_ball:inst7|pipe_x_pos[4]    ; VGA_SYNC:inst|vert_sync_out ; VGA_SYNC:inst|vert_sync_out ; 1.000        ; -0.030     ; 1.172      ;
; -0.195 ; bouncy_ball:inst7|pipe_x_pos[8]    ; bouncy_ball:inst7|pipe_x_pos[4]    ; VGA_SYNC:inst|vert_sync_out ; VGA_SYNC:inst|vert_sync_out ; 1.000        ; -0.233     ; 0.949      ;
; -0.194 ; bouncy_ball:inst7|ball_y_pos[3]    ; bouncy_ball:inst7|ball_y_motion[0] ; VGA_SYNC:inst|vert_sync_out ; VGA_SYNC:inst|vert_sync_out ; 1.000        ; -0.036     ; 1.145      ;
; -0.194 ; bouncy_ball:inst7|ball_y_pos[0]    ; bouncy_ball:inst7|ball_y_motion[0] ; VGA_SYNC:inst|vert_sync_out ; VGA_SYNC:inst|vert_sync_out ; 1.000        ; -0.036     ; 1.145      ;
; -0.185 ; bouncy_ball:inst7|pipe_x_pos[1]    ; bouncy_ball:inst7|pipe_x_pos[5]    ; VGA_SYNC:inst|vert_sync_out ; VGA_SYNC:inst|vert_sync_out ; 1.000        ; -0.030     ; 1.142      ;
; -0.183 ; bouncy_ball:inst7|pipe_x_pos[0]    ; bouncy_ball:inst7|pipe_x_pos[5]    ; VGA_SYNC:inst|vert_sync_out ; VGA_SYNC:inst|vert_sync_out ; 1.000        ; -0.036     ; 1.134      ;
; -0.182 ; bouncy_ball:inst7|pipe_x_pos[10]   ; bouncy_ball:inst7|pipe_x_pos[2]    ; VGA_SYNC:inst|vert_sync_out ; VGA_SYNC:inst|vert_sync_out ; 1.000        ; -0.233     ; 0.936      ;
; -0.181 ; bouncy_ball:inst7|pipe_x_pos[8]    ; bouncy_ball:inst7|pipe_x_pos[7]    ; VGA_SYNC:inst|vert_sync_out ; VGA_SYNC:inst|vert_sync_out ; 1.000        ; -0.233     ; 0.935      ;
; -0.177 ; bouncy_ball:inst7|pipe_x_pos[9]    ; bouncy_ball:inst7|pipe_x_pos[2]    ; VGA_SYNC:inst|vert_sync_out ; VGA_SYNC:inst|vert_sync_out ; 1.000        ; -0.234     ; 0.930      ;
; -0.175 ; bouncy_ball:inst7|ball_y_pos[6]    ; bouncy_ball:inst7|ball_y_motion[0] ; VGA_SYNC:inst|vert_sync_out ; VGA_SYNC:inst|vert_sync_out ; 1.000        ; -0.036     ; 1.126      ;
; -0.171 ; bouncy_ball:inst7|ball_y_motion[0] ; bouncy_ball:inst7|ball_y_pos[8]    ; VGA_SYNC:inst|vert_sync_out ; VGA_SYNC:inst|vert_sync_out ; 1.000        ; -0.036     ; 1.122      ;
; -0.166 ; bouncy_ball:inst7|pipe_x_pos[0]    ; bouncy_ball:inst7|pipe_x_pos[1]    ; VGA_SYNC:inst|vert_sync_out ; VGA_SYNC:inst|vert_sync_out ; 1.000        ; -0.042     ; 1.111      ;
; -0.163 ; bouncy_ball:inst7|pipe_x_pos[1]    ; bouncy_ball:inst7|pipe_x_pos[10]   ; VGA_SYNC:inst|vert_sync_out ; VGA_SYNC:inst|vert_sync_out ; 1.000        ; 0.159      ; 1.309      ;
; -0.154 ; bouncy_ball:inst7|pipe_x_pos[4]    ; bouncy_ball:inst7|pipe_x_pos[2]    ; VGA_SYNC:inst|vert_sync_out ; VGA_SYNC:inst|vert_sync_out ; 1.000        ; -0.036     ; 1.105      ;
; -0.152 ; bouncy_ball:inst7|pipe_x_pos[4]    ; bouncy_ball:inst7|pipe_x_pos[7]    ; VGA_SYNC:inst|vert_sync_out ; VGA_SYNC:inst|vert_sync_out ; 1.000        ; -0.036     ; 1.103      ;
; -0.148 ; bouncy_ball:inst7|pipe_x_pos[4]    ; bouncy_ball:inst7|pipe_x_pos[6]    ; VGA_SYNC:inst|vert_sync_out ; VGA_SYNC:inst|vert_sync_out ; 1.000        ; -0.036     ; 1.099      ;
; -0.147 ; bouncy_ball:inst7|pipe_x_pos[6]    ; bouncy_ball:inst7|pipe_x_pos[2]    ; VGA_SYNC:inst|vert_sync_out ; VGA_SYNC:inst|vert_sync_out ; 1.000        ; -0.037     ; 1.097      ;
; -0.142 ; bouncy_ball:inst7|pipe_x_pos[3]    ; bouncy_ball:inst7|pipe_x_pos[9]    ; VGA_SYNC:inst|vert_sync_out ; VGA_SYNC:inst|vert_sync_out ; 1.000        ; 0.152      ; 1.281      ;
; -0.141 ; bouncy_ball:inst7|pipe_x_pos[0]    ; bouncy_ball:inst7|pipe_x_pos[10]   ; VGA_SYNC:inst|vert_sync_out ; VGA_SYNC:inst|vert_sync_out ; 1.000        ; 0.153      ; 1.281      ;
; -0.138 ; bouncy_ball:inst7|pipe_x_pos[7]    ; bouncy_ball:inst7|pipe_x_pos[2]    ; VGA_SYNC:inst|vert_sync_out ; VGA_SYNC:inst|vert_sync_out ; 1.000        ; -0.037     ; 1.088      ;
; -0.136 ; bouncy_ball:inst7|pipe_x_pos[2]    ; bouncy_ball:inst7|pipe_x_pos[3]    ; VGA_SYNC:inst|vert_sync_out ; VGA_SYNC:inst|vert_sync_out ; 1.000        ; -0.036     ; 1.087      ;
; -0.131 ; bouncy_ball:inst7|pipe_x_pos[5]    ; bouncy_ball:inst7|pipe_x_pos[2]    ; VGA_SYNC:inst|vert_sync_out ; VGA_SYNC:inst|vert_sync_out ; 1.000        ; -0.036     ; 1.082      ;
; -0.123 ; bouncy_ball:inst7|pipe_x_pos[0]    ; bouncy_ball:inst7|pipe_x_pos[4]    ; VGA_SYNC:inst|vert_sync_out ; VGA_SYNC:inst|vert_sync_out ; 1.000        ; -0.036     ; 1.074      ;
; -0.120 ; bouncy_ball:inst7|pipe_x_pos[5]    ; bouncy_ball:inst7|pipe_x_pos[6]    ; VGA_SYNC:inst|vert_sync_out ; VGA_SYNC:inst|vert_sync_out ; 1.000        ; -0.036     ; 1.071      ;
; -0.119 ; bouncy_ball:inst7|ball_y_motion[0] ; bouncy_ball:inst7|ball_y_pos[7]    ; VGA_SYNC:inst|vert_sync_out ; VGA_SYNC:inst|vert_sync_out ; 1.000        ; -0.036     ; 1.070      ;
; -0.115 ; bouncy_ball:inst7|pipe_x_pos[10]   ; bouncy_ball:inst7|pipe_x_pos[4]    ; VGA_SYNC:inst|vert_sync_out ; VGA_SYNC:inst|vert_sync_out ; 1.000        ; -0.233     ; 0.869      ;
; -0.114 ; bouncy_ball:inst7|pipe_x_pos[5]    ; bouncy_ball:inst7|pipe_x_pos[7]    ; VGA_SYNC:inst|vert_sync_out ; VGA_SYNC:inst|vert_sync_out ; 1.000        ; -0.036     ; 1.065      ;
; -0.111 ; bouncy_ball:inst7|ball_y_pos[4]    ; bouncy_ball:inst7|ball_y_motion[0] ; VGA_SYNC:inst|vert_sync_out ; VGA_SYNC:inst|vert_sync_out ; 1.000        ; -0.036     ; 1.062      ;
; -0.105 ; bouncy_ball:inst7|pipe_x_pos[6]    ; bouncy_ball:inst7|pipe_x_pos[9]    ; VGA_SYNC:inst|vert_sync_out ; VGA_SYNC:inst|vert_sync_out ; 1.000        ; 0.152      ; 1.244      ;
; -0.103 ; bouncy_ball:inst7|pipe_x_pos[3]    ; bouncy_ball:inst7|pipe_x_pos[5]    ; VGA_SYNC:inst|vert_sync_out ; VGA_SYNC:inst|vert_sync_out ; 1.000        ; -0.037     ; 1.053      ;
; -0.103 ; bouncy_ball:inst7|ball_y_motion[0] ; bouncy_ball:inst7|ball_y_pos[6]    ; VGA_SYNC:inst|vert_sync_out ; VGA_SYNC:inst|vert_sync_out ; 1.000        ; -0.036     ; 1.054      ;
; -0.101 ; bouncy_ball:inst7|pipe_x_pos[10]   ; bouncy_ball:inst7|pipe_x_pos[7]    ; VGA_SYNC:inst|vert_sync_out ; VGA_SYNC:inst|vert_sync_out ; 1.000        ; -0.233     ; 0.855      ;
; -0.099 ; bouncy_ball:inst7|ball_y_pos[1]    ; bouncy_ball:inst7|ball_y_pos[8]    ; VGA_SYNC:inst|vert_sync_out ; VGA_SYNC:inst|vert_sync_out ; 1.000        ; -0.036     ; 1.050      ;
; -0.097 ; bouncy_ball:inst7|pipe_x_pos[3]    ; bouncy_ball:inst7|pipe_x_pos[2]    ; VGA_SYNC:inst|vert_sync_out ; VGA_SYNC:inst|vert_sync_out ; 1.000        ; -0.037     ; 1.047      ;
; -0.093 ; bouncy_ball:inst7|pipe_x_pos[1]    ; bouncy_ball:inst7|pipe_x_pos[8]    ; VGA_SYNC:inst|vert_sync_out ; VGA_SYNC:inst|vert_sync_out ; 1.000        ; 0.159      ; 1.239      ;
; -0.093 ; bouncy_ball:inst7|pipe_x_pos[2]    ; bouncy_ball:inst7|pipe_x_pos[9]    ; VGA_SYNC:inst|vert_sync_out ; VGA_SYNC:inst|vert_sync_out ; 1.000        ; 0.153      ; 1.233      ;
; -0.093 ; bouncy_ball:inst7|pipe_x_pos[3]    ; bouncy_ball:inst7|pipe_x_pos[10]   ; VGA_SYNC:inst|vert_sync_out ; VGA_SYNC:inst|vert_sync_out ; 1.000        ; 0.152      ; 1.232      ;
; -0.093 ; bouncy_ball:inst7|ball_y_pos[8]    ; bouncy_ball:inst7|ball_y_motion[0] ; VGA_SYNC:inst|vert_sync_out ; VGA_SYNC:inst|vert_sync_out ; 1.000        ; -0.036     ; 1.044      ;
; -0.088 ; bouncy_ball:inst7|pipe_x_pos[8]    ; bouncy_ball:inst7|pipe_x_pos[9]    ; VGA_SYNC:inst|vert_sync_out ; VGA_SYNC:inst|vert_sync_out ; 1.000        ; -0.044     ; 1.031      ;
; -0.088 ; bouncy_ball:inst7|pipe_x_pos[9]    ; bouncy_ball:inst7|pipe_x_pos[4]    ; VGA_SYNC:inst|vert_sync_out ; VGA_SYNC:inst|vert_sync_out ; 1.000        ; -0.234     ; 0.841      ;
; -0.087 ; bouncy_ball:inst7|pipe_x_pos[4]    ; bouncy_ball:inst7|pipe_x_pos[4]    ; VGA_SYNC:inst|vert_sync_out ; VGA_SYNC:inst|vert_sync_out ; 1.000        ; -0.036     ; 1.038      ;
; -0.080 ; bouncy_ball:inst7|pipe_x_pos[2]    ; bouncy_ball:inst7|pipe_x_pos[4]    ; VGA_SYNC:inst|vert_sync_out ; VGA_SYNC:inst|vert_sync_out ; 1.000        ; -0.036     ; 1.031      ;
; -0.074 ; bouncy_ball:inst7|pipe_x_pos[9]    ; bouncy_ball:inst7|pipe_x_pos[10]   ; VGA_SYNC:inst|vert_sync_out ; VGA_SYNC:inst|vert_sync_out ; 1.000        ; -0.045     ; 1.016      ;
; -0.071 ; bouncy_ball:inst7|pipe_x_pos[7]    ; bouncy_ball:inst7|pipe_x_pos[4]    ; VGA_SYNC:inst|vert_sync_out ; VGA_SYNC:inst|vert_sync_out ; 1.000        ; -0.037     ; 1.021      ;
; -0.071 ; bouncy_ball:inst7|pipe_x_pos[0]    ; bouncy_ball:inst7|pipe_x_pos[8]    ; VGA_SYNC:inst|vert_sync_out ; VGA_SYNC:inst|vert_sync_out ; 1.000        ; 0.153      ; 1.211      ;
; -0.069 ; bouncy_ball:inst7|pipe_x_pos[9]    ; bouncy_ball:inst7|pipe_x_pos[7]    ; VGA_SYNC:inst|vert_sync_out ; VGA_SYNC:inst|vert_sync_out ; 1.000        ; -0.234     ; 0.822      ;
; -0.065 ; bouncy_ball:inst7|ball_y_pos[2]    ; bouncy_ball:inst7|ball_y_pos[8]    ; VGA_SYNC:inst|vert_sync_out ; VGA_SYNC:inst|vert_sync_out ; 1.000        ; -0.036     ; 1.016      ;
; -0.058 ; bouncy_ball:inst7|pipe_x_pos[6]    ; bouncy_ball:inst7|pipe_x_pos[4]    ; VGA_SYNC:inst|vert_sync_out ; VGA_SYNC:inst|vert_sync_out ; 1.000        ; -0.037     ; 1.008      ;
; -0.057 ; bouncy_ball:inst7|pipe_x_pos[7]    ; bouncy_ball:inst7|pipe_x_pos[7]    ; VGA_SYNC:inst|vert_sync_out ; VGA_SYNC:inst|vert_sync_out ; 1.000        ; -0.037     ; 1.007      ;
; -0.054 ; bouncy_ball:inst7|pipe_x_pos[2]    ; bouncy_ball:inst7|pipe_x_pos[5]    ; VGA_SYNC:inst|vert_sync_out ; VGA_SYNC:inst|vert_sync_out ; 1.000        ; -0.036     ; 1.005      ;
; -0.052 ; bouncy_ball:inst7|pipe_x_pos[3]    ; bouncy_ball:inst7|pipe_x_pos[8]    ; VGA_SYNC:inst|vert_sync_out ; VGA_SYNC:inst|vert_sync_out ; 1.000        ; 0.152      ; 1.191      ;
; -0.052 ; bouncy_ball:inst7|ball_y_pos[0]    ; bouncy_ball:inst7|ball_y_pos[8]    ; VGA_SYNC:inst|vert_sync_out ; VGA_SYNC:inst|vert_sync_out ; 1.000        ; -0.036     ; 1.003      ;
; -0.051 ; bouncy_ball:inst7|ball_y_motion[0] ; bouncy_ball:inst7|ball_y_pos[5]    ; VGA_SYNC:inst|vert_sync_out ; VGA_SYNC:inst|vert_sync_out ; 1.000        ; -0.036     ; 1.002      ;
; -0.047 ; bouncy_ball:inst7|ball_y_pos[3]    ; bouncy_ball:inst7|ball_y_pos[8]    ; VGA_SYNC:inst|vert_sync_out ; VGA_SYNC:inst|vert_sync_out ; 1.000        ; -0.036     ; 0.998      ;
; -0.042 ; bouncy_ball:inst7|pipe_x_pos[5]    ; bouncy_ball:inst7|pipe_x_pos[4]    ; VGA_SYNC:inst|vert_sync_out ; VGA_SYNC:inst|vert_sync_out ; 1.000        ; -0.036     ; 0.993      ;
; -0.039 ; bouncy_ball:inst7|pipe_x_pos[2]    ; bouncy_ball:inst7|pipe_x_pos[10]   ; VGA_SYNC:inst|vert_sync_out ; VGA_SYNC:inst|vert_sync_out ; 1.000        ; 0.153      ; 1.179      ;
; -0.037 ; bouncy_ball:inst7|pipe_x_pos[7]    ; bouncy_ball:inst7|pipe_x_pos[9]    ; VGA_SYNC:inst|vert_sync_out ; VGA_SYNC:inst|vert_sync_out ; 1.000        ; 0.152      ; 1.176      ;
; -0.035 ; bouncy_ball:inst7|ball_y_motion[0] ; bouncy_ball:inst7|ball_y_pos[4]    ; VGA_SYNC:inst|vert_sync_out ; VGA_SYNC:inst|vert_sync_out ; 1.000        ; -0.036     ; 0.986      ;
; -0.035 ; bouncy_ball:inst7|ball_y_pos[1]    ; bouncy_ball:inst7|ball_y_pos[7]    ; VGA_SYNC:inst|vert_sync_out ; VGA_SYNC:inst|vert_sync_out ; 1.000        ; -0.036     ; 0.986      ;
; -0.032 ; bouncy_ball:inst7|pipe_x_pos[8]    ; bouncy_ball:inst7|pipe_x_pos[10]   ; VGA_SYNC:inst|vert_sync_out ; VGA_SYNC:inst|vert_sync_out ; 1.000        ; -0.044     ; 0.975      ;
; -0.031 ; bouncy_ball:inst7|ball_y_pos[1]    ; bouncy_ball:inst7|ball_y_pos[6]    ; VGA_SYNC:inst|vert_sync_out ; VGA_SYNC:inst|vert_sync_out ; 1.000        ; -0.036     ; 0.982      ;
; -0.026 ; bouncy_ball:inst7|pipe_x_pos[4]    ; bouncy_ball:inst7|pipe_x_pos[9]    ; VGA_SYNC:inst|vert_sync_out ; VGA_SYNC:inst|vert_sync_out ; 1.000        ; 0.153      ; 1.166      ;
; -0.024 ; bouncy_ball:inst7|pipe_x_pos[6]    ; bouncy_ball:inst7|pipe_x_pos[10]   ; VGA_SYNC:inst|vert_sync_out ; VGA_SYNC:inst|vert_sync_out ; 1.000        ; 0.152      ; 1.163      ;
; -0.023 ; bouncy_ball:inst7|ball_y_pos[0]    ; bouncy_ball:inst7|ball_y_pos[7]    ; VGA_SYNC:inst|vert_sync_out ; VGA_SYNC:inst|vert_sync_out ; 1.000        ; -0.036     ; 0.974      ;
; -0.018 ; bouncy_ball:inst7|pipe_x_pos[3]    ; bouncy_ball:inst7|pipe_x_pos[3]    ; VGA_SYNC:inst|vert_sync_out ; VGA_SYNC:inst|vert_sync_out ; 1.000        ; -0.037     ; 0.968      ;
; -0.018 ; bouncy_ball:inst7|ball_y_pos[2]    ; bouncy_ball:inst7|ball_y_pos[7]    ; VGA_SYNC:inst|vert_sync_out ; VGA_SYNC:inst|vert_sync_out ; 1.000        ; -0.036     ; 0.969      ;
; -0.016 ; bouncy_ball:inst7|pipe_x_pos[7]    ; bouncy_ball:inst7|pipe_x_pos[10]   ; VGA_SYNC:inst|vert_sync_out ; VGA_SYNC:inst|vert_sync_out ; 1.000        ; 0.152      ; 1.155      ;
; -0.006 ; bouncy_ball:inst7|ball_y_motion[0] ; bouncy_ball:inst7|ball_y_motion[0] ; VGA_SYNC:inst|vert_sync_out ; VGA_SYNC:inst|vert_sync_out ; 1.000        ; -0.036     ; 0.957      ;
; -0.003 ; bouncy_ball:inst7|pipe_x_pos[8]    ; bouncy_ball:inst7|pipe_x_pos[8]    ; VGA_SYNC:inst|vert_sync_out ; VGA_SYNC:inst|vert_sync_out ; 1.000        ; -0.044     ; 0.946      ;
; 0.000  ; bouncy_ball:inst7|pipe_x_pos[1]    ; bouncy_ball:inst7|pipe_x_pos[1]    ; VGA_SYNC:inst|vert_sync_out ; VGA_SYNC:inst|vert_sync_out ; 1.000        ; -0.036     ; 0.951      ;
; 0.002  ; bouncy_ball:inst7|ball_y_motion[0] ; bouncy_ball:inst7|ball_y_pos[9]    ; VGA_SYNC:inst|vert_sync_out ; VGA_SYNC:inst|vert_sync_out ; 1.000        ; 0.153      ; 1.138      ;
; 0.003  ; bouncy_ball:inst7|ball_y_pos[2]    ; bouncy_ball:inst7|ball_y_pos[6]    ; VGA_SYNC:inst|vert_sync_out ; VGA_SYNC:inst|vert_sync_out ; 1.000        ; -0.036     ; 0.948      ;
; 0.012  ; bouncy_ball:inst7|pipe_x_pos[5]    ; bouncy_ball:inst7|pipe_x_pos[9]    ; VGA_SYNC:inst|vert_sync_out ; VGA_SYNC:inst|vert_sync_out ; 1.000        ; 0.153      ; 1.128      ;
; 0.013  ; bouncy_ball:inst7|pipe_x_pos[4]    ; bouncy_ball:inst7|pipe_x_pos[5]    ; VGA_SYNC:inst|vert_sync_out ; VGA_SYNC:inst|vert_sync_out ; 1.000        ; -0.036     ; 0.938      ;
; 0.016  ; bouncy_ball:inst7|ball_y_pos[0]    ; bouncy_ball:inst7|ball_y_pos[6]    ; VGA_SYNC:inst|vert_sync_out ; VGA_SYNC:inst|vert_sync_out ; 1.000        ; -0.036     ; 0.935      ;
; 0.017  ; bouncy_ball:inst7|ball_y_motion[0] ; bouncy_ball:inst7|ball_y_pos[3]    ; VGA_SYNC:inst|vert_sync_out ; VGA_SYNC:inst|vert_sync_out ; 1.000        ; -0.036     ; 0.934      ;
; 0.017  ; bouncy_ball:inst7|ball_y_pos[3]    ; bouncy_ball:inst7|ball_y_pos[7]    ; VGA_SYNC:inst|vert_sync_out ; VGA_SYNC:inst|vert_sync_out ; 1.000        ; -0.036     ; 0.934      ;
; 0.021  ; bouncy_ball:inst7|ball_y_pos[3]    ; bouncy_ball:inst7|ball_y_pos[6]    ; VGA_SYNC:inst|vert_sync_out ; VGA_SYNC:inst|vert_sync_out ; 1.000        ; -0.036     ; 0.930      ;
; 0.025  ; bouncy_ball:inst7|ball_y_pos[5]    ; bouncy_ball:inst7|ball_y_motion[0] ; VGA_SYNC:inst|vert_sync_out ; VGA_SYNC:inst|vert_sync_out ; 1.000        ; -0.036     ; 0.926      ;
; 0.026  ; bouncy_ball:inst7|pipe_x_pos[6]    ; bouncy_ball:inst7|pipe_x_pos[6]    ; VGA_SYNC:inst|vert_sync_out ; VGA_SYNC:inst|vert_sync_out ; 1.000        ; -0.037     ; 0.924      ;
+--------+------------------------------------+------------------------------------+-----------------------------+-----------------------------+--------------+------------+------------+


+------------------------------------------------------------------------------------------------------------------------------------------------------------------------------------------------------------------------------+
; Fast 1200mV 0C Model Hold: 'inst2|altpll_component|auto_generated|pll1|clk[0]'                                                                                                                                               ;
+-------+-------------------------------------+-------------------------------+---------------------------------------------------+---------------------------------------------------+--------------+------------+------------+
; Slack ; From Node                           ; To Node                       ; Launch Clock                                      ; Latch Clock                                       ; Relationship ; Clock Skew ; Data Delay ;
+-------+-------------------------------------+-------------------------------+---------------------------------------------------+---------------------------------------------------+--------------+------------+------------+
; 0.185 ; char_rom:inst6|rom_mux_output       ; char_rom:inst6|rom_mux_output ; inst2|altpll_component|auto_generated|pll1|clk[0] ; inst2|altpll_component|auto_generated|pll1|clk[0] ; 0.000        ; 0.038      ; 0.307      ;
; 0.188 ; VGA_SYNC:inst|v_count[2]            ; VGA_SYNC:inst|v_count[2]      ; inst2|altpll_component|auto_generated|pll1|clk[0] ; inst2|altpll_component|auto_generated|pll1|clk[0] ; 0.000        ; 0.035      ; 0.307      ;
; 0.188 ; VGA_SYNC:inst|v_count[3]            ; VGA_SYNC:inst|v_count[3]      ; inst2|altpll_component|auto_generated|pll1|clk[0] ; inst2|altpll_component|auto_generated|pll1|clk[0] ; 0.000        ; 0.035      ; 0.307      ;
; 0.188 ; VGA_SYNC:inst|v_count[5]            ; VGA_SYNC:inst|v_count[5]      ; inst2|altpll_component|auto_generated|pll1|clk[0] ; inst2|altpll_component|auto_generated|pll1|clk[0] ; 0.000        ; 0.035      ; 0.307      ;
; 0.188 ; VGA_SYNC:inst|v_count[6]            ; VGA_SYNC:inst|v_count[6]      ; inst2|altpll_component|auto_generated|pll1|clk[0] ; inst2|altpll_component|auto_generated|pll1|clk[0] ; 0.000        ; 0.035      ; 0.307      ;
; 0.188 ; VGA_SYNC:inst|v_count[7]            ; VGA_SYNC:inst|v_count[7]      ; inst2|altpll_component|auto_generated|pll1|clk[0] ; inst2|altpll_component|auto_generated|pll1|clk[0] ; 0.000        ; 0.035      ; 0.307      ;
; 0.188 ; VGA_SYNC:inst|v_count[8]            ; VGA_SYNC:inst|v_count[8]      ; inst2|altpll_component|auto_generated|pll1|clk[0] ; inst2|altpll_component|auto_generated|pll1|clk[0] ; 0.000        ; 0.035      ; 0.307      ;
; 0.188 ; VGA_SYNC:inst|v_count[9]            ; VGA_SYNC:inst|v_count[9]      ; inst2|altpll_component|auto_generated|pll1|clk[0] ; inst2|altpll_component|auto_generated|pll1|clk[0] ; 0.000        ; 0.035      ; 0.307      ;
; 0.188 ; VGA_SYNC:inst|v_count[4]            ; VGA_SYNC:inst|v_count[4]      ; inst2|altpll_component|auto_generated|pll1|clk[0] ; inst2|altpll_component|auto_generated|pll1|clk[0] ; 0.000        ; 0.035      ; 0.307      ;
; 0.192 ; char_rom:inst6|character_address[4] ; char_rom:inst6|rom_address[7] ; inst2|altpll_component|auto_generated|pll1|clk[0] ; inst2|altpll_component|auto_generated|pll1|clk[0] ; 0.000        ; 0.038      ; 0.314      ;
; 0.192 ; char_rom:inst6|character_address[3] ; char_rom:inst6|rom_address[6] ; inst2|altpll_component|auto_generated|pll1|clk[0] ; inst2|altpll_component|auto_generated|pll1|clk[0] ; 0.000        ; 0.038      ; 0.314      ;
; 0.192 ; char_rom:inst6|character_address[1] ; char_rom:inst6|rom_address[4] ; inst2|altpll_component|auto_generated|pll1|clk[0] ; inst2|altpll_component|auto_generated|pll1|clk[0] ; 0.000        ; 0.038      ; 0.314      ;
; 0.193 ; char_rom:inst6|character_address[0] ; char_rom:inst6|rom_address[3] ; inst2|altpll_component|auto_generated|pll1|clk[0] ; inst2|altpll_component|auto_generated|pll1|clk[0] ; 0.000        ; 0.038      ; 0.315      ;
; 0.213 ; VGA_SYNC:inst|v_count[4]            ; VGA_SYNC:inst|vert_sync       ; inst2|altpll_component|auto_generated|pll1|clk[0] ; inst2|altpll_component|auto_generated|pll1|clk[0] ; 0.000        ; 0.035      ; 0.332      ;
; 0.217 ; VGA_SYNC:inst|h_count[5]            ; VGA_SYNC:inst|horiz_sync      ; inst2|altpll_component|auto_generated|pll1|clk[0] ; inst2|altpll_component|auto_generated|pll1|clk[0] ; 0.000        ; 0.036      ; 0.337      ;
; 0.220 ; VGA_SYNC:inst|h_count[5]            ; VGA_SYNC:inst|pixel_column[5] ; inst2|altpll_component|auto_generated|pll1|clk[0] ; inst2|altpll_component|auto_generated|pll1|clk[0] ; 0.000        ; 0.036      ; 0.340      ;
; 0.227 ; char_rom:inst6|start_Play           ; char_rom:inst6|mode           ; inst2|altpll_component|auto_generated|pll1|clk[0] ; inst2|altpll_component|auto_generated|pll1|clk[0] ; 0.000        ; 0.038      ; 0.349      ;
; 0.252 ; char_rom:inst6|character_address[2] ; char_rom:inst6|rom_address[5] ; inst2|altpll_component|auto_generated|pll1|clk[0] ; inst2|altpll_component|auto_generated|pll1|clk[0] ; 0.000        ; 0.038      ; 0.374      ;
; 0.271 ; VGA_SYNC:inst|h_count[4]            ; VGA_SYNC:inst|pixel_column[4] ; inst2|altpll_component|auto_generated|pll1|clk[0] ; inst2|altpll_component|auto_generated|pll1|clk[0] ; 0.000        ; 0.035      ; 0.390      ;
; 0.276 ; VGA_SYNC:inst|v_count[6]            ; VGA_SYNC:inst|pixel_row[6]    ; inst2|altpll_component|auto_generated|pll1|clk[0] ; inst2|altpll_component|auto_generated|pll1|clk[0] ; 0.000        ; 0.038      ; 0.398      ;
; 0.287 ; VGA_SYNC:inst|v_count[8]            ; VGA_SYNC:inst|pixel_row[8]    ; inst2|altpll_component|auto_generated|pll1|clk[0] ; inst2|altpll_component|auto_generated|pll1|clk[0] ; 0.000        ; 0.035      ; 0.406      ;
; 0.288 ; VGA_SYNC:inst|h_count[6]            ; VGA_SYNC:inst|pixel_column[6] ; inst2|altpll_component|auto_generated|pll1|clk[0] ; inst2|altpll_component|auto_generated|pll1|clk[0] ; 0.000        ; 0.035      ; 0.407      ;
; 0.299 ; VGA_SYNC:inst|v_count[1]            ; VGA_SYNC:inst|pixel_row[1]    ; inst2|altpll_component|auto_generated|pll1|clk[0] ; inst2|altpll_component|auto_generated|pll1|clk[0] ; 0.000        ; 0.040      ; 0.423      ;
; 0.311 ; VGA_SYNC:inst|h_count[7]            ; VGA_SYNC:inst|h_count[7]      ; inst2|altpll_component|auto_generated|pll1|clk[0] ; inst2|altpll_component|auto_generated|pll1|clk[0] ; 0.000        ; 0.035      ; 0.430      ;
; 0.316 ; VGA_SYNC:inst|h_count[2]            ; VGA_SYNC:inst|h_count[2]      ; inst2|altpll_component|auto_generated|pll1|clk[0] ; inst2|altpll_component|auto_generated|pll1|clk[0] ; 0.000        ; 0.035      ; 0.435      ;
; 0.316 ; VGA_SYNC:inst|h_count[3]            ; VGA_SYNC:inst|h_count[3]      ; inst2|altpll_component|auto_generated|pll1|clk[0] ; inst2|altpll_component|auto_generated|pll1|clk[0] ; 0.000        ; 0.035      ; 0.435      ;
; 0.316 ; VGA_SYNC:inst|h_count[6]            ; VGA_SYNC:inst|h_count[6]      ; inst2|altpll_component|auto_generated|pll1|clk[0] ; inst2|altpll_component|auto_generated|pll1|clk[0] ; 0.000        ; 0.035      ; 0.435      ;
; 0.319 ; VGA_SYNC:inst|h_count[1]            ; VGA_SYNC:inst|h_count[1]      ; inst2|altpll_component|auto_generated|pll1|clk[0] ; inst2|altpll_component|auto_generated|pll1|clk[0] ; 0.000        ; 0.035      ; 0.438      ;
; 0.321 ; VGA_SYNC:inst|h_count[4]            ; VGA_SYNC:inst|h_count[4]      ; inst2|altpll_component|auto_generated|pll1|clk[0] ; inst2|altpll_component|auto_generated|pll1|clk[0] ; 0.000        ; 0.035      ; 0.440      ;
; 0.348 ; VGA_SYNC:inst|v_count[3]            ; VGA_SYNC:inst|pixel_row[3]    ; inst2|altpll_component|auto_generated|pll1|clk[0] ; inst2|altpll_component|auto_generated|pll1|clk[0] ; 0.000        ; 0.035      ; 0.467      ;
; 0.348 ; VGA_SYNC:inst|h_count[3]            ; VGA_SYNC:inst|pixel_column[3] ; inst2|altpll_component|auto_generated|pll1|clk[0] ; inst2|altpll_component|auto_generated|pll1|clk[0] ; 0.000        ; 0.035      ; 0.467      ;
; 0.356 ; VGA_SYNC:inst|h_count[2]            ; VGA_SYNC:inst|pixel_column[2] ; inst2|altpll_component|auto_generated|pll1|clk[0] ; inst2|altpll_component|auto_generated|pll1|clk[0] ; 0.000        ; 0.035      ; 0.475      ;
; 0.378 ; VGA_SYNC:inst|h_count[1]            ; VGA_SYNC:inst|pixel_column[1] ; inst2|altpll_component|auto_generated|pll1|clk[0] ; inst2|altpll_component|auto_generated|pll1|clk[0] ; 0.000        ; 0.035      ; 0.497      ;
; 0.383 ; char_rom:inst6|start_Play           ; char_rom:inst6|rom_mux_output ; inst2|altpll_component|auto_generated|pll1|clk[0] ; inst2|altpll_component|auto_generated|pll1|clk[0] ; 0.000        ; 0.038      ; 0.505      ;
; 0.397 ; VGA_SYNC:inst|h_count[9]            ; VGA_SYNC:inst|h_count[5]      ; inst2|altpll_component|auto_generated|pll1|clk[0] ; inst2|altpll_component|auto_generated|pll1|clk[0] ; 0.000        ; 0.036      ; 0.517      ;
; 0.397 ; VGA_SYNC:inst|h_count[9]            ; VGA_SYNC:inst|h_count[9]      ; inst2|altpll_component|auto_generated|pll1|clk[0] ; inst2|altpll_component|auto_generated|pll1|clk[0] ; 0.000        ; 0.036      ; 0.517      ;
; 0.399 ; VGA_SYNC:inst|h_count[9]            ; VGA_SYNC:inst|h_count[8]      ; inst2|altpll_component|auto_generated|pll1|clk[0] ; inst2|altpll_component|auto_generated|pll1|clk[0] ; 0.000        ; 0.036      ; 0.519      ;
; 0.399 ; VGA_SYNC:inst|h_count[6]            ; VGA_SYNC:inst|horiz_sync      ; inst2|altpll_component|auto_generated|pll1|clk[0] ; inst2|altpll_component|auto_generated|pll1|clk[0] ; 0.000        ; 0.035      ; 0.518      ;
; 0.412 ; VGA_SYNC:inst|v_count[0]            ; VGA_SYNC:inst|pixel_row[0]    ; inst2|altpll_component|auto_generated|pll1|clk[0] ; inst2|altpll_component|auto_generated|pll1|clk[0] ; 0.000        ; 0.038      ; 0.534      ;
; 0.413 ; VGA_SYNC:inst|v_count[2]            ; VGA_SYNC:inst|pixel_row[2]    ; inst2|altpll_component|auto_generated|pll1|clk[0] ; inst2|altpll_component|auto_generated|pll1|clk[0] ; 0.000        ; 0.040      ; 0.537      ;
; 0.415 ; VGA_SYNC:inst|v_count[4]            ; VGA_SYNC:inst|pixel_row[4]    ; inst2|altpll_component|auto_generated|pll1|clk[0] ; inst2|altpll_component|auto_generated|pll1|clk[0] ; 0.000        ; 0.038      ; 0.537      ;
; 0.430 ; VGA_SYNC:inst|h_count[0]            ; VGA_SYNC:inst|h_count[0]      ; inst2|altpll_component|auto_generated|pll1|clk[0] ; inst2|altpll_component|auto_generated|pll1|clk[0] ; 0.000        ; 0.035      ; 0.549      ;
; 0.432 ; VGA_SYNC:inst|h_count[9]            ; VGA_SYNC:inst|horiz_sync      ; inst2|altpll_component|auto_generated|pll1|clk[0] ; inst2|altpll_component|auto_generated|pll1|clk[0] ; 0.000        ; 0.036      ; 0.552      ;
; 0.433 ; VGA_SYNC:inst|v_count[9]            ; VGA_SYNC:inst|vert_sync       ; inst2|altpll_component|auto_generated|pll1|clk[0] ; inst2|altpll_component|auto_generated|pll1|clk[0] ; 0.000        ; 0.035      ; 0.552      ;
; 0.435 ; VGA_SYNC:inst|v_count[7]            ; VGA_SYNC:inst|pixel_row[7]    ; inst2|altpll_component|auto_generated|pll1|clk[0] ; inst2|altpll_component|auto_generated|pll1|clk[0] ; 0.000        ; 0.038      ; 0.557      ;
; 0.450 ; VGA_SYNC:inst|h_count[5]            ; VGA_SYNC:inst|h_count[8]      ; inst2|altpll_component|auto_generated|pll1|clk[0] ; inst2|altpll_component|auto_generated|pll1|clk[0] ; 0.000        ; 0.036      ; 0.570      ;
; 0.451 ; VGA_SYNC:inst|h_count[5]            ; VGA_SYNC:inst|h_count[5]      ; inst2|altpll_component|auto_generated|pll1|clk[0] ; inst2|altpll_component|auto_generated|pll1|clk[0] ; 0.000        ; 0.036      ; 0.571      ;
; 0.451 ; VGA_SYNC:inst|h_count[5]            ; VGA_SYNC:inst|h_count[9]      ; inst2|altpll_component|auto_generated|pll1|clk[0] ; inst2|altpll_component|auto_generated|pll1|clk[0] ; 0.000        ; 0.036      ; 0.571      ;
; 0.454 ; VGA_SYNC:inst|video_on_h            ; VGA_SYNC:inst|green_out       ; inst2|altpll_component|auto_generated|pll1|clk[0] ; inst2|altpll_component|auto_generated|pll1|clk[0] ; 0.000        ; 0.043      ; 0.581      ;
; 0.465 ; VGA_SYNC:inst|h_count[3]            ; VGA_SYNC:inst|h_count[4]      ; inst2|altpll_component|auto_generated|pll1|clk[0] ; inst2|altpll_component|auto_generated|pll1|clk[0] ; 0.000        ; 0.035      ; 0.584      ;
; 0.468 ; VGA_SYNC:inst|h_count[1]            ; VGA_SYNC:inst|h_count[2]      ; inst2|altpll_component|auto_generated|pll1|clk[0] ; inst2|altpll_component|auto_generated|pll1|clk[0] ; 0.000        ; 0.035      ; 0.587      ;
; 0.474 ; VGA_SYNC:inst|h_count[6]            ; VGA_SYNC:inst|h_count[7]      ; inst2|altpll_component|auto_generated|pll1|clk[0] ; inst2|altpll_component|auto_generated|pll1|clk[0] ; 0.000        ; 0.035      ; 0.593      ;
; 0.474 ; VGA_SYNC:inst|h_count[2]            ; VGA_SYNC:inst|h_count[3]      ; inst2|altpll_component|auto_generated|pll1|clk[0] ; inst2|altpll_component|auto_generated|pll1|clk[0] ; 0.000        ; 0.035      ; 0.593      ;
; 0.477 ; VGA_SYNC:inst|h_count[2]            ; VGA_SYNC:inst|h_count[4]      ; inst2|altpll_component|auto_generated|pll1|clk[0] ; inst2|altpll_component|auto_generated|pll1|clk[0] ; 0.000        ; 0.035      ; 0.596      ;
; 0.481 ; VGA_SYNC:inst|v_count[9]            ; VGA_SYNC:inst|v_count[1]      ; inst2|altpll_component|auto_generated|pll1|clk[0] ; inst2|altpll_component|auto_generated|pll1|clk[0] ; 0.000        ; 0.035      ; 0.600      ;
; 0.482 ; VGA_SYNC:inst|h_count[4]            ; VGA_SYNC:inst|h_count[6]      ; inst2|altpll_component|auto_generated|pll1|clk[0] ; inst2|altpll_component|auto_generated|pll1|clk[0] ; 0.000        ; 0.035      ; 0.601      ;
; 0.489 ; VGA_SYNC:inst|v_count[9]            ; VGA_SYNC:inst|video_on_v      ; inst2|altpll_component|auto_generated|pll1|clk[0] ; inst2|altpll_component|auto_generated|pll1|clk[0] ; 0.000        ; 0.035      ; 0.608      ;
; 0.506 ; VGA_SYNC:inst|v_count[7]            ; VGA_SYNC:inst|vert_sync       ; inst2|altpll_component|auto_generated|pll1|clk[0] ; inst2|altpll_component|auto_generated|pll1|clk[0] ; 0.000        ; 0.035      ; 0.625      ;
; 0.509 ; VGA_SYNC:inst|v_count[5]            ; VGA_SYNC:inst|pixel_row[5]    ; inst2|altpll_component|auto_generated|pll1|clk[0] ; inst2|altpll_component|auto_generated|pll1|clk[0] ; 0.000        ; 0.038      ; 0.631      ;
; 0.521 ; VGA_SYNC:inst|h_count[8]            ; VGA_SYNC:inst|pixel_column[8] ; inst2|altpll_component|auto_generated|pll1|clk[0] ; inst2|altpll_component|auto_generated|pll1|clk[0] ; 0.000        ; 0.033      ; 0.638      ;
; 0.523 ; VGA_SYNC:inst|h_count[9]            ; VGA_SYNC:inst|pixel_column[9] ; inst2|altpll_component|auto_generated|pll1|clk[0] ; inst2|altpll_component|auto_generated|pll1|clk[0] ; 0.000        ; 0.033      ; 0.640      ;
; 0.526 ; VGA_SYNC:inst|h_count[7]            ; VGA_SYNC:inst|pixel_column[7] ; inst2|altpll_component|auto_generated|pll1|clk[0] ; inst2|altpll_component|auto_generated|pll1|clk[0] ; 0.000        ; 0.032      ; 0.642      ;
; 0.526 ; VGA_SYNC:inst|h_count[5]            ; VGA_SYNC:inst|h_count[6]      ; inst2|altpll_component|auto_generated|pll1|clk[0] ; inst2|altpll_component|auto_generated|pll1|clk[0] ; 0.000        ; 0.036      ; 0.646      ;
; 0.531 ; VGA_SYNC:inst|h_count[1]            ; VGA_SYNC:inst|h_count[3]      ; inst2|altpll_component|auto_generated|pll1|clk[0] ; inst2|altpll_component|auto_generated|pll1|clk[0] ; 0.000        ; 0.035      ; 0.650      ;
; 0.531 ; VGA_SYNC:inst|h_count[3]            ; VGA_SYNC:inst|h_count[6]      ; inst2|altpll_component|auto_generated|pll1|clk[0] ; inst2|altpll_component|auto_generated|pll1|clk[0] ; 0.000        ; 0.035      ; 0.650      ;
; 0.534 ; VGA_SYNC:inst|h_count[1]            ; VGA_SYNC:inst|h_count[4]      ; inst2|altpll_component|auto_generated|pll1|clk[0] ; inst2|altpll_component|auto_generated|pll1|clk[0] ; 0.000        ; 0.035      ; 0.653      ;
; 0.538 ; VGA_SYNC:inst|v_count[5]            ; VGA_SYNC:inst|vert_sync       ; inst2|altpll_component|auto_generated|pll1|clk[0] ; inst2|altpll_component|auto_generated|pll1|clk[0] ; 0.000        ; 0.035      ; 0.657      ;
; 0.543 ; VGA_SYNC:inst|h_count[2]            ; VGA_SYNC:inst|h_count[6]      ; inst2|altpll_component|auto_generated|pll1|clk[0] ; inst2|altpll_component|auto_generated|pll1|clk[0] ; 0.000        ; 0.035      ; 0.662      ;
; 0.545 ; VGA_SYNC:inst|h_count[4]            ; VGA_SYNC:inst|h_count[7]      ; inst2|altpll_component|auto_generated|pll1|clk[0] ; inst2|altpll_component|auto_generated|pll1|clk[0] ; 0.000        ; 0.035      ; 0.664      ;
; 0.556 ; VGA_SYNC:inst|vert_sync             ; VGA_SYNC:inst|vert_sync_out   ; inst2|altpll_component|auto_generated|pll1|clk[0] ; inst2|altpll_component|auto_generated|pll1|clk[0] ; 0.000        ; 0.050      ; 0.690      ;
; 0.561 ; VGA_SYNC:inst|h_count[2]            ; VGA_SYNC:inst|h_count[5]      ; inst2|altpll_component|auto_generated|pll1|clk[0] ; inst2|altpll_component|auto_generated|pll1|clk[0] ; 0.000        ; 0.035      ; 0.680      ;
; 0.561 ; VGA_SYNC:inst|h_count[2]            ; VGA_SYNC:inst|h_count[8]      ; inst2|altpll_component|auto_generated|pll1|clk[0] ; inst2|altpll_component|auto_generated|pll1|clk[0] ; 0.000        ; 0.035      ; 0.680      ;
; 0.562 ; VGA_SYNC:inst|h_count[2]            ; VGA_SYNC:inst|h_count[9]      ; inst2|altpll_component|auto_generated|pll1|clk[0] ; inst2|altpll_component|auto_generated|pll1|clk[0] ; 0.000        ; 0.035      ; 0.681      ;
; 0.566 ; VGA_SYNC:inst|h_count[8]            ; VGA_SYNC:inst|horiz_sync      ; inst2|altpll_component|auto_generated|pll1|clk[0] ; inst2|altpll_component|auto_generated|pll1|clk[0] ; 0.000        ; 0.036      ; 0.686      ;
; 0.573 ; VGA_SYNC:inst|v_count[6]            ; VGA_SYNC:inst|vert_sync       ; inst2|altpll_component|auto_generated|pll1|clk[0] ; inst2|altpll_component|auto_generated|pll1|clk[0] ; 0.000        ; 0.035      ; 0.692      ;
; 0.574 ; VGA_SYNC:inst|h_count[8]            ; VGA_SYNC:inst|h_count[5]      ; inst2|altpll_component|auto_generated|pll1|clk[0] ; inst2|altpll_component|auto_generated|pll1|clk[0] ; 0.000        ; 0.036      ; 0.694      ;
; 0.574 ; VGA_SYNC:inst|h_count[8]            ; VGA_SYNC:inst|h_count[8]      ; inst2|altpll_component|auto_generated|pll1|clk[0] ; inst2|altpll_component|auto_generated|pll1|clk[0] ; 0.000        ; 0.036      ; 0.694      ;
; 0.575 ; VGA_SYNC:inst|h_count[8]            ; VGA_SYNC:inst|h_count[9]      ; inst2|altpll_component|auto_generated|pll1|clk[0] ; inst2|altpll_component|auto_generated|pll1|clk[0] ; 0.000        ; 0.036      ; 0.695      ;
; 0.577 ; VGA_SYNC:inst|v_count[3]            ; VGA_SYNC:inst|vert_sync       ; inst2|altpll_component|auto_generated|pll1|clk[0] ; inst2|altpll_component|auto_generated|pll1|clk[0] ; 0.000        ; 0.035      ; 0.696      ;
; 0.579 ; VGA_SYNC:inst|h_count[0]            ; VGA_SYNC:inst|h_count[1]      ; inst2|altpll_component|auto_generated|pll1|clk[0] ; inst2|altpll_component|auto_generated|pll1|clk[0] ; 0.000        ; 0.035      ; 0.698      ;
; 0.582 ; VGA_SYNC:inst|h_count[0]            ; VGA_SYNC:inst|h_count[2]      ; inst2|altpll_component|auto_generated|pll1|clk[0] ; inst2|altpll_component|auto_generated|pll1|clk[0] ; 0.000        ; 0.035      ; 0.701      ;
; 0.589 ; VGA_SYNC:inst|v_count[0]            ; VGA_SYNC:inst|vert_sync       ; inst2|altpll_component|auto_generated|pll1|clk[0] ; inst2|altpll_component|auto_generated|pll1|clk[0] ; 0.000        ; 0.035      ; 0.708      ;
; 0.589 ; VGA_SYNC:inst|h_count[5]            ; VGA_SYNC:inst|h_count[7]      ; inst2|altpll_component|auto_generated|pll1|clk[0] ; inst2|altpll_component|auto_generated|pll1|clk[0] ; 0.000        ; 0.036      ; 0.709      ;
; 0.594 ; VGA_SYNC:inst|h_count[3]            ; VGA_SYNC:inst|h_count[7]      ; inst2|altpll_component|auto_generated|pll1|clk[0] ; inst2|altpll_component|auto_generated|pll1|clk[0] ; 0.000        ; 0.035      ; 0.713      ;
; 0.595 ; VGA_SYNC:inst|v_count[9]            ; VGA_SYNC:inst|v_count[0]      ; inst2|altpll_component|auto_generated|pll1|clk[0] ; inst2|altpll_component|auto_generated|pll1|clk[0] ; 0.000        ; 0.035      ; 0.714      ;
; 0.596 ; VGA_SYNC:inst|h_count[6]            ; VGA_SYNC:inst|h_count[5]      ; inst2|altpll_component|auto_generated|pll1|clk[0] ; inst2|altpll_component|auto_generated|pll1|clk[0] ; 0.000        ; 0.035      ; 0.715      ;
; 0.597 ; VGA_SYNC:inst|h_count[6]            ; VGA_SYNC:inst|h_count[9]      ; inst2|altpll_component|auto_generated|pll1|clk[0] ; inst2|altpll_component|auto_generated|pll1|clk[0] ; 0.000        ; 0.035      ; 0.716      ;
; 0.599 ; VGA_SYNC:inst|h_count[6]            ; VGA_SYNC:inst|h_count[8]      ; inst2|altpll_component|auto_generated|pll1|clk[0] ; inst2|altpll_component|auto_generated|pll1|clk[0] ; 0.000        ; 0.035      ; 0.718      ;
; 0.600 ; VGA_SYNC:inst|h_count[1]            ; VGA_SYNC:inst|h_count[6]      ; inst2|altpll_component|auto_generated|pll1|clk[0] ; inst2|altpll_component|auto_generated|pll1|clk[0] ; 0.000        ; 0.035      ; 0.719      ;
; 0.603 ; VGA_SYNC:inst|h_count[3]            ; VGA_SYNC:inst|h_count[8]      ; inst2|altpll_component|auto_generated|pll1|clk[0] ; inst2|altpll_component|auto_generated|pll1|clk[0] ; 0.000        ; 0.035      ; 0.722      ;
; 0.604 ; VGA_SYNC:inst|h_count[3]            ; VGA_SYNC:inst|h_count[5]      ; inst2|altpll_component|auto_generated|pll1|clk[0] ; inst2|altpll_component|auto_generated|pll1|clk[0] ; 0.000        ; 0.035      ; 0.723      ;
; 0.605 ; VGA_SYNC:inst|h_count[3]            ; VGA_SYNC:inst|h_count[9]      ; inst2|altpll_component|auto_generated|pll1|clk[0] ; inst2|altpll_component|auto_generated|pll1|clk[0] ; 0.000        ; 0.035      ; 0.724      ;
; 0.606 ; VGA_SYNC:inst|h_count[7]            ; VGA_SYNC:inst|horiz_sync      ; inst2|altpll_component|auto_generated|pll1|clk[0] ; inst2|altpll_component|auto_generated|pll1|clk[0] ; 0.000        ; 0.035      ; 0.725      ;
; 0.606 ; VGA_SYNC:inst|h_count[2]            ; VGA_SYNC:inst|h_count[7]      ; inst2|altpll_component|auto_generated|pll1|clk[0] ; inst2|altpll_component|auto_generated|pll1|clk[0] ; 0.000        ; 0.035      ; 0.725      ;
; 0.610 ; VGA_SYNC:inst|h_count[2]            ; VGA_SYNC:inst|horiz_sync      ; inst2|altpll_component|auto_generated|pll1|clk[0] ; inst2|altpll_component|auto_generated|pll1|clk[0] ; 0.000        ; 0.035      ; 0.729      ;
; 0.611 ; VGA_SYNC:inst|v_count[8]            ; VGA_SYNC:inst|vert_sync       ; inst2|altpll_component|auto_generated|pll1|clk[0] ; inst2|altpll_component|auto_generated|pll1|clk[0] ; 0.000        ; 0.035      ; 0.730      ;
; 0.619 ; VGA_SYNC:inst|v_count[2]            ; VGA_SYNC:inst|v_count[3]      ; inst2|altpll_component|auto_generated|pll1|clk[0] ; inst2|altpll_component|auto_generated|pll1|clk[0] ; 0.000        ; 0.035      ; 0.738      ;
; 0.620 ; VGA_SYNC:inst|v_count[6]            ; VGA_SYNC:inst|v_count[7]      ; inst2|altpll_component|auto_generated|pll1|clk[0] ; inst2|altpll_component|auto_generated|pll1|clk[0] ; 0.000        ; 0.035      ; 0.739      ;
; 0.624 ; VGA_SYNC:inst|v_count[8]            ; VGA_SYNC:inst|v_count[9]      ; inst2|altpll_component|auto_generated|pll1|clk[0] ; inst2|altpll_component|auto_generated|pll1|clk[0] ; 0.000        ; 0.035      ; 0.743      ;
; 0.645 ; VGA_SYNC:inst|h_count[0]            ; VGA_SYNC:inst|h_count[3]      ; inst2|altpll_component|auto_generated|pll1|clk[0] ; inst2|altpll_component|auto_generated|pll1|clk[0] ; 0.000        ; 0.035      ; 0.764      ;
+-------+-------------------------------------+-------------------------------+---------------------------------------------------+---------------------------------------------------+--------------+------------+------------+


+--------------------------------------------------------------------------------------------------------------------------------------------------------------------------------------+
; Fast 1200mV 0C Model Hold: 'VGA_SYNC:inst|vert_sync_out'                                                                                                                             ;
+-------+------------------------------------+------------------------------------+-----------------------------+-----------------------------+--------------+------------+------------+
; Slack ; From Node                          ; To Node                            ; Launch Clock                ; Latch Clock                 ; Relationship ; Clock Skew ; Data Delay ;
+-------+------------------------------------+------------------------------------+-----------------------------+-----------------------------+--------------+------------+------------+
; 0.221 ; bouncy_ball:inst7|ball_y_motion[0] ; bouncy_ball:inst7|ball_y_pos[9]    ; VGA_SYNC:inst|vert_sync_out ; VGA_SYNC:inst|vert_sync_out ; 0.000        ; 0.233      ; 0.538      ;
; 0.276 ; bouncy_ball:inst7|ball_y_pos[9]    ; bouncy_ball:inst7|ball_y_pos[9]    ; VGA_SYNC:inst|vert_sync_out ; VGA_SYNC:inst|vert_sync_out ; 0.000        ; 0.044      ; 0.404      ;
; 0.280 ; bouncy_ball:inst7|ball_y_pos[8]    ; bouncy_ball:inst7|ball_y_pos[9]    ; VGA_SYNC:inst|vert_sync_out ; VGA_SYNC:inst|vert_sync_out ; 0.000        ; 0.233      ; 0.597      ;
; 0.316 ; bouncy_ball:inst7|ball_y_pos[1]    ; bouncy_ball:inst7|ball_y_pos[1]    ; VGA_SYNC:inst|vert_sync_out ; VGA_SYNC:inst|vert_sync_out ; 0.000        ; 0.036      ; 0.436      ;
; 0.318 ; bouncy_ball:inst7|ball_y_pos[6]    ; bouncy_ball:inst7|ball_y_pos[6]    ; VGA_SYNC:inst|vert_sync_out ; VGA_SYNC:inst|vert_sync_out ; 0.000        ; 0.036      ; 0.438      ;
; 0.318 ; bouncy_ball:inst7|ball_y_pos[8]    ; bouncy_ball:inst7|ball_y_pos[8]    ; VGA_SYNC:inst|vert_sync_out ; VGA_SYNC:inst|vert_sync_out ; 0.000        ; 0.036      ; 0.438      ;
; 0.322 ; bouncy_ball:inst7|ball_y_pos[7]    ; bouncy_ball:inst7|ball_y_pos[7]    ; VGA_SYNC:inst|vert_sync_out ; VGA_SYNC:inst|vert_sync_out ; 0.000        ; 0.036      ; 0.442      ;
; 0.323 ; bouncy_ball:inst7|ball_y_pos[5]    ; bouncy_ball:inst7|ball_y_pos[5]    ; VGA_SYNC:inst|vert_sync_out ; VGA_SYNC:inst|vert_sync_out ; 0.000        ; 0.036      ; 0.443      ;
; 0.324 ; bouncy_ball:inst7|ball_y_pos[0]    ; bouncy_ball:inst7|ball_y_pos[0]    ; VGA_SYNC:inst|vert_sync_out ; VGA_SYNC:inst|vert_sync_out ; 0.000        ; 0.036      ; 0.444      ;
; 0.328 ; bouncy_ball:inst7|ball_y_pos[4]    ; bouncy_ball:inst7|ball_y_pos[4]    ; VGA_SYNC:inst|vert_sync_out ; VGA_SYNC:inst|vert_sync_out ; 0.000        ; 0.036      ; 0.448      ;
; 0.329 ; bouncy_ball:inst7|ball_y_pos[3]    ; bouncy_ball:inst7|ball_y_pos[3]    ; VGA_SYNC:inst|vert_sync_out ; VGA_SYNC:inst|vert_sync_out ; 0.000        ; 0.036      ; 0.449      ;
; 0.336 ; bouncy_ball:inst7|ball_y_pos[7]    ; bouncy_ball:inst7|ball_y_pos[9]    ; VGA_SYNC:inst|vert_sync_out ; VGA_SYNC:inst|vert_sync_out ; 0.000        ; 0.233      ; 0.653      ;
; 0.346 ; bouncy_ball:inst7|ball_y_pos[6]    ; bouncy_ball:inst7|ball_y_pos[9]    ; VGA_SYNC:inst|vert_sync_out ; VGA_SYNC:inst|vert_sync_out ; 0.000        ; 0.233      ; 0.663      ;
; 0.355 ; bouncy_ball:inst7|pipe_x_pos[10]   ; bouncy_ball:inst7|pipe_x_pos[10]   ; VGA_SYNC:inst|vert_sync_out ; VGA_SYNC:inst|vert_sync_out ; 0.000        ; 0.044      ; 0.483      ;
; 0.379 ; bouncy_ball:inst7|ball_y_pos[2]    ; bouncy_ball:inst7|ball_y_pos[2]    ; VGA_SYNC:inst|vert_sync_out ; VGA_SYNC:inst|vert_sync_out ; 0.000        ; 0.036      ; 0.499      ;
; 0.381 ; bouncy_ball:inst7|ball_y_motion[0] ; bouncy_ball:inst7|ball_y_pos[7]    ; VGA_SYNC:inst|vert_sync_out ; VGA_SYNC:inst|vert_sync_out ; 0.000        ; 0.036      ; 0.501      ;
; 0.403 ; bouncy_ball:inst7|ball_y_pos[5]    ; bouncy_ball:inst7|ball_y_pos[9]    ; VGA_SYNC:inst|vert_sync_out ; VGA_SYNC:inst|vert_sync_out ; 0.000        ; 0.233      ; 0.720      ;
; 0.409 ; bouncy_ball:inst7|ball_y_motion[0] ; bouncy_ball:inst7|ball_y_pos[2]    ; VGA_SYNC:inst|vert_sync_out ; VGA_SYNC:inst|vert_sync_out ; 0.000        ; 0.036      ; 0.529      ;
; 0.412 ; bouncy_ball:inst7|ball_y_motion[0] ; bouncy_ball:inst7|ball_y_pos[3]    ; VGA_SYNC:inst|vert_sync_out ; VGA_SYNC:inst|vert_sync_out ; 0.000        ; 0.036      ; 0.532      ;
; 0.413 ; bouncy_ball:inst7|ball_y_motion[0] ; bouncy_ball:inst7|ball_y_pos[4]    ; VGA_SYNC:inst|vert_sync_out ; VGA_SYNC:inst|vert_sync_out ; 0.000        ; 0.036      ; 0.533      ;
; 0.415 ; bouncy_ball:inst7|ball_y_motion[0] ; bouncy_ball:inst7|ball_y_pos[6]    ; VGA_SYNC:inst|vert_sync_out ; VGA_SYNC:inst|vert_sync_out ; 0.000        ; 0.036      ; 0.535      ;
; 0.415 ; bouncy_ball:inst7|ball_y_motion[0] ; bouncy_ball:inst7|ball_y_pos[5]    ; VGA_SYNC:inst|vert_sync_out ; VGA_SYNC:inst|vert_sync_out ; 0.000        ; 0.036      ; 0.535      ;
; 0.416 ; bouncy_ball:inst7|ball_y_motion[0] ; bouncy_ball:inst7|ball_y_pos[0]    ; VGA_SYNC:inst|vert_sync_out ; VGA_SYNC:inst|vert_sync_out ; 0.000        ; 0.036      ; 0.536      ;
; 0.417 ; bouncy_ball:inst7|ball_y_motion[0] ; bouncy_ball:inst7|ball_y_pos[8]    ; VGA_SYNC:inst|vert_sync_out ; VGA_SYNC:inst|vert_sync_out ; 0.000        ; 0.036      ; 0.537      ;
; 0.422 ; bouncy_ball:inst7|ball_y_pos[4]    ; bouncy_ball:inst7|ball_y_pos[9]    ; VGA_SYNC:inst|vert_sync_out ; VGA_SYNC:inst|vert_sync_out ; 0.000        ; 0.233      ; 0.739      ;
; 0.464 ; bouncy_ball:inst7|ball_y_pos[1]    ; bouncy_ball:inst7|ball_y_pos[2]    ; VGA_SYNC:inst|vert_sync_out ; VGA_SYNC:inst|vert_sync_out ; 0.000        ; 0.036      ; 0.584      ;
; 0.465 ; bouncy_ball:inst7|pipe_x_pos[8]    ; bouncy_ball:inst7|pipe_x_pos[8]    ; VGA_SYNC:inst|vert_sync_out ; VGA_SYNC:inst|vert_sync_out ; 0.000        ; 0.044      ; 0.593      ;
; 0.470 ; bouncy_ball:inst7|pipe_x_pos[4]    ; bouncy_ball:inst7|pipe_x_pos[4]    ; VGA_SYNC:inst|vert_sync_out ; VGA_SYNC:inst|vert_sync_out ; 0.000        ; 0.036      ; 0.590      ;
; 0.470 ; bouncy_ball:inst7|ball_y_pos[7]    ; bouncy_ball:inst7|ball_y_pos[8]    ; VGA_SYNC:inst|vert_sync_out ; VGA_SYNC:inst|vert_sync_out ; 0.000        ; 0.036      ; 0.590      ;
; 0.471 ; bouncy_ball:inst7|ball_y_pos[5]    ; bouncy_ball:inst7|ball_y_pos[6]    ; VGA_SYNC:inst|vert_sync_out ; VGA_SYNC:inst|vert_sync_out ; 0.000        ; 0.036      ; 0.591      ;
; 0.475 ; bouncy_ball:inst7|ball_y_pos[3]    ; bouncy_ball:inst7|ball_y_pos[9]    ; VGA_SYNC:inst|vert_sync_out ; VGA_SYNC:inst|vert_sync_out ; 0.000        ; 0.233      ; 0.792      ;
; 0.476 ; bouncy_ball:inst7|pipe_x_pos[5]    ; bouncy_ball:inst7|pipe_x_pos[5]    ; VGA_SYNC:inst|vert_sync_out ; VGA_SYNC:inst|vert_sync_out ; 0.000        ; 0.036      ; 0.596      ;
; 0.477 ; bouncy_ball:inst7|ball_y_pos[0]    ; bouncy_ball:inst7|ball_y_pos[1]    ; VGA_SYNC:inst|vert_sync_out ; VGA_SYNC:inst|vert_sync_out ; 0.000        ; 0.036      ; 0.597      ;
; 0.477 ; bouncy_ball:inst7|ball_y_pos[6]    ; bouncy_ball:inst7|ball_y_pos[7]    ; VGA_SYNC:inst|vert_sync_out ; VGA_SYNC:inst|vert_sync_out ; 0.000        ; 0.036      ; 0.597      ;
; 0.477 ; bouncy_ball:inst7|ball_y_pos[3]    ; bouncy_ball:inst7|ball_y_pos[4]    ; VGA_SYNC:inst|vert_sync_out ; VGA_SYNC:inst|vert_sync_out ; 0.000        ; 0.036      ; 0.597      ;
; 0.478 ; bouncy_ball:inst7|pipe_x_pos[7]    ; bouncy_ball:inst7|pipe_x_pos[8]    ; VGA_SYNC:inst|vert_sync_out ; VGA_SYNC:inst|vert_sync_out ; 0.000        ; 0.233      ; 0.795      ;
; 0.480 ; bouncy_ball:inst7|ball_y_pos[0]    ; bouncy_ball:inst7|ball_y_pos[2]    ; VGA_SYNC:inst|vert_sync_out ; VGA_SYNC:inst|vert_sync_out ; 0.000        ; 0.036      ; 0.600      ;
; 0.480 ; bouncy_ball:inst7|ball_y_pos[6]    ; bouncy_ball:inst7|ball_y_pos[8]    ; VGA_SYNC:inst|vert_sync_out ; VGA_SYNC:inst|vert_sync_out ; 0.000        ; 0.036      ; 0.600      ;
; 0.487 ; bouncy_ball:inst7|ball_y_pos[4]    ; bouncy_ball:inst7|ball_y_pos[5]    ; VGA_SYNC:inst|vert_sync_out ; VGA_SYNC:inst|vert_sync_out ; 0.000        ; 0.036      ; 0.607      ;
; 0.490 ; bouncy_ball:inst7|ball_y_pos[4]    ; bouncy_ball:inst7|ball_y_pos[6]    ; VGA_SYNC:inst|vert_sync_out ; VGA_SYNC:inst|vert_sync_out ; 0.000        ; 0.036      ; 0.610      ;
; 0.501 ; bouncy_ball:inst7|pipe_x_pos[5]    ; bouncy_ball:inst7|pipe_x_pos[8]    ; VGA_SYNC:inst|vert_sync_out ; VGA_SYNC:inst|vert_sync_out ; 0.000        ; 0.233      ; 0.818      ;
; 0.502 ; bouncy_ball:inst7|pipe_x_pos[4]    ; bouncy_ball:inst7|pipe_x_pos[8]    ; VGA_SYNC:inst|vert_sync_out ; VGA_SYNC:inst|vert_sync_out ; 0.000        ; 0.233      ; 0.819      ;
; 0.515 ; bouncy_ball:inst7|ball_y_pos[9]    ; bouncy_ball:inst7|ball_y_motion[0] ; VGA_SYNC:inst|vert_sync_out ; VGA_SYNC:inst|vert_sync_out ; 0.000        ; -0.153     ; 0.446      ;
; 0.523 ; bouncy_ball:inst7|pipe_x_pos[0]    ; bouncy_ball:inst7|pipe_x_pos[10]   ; VGA_SYNC:inst|vert_sync_out ; VGA_SYNC:inst|vert_sync_out ; 0.000        ; 0.233      ; 0.840      ;
; 0.524 ; bouncy_ball:inst7|pipe_x_pos[0]    ; bouncy_ball:inst7|pipe_x_pos[8]    ; VGA_SYNC:inst|vert_sync_out ; VGA_SYNC:inst|vert_sync_out ; 0.000        ; 0.233      ; 0.841      ;
; 0.527 ; bouncy_ball:inst7|ball_y_pos[1]    ; bouncy_ball:inst7|ball_y_pos[3]    ; VGA_SYNC:inst|vert_sync_out ; VGA_SYNC:inst|vert_sync_out ; 0.000        ; 0.036      ; 0.647      ;
; 0.528 ; bouncy_ball:inst7|ball_y_pos[1]    ; bouncy_ball:inst7|ball_y_pos[9]    ; VGA_SYNC:inst|vert_sync_out ; VGA_SYNC:inst|vert_sync_out ; 0.000        ; 0.233      ; 0.845      ;
; 0.530 ; bouncy_ball:inst7|ball_y_pos[1]    ; bouncy_ball:inst7|ball_y_pos[4]    ; VGA_SYNC:inst|vert_sync_out ; VGA_SYNC:inst|vert_sync_out ; 0.000        ; 0.036      ; 0.650      ;
; 0.530 ; bouncy_ball:inst7|ball_y_pos[8]    ; bouncy_ball:inst7|ball_y_motion[0] ; VGA_SYNC:inst|vert_sync_out ; VGA_SYNC:inst|vert_sync_out ; 0.000        ; 0.036      ; 0.650      ;
; 0.534 ; bouncy_ball:inst7|ball_y_pos[5]    ; bouncy_ball:inst7|ball_y_pos[7]    ; VGA_SYNC:inst|vert_sync_out ; VGA_SYNC:inst|vert_sync_out ; 0.000        ; 0.036      ; 0.654      ;
; 0.537 ; bouncy_ball:inst7|ball_y_pos[5]    ; bouncy_ball:inst7|ball_y_pos[8]    ; VGA_SYNC:inst|vert_sync_out ; VGA_SYNC:inst|vert_sync_out ; 0.000        ; 0.036      ; 0.657      ;
; 0.538 ; bouncy_ball:inst7|ball_y_pos[2]    ; bouncy_ball:inst7|ball_y_pos[3]    ; VGA_SYNC:inst|vert_sync_out ; VGA_SYNC:inst|vert_sync_out ; 0.000        ; 0.036      ; 0.658      ;
; 0.539 ; bouncy_ball:inst7|ball_y_pos[2]    ; bouncy_ball:inst7|ball_y_pos[9]    ; VGA_SYNC:inst|vert_sync_out ; VGA_SYNC:inst|vert_sync_out ; 0.000        ; 0.233      ; 0.856      ;
; 0.540 ; bouncy_ball:inst7|ball_y_pos[3]    ; bouncy_ball:inst7|ball_y_pos[5]    ; VGA_SYNC:inst|vert_sync_out ; VGA_SYNC:inst|vert_sync_out ; 0.000        ; 0.036      ; 0.660      ;
; 0.541 ; bouncy_ball:inst7|ball_y_pos[2]    ; bouncy_ball:inst7|ball_y_pos[4]    ; VGA_SYNC:inst|vert_sync_out ; VGA_SYNC:inst|vert_sync_out ; 0.000        ; 0.036      ; 0.661      ;
; 0.542 ; bouncy_ball:inst7|ball_y_pos[7]    ; bouncy_ball:inst7|ball_y_motion[0] ; VGA_SYNC:inst|vert_sync_out ; VGA_SYNC:inst|vert_sync_out ; 0.000        ; 0.036      ; 0.662      ;
; 0.543 ; bouncy_ball:inst7|ball_y_pos[3]    ; bouncy_ball:inst7|ball_y_pos[6]    ; VGA_SYNC:inst|vert_sync_out ; VGA_SYNC:inst|vert_sync_out ; 0.000        ; 0.036      ; 0.663      ;
; 0.543 ; bouncy_ball:inst7|ball_y_pos[4]    ; bouncy_ball:inst7|ball_y_motion[0] ; VGA_SYNC:inst|vert_sync_out ; VGA_SYNC:inst|vert_sync_out ; 0.000        ; 0.036      ; 0.663      ;
; 0.543 ; bouncy_ball:inst7|ball_y_pos[0]    ; bouncy_ball:inst7|ball_y_pos[3]    ; VGA_SYNC:inst|vert_sync_out ; VGA_SYNC:inst|vert_sync_out ; 0.000        ; 0.036      ; 0.663      ;
; 0.544 ; bouncy_ball:inst7|pipe_x_pos[6]    ; bouncy_ball:inst7|pipe_x_pos[8]    ; VGA_SYNC:inst|vert_sync_out ; VGA_SYNC:inst|vert_sync_out ; 0.000        ; 0.233      ; 0.861      ;
; 0.544 ; bouncy_ball:inst7|ball_y_pos[0]    ; bouncy_ball:inst7|ball_y_pos[9]    ; VGA_SYNC:inst|vert_sync_out ; VGA_SYNC:inst|vert_sync_out ; 0.000        ; 0.233      ; 0.861      ;
; 0.545 ; bouncy_ball:inst7|pipe_x_pos[7]    ; bouncy_ball:inst7|pipe_x_pos[10]   ; VGA_SYNC:inst|vert_sync_out ; VGA_SYNC:inst|vert_sync_out ; 0.000        ; 0.233      ; 0.862      ;
; 0.546 ; bouncy_ball:inst7|ball_y_pos[0]    ; bouncy_ball:inst7|ball_y_pos[4]    ; VGA_SYNC:inst|vert_sync_out ; VGA_SYNC:inst|vert_sync_out ; 0.000        ; 0.036      ; 0.666      ;
; 0.553 ; bouncy_ball:inst7|ball_y_pos[4]    ; bouncy_ball:inst7|ball_y_pos[7]    ; VGA_SYNC:inst|vert_sync_out ; VGA_SYNC:inst|vert_sync_out ; 0.000        ; 0.036      ; 0.673      ;
; 0.556 ; bouncy_ball:inst7|ball_y_pos[4]    ; bouncy_ball:inst7|ball_y_pos[8]    ; VGA_SYNC:inst|vert_sync_out ; VGA_SYNC:inst|vert_sync_out ; 0.000        ; 0.036      ; 0.676      ;
; 0.557 ; bouncy_ball:inst7|pipe_x_pos[5]    ; bouncy_ball:inst7|pipe_x_pos[10]   ; VGA_SYNC:inst|vert_sync_out ; VGA_SYNC:inst|vert_sync_out ; 0.000        ; 0.233      ; 0.874      ;
; 0.568 ; bouncy_ball:inst7|ball_y_motion[0] ; bouncy_ball:inst7|ball_y_pos[1]    ; VGA_SYNC:inst|vert_sync_out ; VGA_SYNC:inst|vert_sync_out ; 0.000        ; 0.036      ; 0.688      ;
; 0.569 ; bouncy_ball:inst7|pipe_x_pos[2]    ; bouncy_ball:inst7|pipe_x_pos[8]    ; VGA_SYNC:inst|vert_sync_out ; VGA_SYNC:inst|vert_sync_out ; 0.000        ; 0.233      ; 0.886      ;
; 0.569 ; bouncy_ball:inst7|pipe_x_pos[4]    ; bouncy_ball:inst7|pipe_x_pos[10]   ; VGA_SYNC:inst|vert_sync_out ; VGA_SYNC:inst|vert_sync_out ; 0.000        ; 0.233      ; 0.886      ;
; 0.577 ; bouncy_ball:inst7|pipe_x_pos[6]    ; bouncy_ball:inst7|pipe_x_pos[10]   ; VGA_SYNC:inst|vert_sync_out ; VGA_SYNC:inst|vert_sync_out ; 0.000        ; 0.233      ; 0.894      ;
; 0.581 ; bouncy_ball:inst7|pipe_x_pos[5]    ; bouncy_ball:inst7|pipe_x_pos[9]    ; VGA_SYNC:inst|vert_sync_out ; VGA_SYNC:inst|vert_sync_out ; 0.000        ; 0.234      ; 0.899      ;
; 0.585 ; bouncy_ball:inst7|ball_y_pos[1]    ; bouncy_ball:inst7|ball_y_motion[0] ; VGA_SYNC:inst|vert_sync_out ; VGA_SYNC:inst|vert_sync_out ; 0.000        ; 0.036      ; 0.705      ;
; 0.593 ; bouncy_ball:inst7|ball_y_pos[1]    ; bouncy_ball:inst7|ball_y_pos[5]    ; VGA_SYNC:inst|vert_sync_out ; VGA_SYNC:inst|vert_sync_out ; 0.000        ; 0.036      ; 0.713      ;
; 0.596 ; bouncy_ball:inst7|ball_y_pos[1]    ; bouncy_ball:inst7|ball_y_pos[6]    ; VGA_SYNC:inst|vert_sync_out ; VGA_SYNC:inst|vert_sync_out ; 0.000        ; 0.036      ; 0.716      ;
; 0.601 ; bouncy_ball:inst7|pipe_x_pos[7]    ; bouncy_ball:inst7|pipe_x_pos[7]    ; VGA_SYNC:inst|vert_sync_out ; VGA_SYNC:inst|vert_sync_out ; 0.000        ; 0.037      ; 0.722      ;
; 0.604 ; bouncy_ball:inst7|ball_y_pos[2]    ; bouncy_ball:inst7|ball_y_pos[5]    ; VGA_SYNC:inst|vert_sync_out ; VGA_SYNC:inst|vert_sync_out ; 0.000        ; 0.036      ; 0.724      ;
; 0.605 ; bouncy_ball:inst7|pipe_x_pos[0]    ; bouncy_ball:inst7|pipe_x_pos[2]    ; VGA_SYNC:inst|vert_sync_out ; VGA_SYNC:inst|vert_sync_out ; 0.000        ; 0.036      ; 0.725      ;
; 0.606 ; bouncy_ball:inst7|ball_y_pos[3]    ; bouncy_ball:inst7|ball_y_pos[7]    ; VGA_SYNC:inst|vert_sync_out ; VGA_SYNC:inst|vert_sync_out ; 0.000        ; 0.036      ; 0.726      ;
; 0.607 ; bouncy_ball:inst7|ball_y_pos[2]    ; bouncy_ball:inst7|ball_y_pos[6]    ; VGA_SYNC:inst|vert_sync_out ; VGA_SYNC:inst|vert_sync_out ; 0.000        ; 0.036      ; 0.727      ;
; 0.609 ; bouncy_ball:inst7|ball_y_pos[3]    ; bouncy_ball:inst7|ball_y_pos[8]    ; VGA_SYNC:inst|vert_sync_out ; VGA_SYNC:inst|vert_sync_out ; 0.000        ; 0.036      ; 0.729      ;
; 0.609 ; bouncy_ball:inst7|ball_y_pos[0]    ; bouncy_ball:inst7|ball_y_pos[5]    ; VGA_SYNC:inst|vert_sync_out ; VGA_SYNC:inst|vert_sync_out ; 0.000        ; 0.036      ; 0.729      ;
; 0.610 ; bouncy_ball:inst7|pipe_x_pos[9]    ; bouncy_ball:inst7|pipe_x_pos[9]    ; VGA_SYNC:inst|vert_sync_out ; VGA_SYNC:inst|vert_sync_out ; 0.000        ; 0.045      ; 0.739      ;
; 0.612 ; bouncy_ball:inst7|ball_y_pos[0]    ; bouncy_ball:inst7|ball_y_pos[6]    ; VGA_SYNC:inst|vert_sync_out ; VGA_SYNC:inst|vert_sync_out ; 0.000        ; 0.036      ; 0.732      ;
; 0.615 ; bouncy_ball:inst7|pipe_x_pos[2]    ; bouncy_ball:inst7|pipe_x_pos[2]    ; VGA_SYNC:inst|vert_sync_out ; VGA_SYNC:inst|vert_sync_out ; 0.000        ; 0.036      ; 0.735      ;
; 0.617 ; bouncy_ball:inst7|pipe_x_pos[9]    ; bouncy_ball:inst7|pipe_x_pos[10]   ; VGA_SYNC:inst|vert_sync_out ; VGA_SYNC:inst|vert_sync_out ; 0.000        ; 0.044      ; 0.745      ;
; 0.617 ; bouncy_ball:inst7|pipe_x_pos[9]    ; bouncy_ball:inst7|pipe_x_pos[8]    ; VGA_SYNC:inst|vert_sync_out ; VGA_SYNC:inst|vert_sync_out ; 0.000        ; 0.044      ; 0.745      ;
; 0.618 ; bouncy_ball:inst7|pipe_x_pos[7]    ; bouncy_ball:inst7|pipe_x_pos[9]    ; VGA_SYNC:inst|vert_sync_out ; VGA_SYNC:inst|vert_sync_out ; 0.000        ; 0.234      ; 0.936      ;
; 0.622 ; bouncy_ball:inst7|pipe_x_pos[2]    ; bouncy_ball:inst7|pipe_x_pos[10]   ; VGA_SYNC:inst|vert_sync_out ; VGA_SYNC:inst|vert_sync_out ; 0.000        ; 0.233      ; 0.939      ;
; 0.624 ; bouncy_ball:inst7|pipe_x_pos[6]    ; bouncy_ball:inst7|pipe_x_pos[9]    ; VGA_SYNC:inst|vert_sync_out ; VGA_SYNC:inst|vert_sync_out ; 0.000        ; 0.234      ; 0.942      ;
; 0.628 ; bouncy_ball:inst7|pipe_x_pos[8]    ; bouncy_ball:inst7|pipe_x_pos[10]   ; VGA_SYNC:inst|vert_sync_out ; VGA_SYNC:inst|vert_sync_out ; 0.000        ; 0.044      ; 0.756      ;
; 0.633 ; bouncy_ball:inst7|pipe_x_pos[0]    ; bouncy_ball:inst7|pipe_x_pos[7]    ; VGA_SYNC:inst|vert_sync_out ; VGA_SYNC:inst|vert_sync_out ; 0.000        ; 0.037      ; 0.754      ;
; 0.633 ; bouncy_ball:inst7|pipe_x_pos[2]    ; bouncy_ball:inst7|pipe_x_pos[4]    ; VGA_SYNC:inst|vert_sync_out ; VGA_SYNC:inst|vert_sync_out ; 0.000        ; 0.036      ; 0.753      ;
; 0.633 ; bouncy_ball:inst7|pipe_x_pos[4]    ; bouncy_ball:inst7|pipe_x_pos[5]    ; VGA_SYNC:inst|vert_sync_out ; VGA_SYNC:inst|vert_sync_out ; 0.000        ; 0.036      ; 0.753      ;
; 0.636 ; bouncy_ball:inst7|ball_y_pos[5]    ; bouncy_ball:inst7|ball_y_motion[0] ; VGA_SYNC:inst|vert_sync_out ; VGA_SYNC:inst|vert_sync_out ; 0.000        ; 0.036      ; 0.756      ;
; 0.637 ; bouncy_ball:inst7|ball_y_motion[0] ; bouncy_ball:inst7|ball_y_motion[0] ; VGA_SYNC:inst|vert_sync_out ; VGA_SYNC:inst|vert_sync_out ; 0.000        ; 0.036      ; 0.757      ;
; 0.638 ; bouncy_ball:inst7|ball_y_pos[6]    ; bouncy_ball:inst7|ball_y_motion[0] ; VGA_SYNC:inst|vert_sync_out ; VGA_SYNC:inst|vert_sync_out ; 0.000        ; 0.036      ; 0.758      ;
; 0.642 ; bouncy_ball:inst7|pipe_x_pos[4]    ; bouncy_ball:inst7|pipe_x_pos[9]    ; VGA_SYNC:inst|vert_sync_out ; VGA_SYNC:inst|vert_sync_out ; 0.000        ; 0.234      ; 0.960      ;
; 0.645 ; bouncy_ball:inst7|pipe_x_pos[3]    ; bouncy_ball:inst7|pipe_x_pos[8]    ; VGA_SYNC:inst|vert_sync_out ; VGA_SYNC:inst|vert_sync_out ; 0.000        ; 0.233      ; 0.962      ;
; 0.654 ; bouncy_ball:inst7|pipe_x_pos[6]    ; bouncy_ball:inst7|pipe_x_pos[6]    ; VGA_SYNC:inst|vert_sync_out ; VGA_SYNC:inst|vert_sync_out ; 0.000        ; 0.037      ; 0.775      ;
; 0.655 ; bouncy_ball:inst7|ball_y_pos[3]    ; bouncy_ball:inst7|ball_y_motion[0] ; VGA_SYNC:inst|vert_sync_out ; VGA_SYNC:inst|vert_sync_out ; 0.000        ; 0.036      ; 0.775      ;
+-------+------------------------------------+------------------------------------+-----------------------------+-----------------------------+--------------+------------+------------+


+--------------------------------------------------------------------------------------------------------------------------------------------+
; Fast 1200mV 0C Model Minimum Pulse Width: 'VGA_SYNC:inst|vert_sync_out'                                                                    ;
+--------+--------------+----------------+------------------+-----------------------------+------------+-------------------------------------+
; Slack  ; Actual Width ; Required Width ; Type             ; Clock                       ; Clock Edge ; Target                              ;
+--------+--------------+----------------+------------------+-----------------------------+------------+-------------------------------------+
; -1.000 ; 1.000        ; 2.000          ; Min Period       ; VGA_SYNC:inst|vert_sync_out ; Rise       ; bouncy_ball:inst7|ball_y_motion[0]  ;
; -1.000 ; 1.000        ; 2.000          ; Min Period       ; VGA_SYNC:inst|vert_sync_out ; Rise       ; bouncy_ball:inst7|ball_y_pos[0]     ;
; -1.000 ; 1.000        ; 2.000          ; Min Period       ; VGA_SYNC:inst|vert_sync_out ; Rise       ; bouncy_ball:inst7|ball_y_pos[1]     ;
; -1.000 ; 1.000        ; 2.000          ; Min Period       ; VGA_SYNC:inst|vert_sync_out ; Rise       ; bouncy_ball:inst7|ball_y_pos[2]     ;
; -1.000 ; 1.000        ; 2.000          ; Min Period       ; VGA_SYNC:inst|vert_sync_out ; Rise       ; bouncy_ball:inst7|ball_y_pos[3]     ;
; -1.000 ; 1.000        ; 2.000          ; Min Period       ; VGA_SYNC:inst|vert_sync_out ; Rise       ; bouncy_ball:inst7|ball_y_pos[4]     ;
; -1.000 ; 1.000        ; 2.000          ; Min Period       ; VGA_SYNC:inst|vert_sync_out ; Rise       ; bouncy_ball:inst7|ball_y_pos[5]     ;
; -1.000 ; 1.000        ; 2.000          ; Min Period       ; VGA_SYNC:inst|vert_sync_out ; Rise       ; bouncy_ball:inst7|ball_y_pos[6]     ;
; -1.000 ; 1.000        ; 2.000          ; Min Period       ; VGA_SYNC:inst|vert_sync_out ; Rise       ; bouncy_ball:inst7|ball_y_pos[7]     ;
; -1.000 ; 1.000        ; 2.000          ; Min Period       ; VGA_SYNC:inst|vert_sync_out ; Rise       ; bouncy_ball:inst7|ball_y_pos[8]     ;
; -1.000 ; 1.000        ; 2.000          ; Min Period       ; VGA_SYNC:inst|vert_sync_out ; Rise       ; bouncy_ball:inst7|ball_y_pos[9]     ;
; -1.000 ; 1.000        ; 2.000          ; Min Period       ; VGA_SYNC:inst|vert_sync_out ; Rise       ; bouncy_ball:inst7|pipe_x_pos[0]     ;
; -1.000 ; 1.000        ; 2.000          ; Min Period       ; VGA_SYNC:inst|vert_sync_out ; Rise       ; bouncy_ball:inst7|pipe_x_pos[10]    ;
; -1.000 ; 1.000        ; 2.000          ; Min Period       ; VGA_SYNC:inst|vert_sync_out ; Rise       ; bouncy_ball:inst7|pipe_x_pos[1]     ;
; -1.000 ; 1.000        ; 2.000          ; Min Period       ; VGA_SYNC:inst|vert_sync_out ; Rise       ; bouncy_ball:inst7|pipe_x_pos[2]     ;
; -1.000 ; 1.000        ; 2.000          ; Min Period       ; VGA_SYNC:inst|vert_sync_out ; Rise       ; bouncy_ball:inst7|pipe_x_pos[3]     ;
; -1.000 ; 1.000        ; 2.000          ; Min Period       ; VGA_SYNC:inst|vert_sync_out ; Rise       ; bouncy_ball:inst7|pipe_x_pos[4]     ;
; -1.000 ; 1.000        ; 2.000          ; Min Period       ; VGA_SYNC:inst|vert_sync_out ; Rise       ; bouncy_ball:inst7|pipe_x_pos[5]     ;
; -1.000 ; 1.000        ; 2.000          ; Min Period       ; VGA_SYNC:inst|vert_sync_out ; Rise       ; bouncy_ball:inst7|pipe_x_pos[6]     ;
; -1.000 ; 1.000        ; 2.000          ; Min Period       ; VGA_SYNC:inst|vert_sync_out ; Rise       ; bouncy_ball:inst7|pipe_x_pos[7]     ;
; -1.000 ; 1.000        ; 2.000          ; Min Period       ; VGA_SYNC:inst|vert_sync_out ; Rise       ; bouncy_ball:inst7|pipe_x_pos[8]     ;
; -1.000 ; 1.000        ; 2.000          ; Min Period       ; VGA_SYNC:inst|vert_sync_out ; Rise       ; bouncy_ball:inst7|pipe_x_pos[9]     ;
; 0.233  ; 0.417        ; 0.184          ; Low Pulse Width  ; VGA_SYNC:inst|vert_sync_out ; Rise       ; bouncy_ball:inst7|pipe_x_pos[10]    ;
; 0.233  ; 0.417        ; 0.184          ; Low Pulse Width  ; VGA_SYNC:inst|vert_sync_out ; Rise       ; bouncy_ball:inst7|pipe_x_pos[8]     ;
; 0.234  ; 0.418        ; 0.184          ; Low Pulse Width  ; VGA_SYNC:inst|vert_sync_out ; Rise       ; bouncy_ball:inst7|pipe_x_pos[9]     ;
; 0.236  ; 0.420        ; 0.184          ; Low Pulse Width  ; VGA_SYNC:inst|vert_sync_out ; Rise       ; bouncy_ball:inst7|ball_y_pos[9]     ;
; 0.262  ; 0.446        ; 0.184          ; Low Pulse Width  ; VGA_SYNC:inst|vert_sync_out ; Rise       ; bouncy_ball:inst7|pipe_x_pos[0]     ;
; 0.262  ; 0.446        ; 0.184          ; Low Pulse Width  ; VGA_SYNC:inst|vert_sync_out ; Rise       ; bouncy_ball:inst7|pipe_x_pos[1]     ;
; 0.262  ; 0.446        ; 0.184          ; Low Pulse Width  ; VGA_SYNC:inst|vert_sync_out ; Rise       ; bouncy_ball:inst7|pipe_x_pos[2]     ;
; 0.262  ; 0.446        ; 0.184          ; Low Pulse Width  ; VGA_SYNC:inst|vert_sync_out ; Rise       ; bouncy_ball:inst7|pipe_x_pos[3]     ;
; 0.262  ; 0.446        ; 0.184          ; Low Pulse Width  ; VGA_SYNC:inst|vert_sync_out ; Rise       ; bouncy_ball:inst7|pipe_x_pos[4]     ;
; 0.262  ; 0.446        ; 0.184          ; Low Pulse Width  ; VGA_SYNC:inst|vert_sync_out ; Rise       ; bouncy_ball:inst7|pipe_x_pos[5]     ;
; 0.262  ; 0.446        ; 0.184          ; Low Pulse Width  ; VGA_SYNC:inst|vert_sync_out ; Rise       ; bouncy_ball:inst7|pipe_x_pos[6]     ;
; 0.262  ; 0.446        ; 0.184          ; Low Pulse Width  ; VGA_SYNC:inst|vert_sync_out ; Rise       ; bouncy_ball:inst7|pipe_x_pos[7]     ;
; 0.265  ; 0.449        ; 0.184          ; Low Pulse Width  ; VGA_SYNC:inst|vert_sync_out ; Rise       ; bouncy_ball:inst7|ball_y_motion[0]  ;
; 0.265  ; 0.449        ; 0.184          ; Low Pulse Width  ; VGA_SYNC:inst|vert_sync_out ; Rise       ; bouncy_ball:inst7|ball_y_pos[0]     ;
; 0.265  ; 0.449        ; 0.184          ; Low Pulse Width  ; VGA_SYNC:inst|vert_sync_out ; Rise       ; bouncy_ball:inst7|ball_y_pos[1]     ;
; 0.265  ; 0.449        ; 0.184          ; Low Pulse Width  ; VGA_SYNC:inst|vert_sync_out ; Rise       ; bouncy_ball:inst7|ball_y_pos[2]     ;
; 0.265  ; 0.449        ; 0.184          ; Low Pulse Width  ; VGA_SYNC:inst|vert_sync_out ; Rise       ; bouncy_ball:inst7|ball_y_pos[3]     ;
; 0.265  ; 0.449        ; 0.184          ; Low Pulse Width  ; VGA_SYNC:inst|vert_sync_out ; Rise       ; bouncy_ball:inst7|ball_y_pos[4]     ;
; 0.265  ; 0.449        ; 0.184          ; Low Pulse Width  ; VGA_SYNC:inst|vert_sync_out ; Rise       ; bouncy_ball:inst7|ball_y_pos[5]     ;
; 0.265  ; 0.449        ; 0.184          ; Low Pulse Width  ; VGA_SYNC:inst|vert_sync_out ; Rise       ; bouncy_ball:inst7|ball_y_pos[6]     ;
; 0.265  ; 0.449        ; 0.184          ; Low Pulse Width  ; VGA_SYNC:inst|vert_sync_out ; Rise       ; bouncy_ball:inst7|ball_y_pos[7]     ;
; 0.265  ; 0.449        ; 0.184          ; Low Pulse Width  ; VGA_SYNC:inst|vert_sync_out ; Rise       ; bouncy_ball:inst7|ball_y_pos[8]     ;
; 0.331  ; 0.547        ; 0.216          ; High Pulse Width ; VGA_SYNC:inst|vert_sync_out ; Rise       ; bouncy_ball:inst7|ball_y_motion[0]  ;
; 0.331  ; 0.547        ; 0.216          ; High Pulse Width ; VGA_SYNC:inst|vert_sync_out ; Rise       ; bouncy_ball:inst7|ball_y_pos[0]     ;
; 0.331  ; 0.547        ; 0.216          ; High Pulse Width ; VGA_SYNC:inst|vert_sync_out ; Rise       ; bouncy_ball:inst7|ball_y_pos[1]     ;
; 0.331  ; 0.547        ; 0.216          ; High Pulse Width ; VGA_SYNC:inst|vert_sync_out ; Rise       ; bouncy_ball:inst7|ball_y_pos[2]     ;
; 0.331  ; 0.547        ; 0.216          ; High Pulse Width ; VGA_SYNC:inst|vert_sync_out ; Rise       ; bouncy_ball:inst7|ball_y_pos[3]     ;
; 0.331  ; 0.547        ; 0.216          ; High Pulse Width ; VGA_SYNC:inst|vert_sync_out ; Rise       ; bouncy_ball:inst7|ball_y_pos[4]     ;
; 0.331  ; 0.547        ; 0.216          ; High Pulse Width ; VGA_SYNC:inst|vert_sync_out ; Rise       ; bouncy_ball:inst7|ball_y_pos[5]     ;
; 0.331  ; 0.547        ; 0.216          ; High Pulse Width ; VGA_SYNC:inst|vert_sync_out ; Rise       ; bouncy_ball:inst7|ball_y_pos[6]     ;
; 0.331  ; 0.547        ; 0.216          ; High Pulse Width ; VGA_SYNC:inst|vert_sync_out ; Rise       ; bouncy_ball:inst7|ball_y_pos[7]     ;
; 0.331  ; 0.547        ; 0.216          ; High Pulse Width ; VGA_SYNC:inst|vert_sync_out ; Rise       ; bouncy_ball:inst7|ball_y_pos[8]     ;
; 0.333  ; 0.549        ; 0.216          ; High Pulse Width ; VGA_SYNC:inst|vert_sync_out ; Rise       ; bouncy_ball:inst7|pipe_x_pos[0]     ;
; 0.333  ; 0.549        ; 0.216          ; High Pulse Width ; VGA_SYNC:inst|vert_sync_out ; Rise       ; bouncy_ball:inst7|pipe_x_pos[2]     ;
; 0.333  ; 0.549        ; 0.216          ; High Pulse Width ; VGA_SYNC:inst|vert_sync_out ; Rise       ; bouncy_ball:inst7|pipe_x_pos[4]     ;
; 0.333  ; 0.549        ; 0.216          ; High Pulse Width ; VGA_SYNC:inst|vert_sync_out ; Rise       ; bouncy_ball:inst7|pipe_x_pos[5]     ;
; 0.334  ; 0.550        ; 0.216          ; High Pulse Width ; VGA_SYNC:inst|vert_sync_out ; Rise       ; bouncy_ball:inst7|pipe_x_pos[1]     ;
; 0.334  ; 0.550        ; 0.216          ; High Pulse Width ; VGA_SYNC:inst|vert_sync_out ; Rise       ; bouncy_ball:inst7|pipe_x_pos[3]     ;
; 0.334  ; 0.550        ; 0.216          ; High Pulse Width ; VGA_SYNC:inst|vert_sync_out ; Rise       ; bouncy_ball:inst7|pipe_x_pos[6]     ;
; 0.334  ; 0.550        ; 0.216          ; High Pulse Width ; VGA_SYNC:inst|vert_sync_out ; Rise       ; bouncy_ball:inst7|pipe_x_pos[7]     ;
; 0.359  ; 0.575        ; 0.216          ; High Pulse Width ; VGA_SYNC:inst|vert_sync_out ; Rise       ; bouncy_ball:inst7|ball_y_pos[9]     ;
; 0.361  ; 0.577        ; 0.216          ; High Pulse Width ; VGA_SYNC:inst|vert_sync_out ; Rise       ; bouncy_ball:inst7|pipe_x_pos[10]    ;
; 0.361  ; 0.577        ; 0.216          ; High Pulse Width ; VGA_SYNC:inst|vert_sync_out ; Rise       ; bouncy_ball:inst7|pipe_x_pos[8]     ;
; 0.362  ; 0.578        ; 0.216          ; High Pulse Width ; VGA_SYNC:inst|vert_sync_out ; Rise       ; bouncy_ball:inst7|pipe_x_pos[9]     ;
; 0.413  ; 0.413        ; 0.000          ; Low Pulse Width  ; VGA_SYNC:inst|vert_sync_out ; Rise       ; inst7|pipe_x_pos[10]|clk            ;
; 0.413  ; 0.413        ; 0.000          ; Low Pulse Width  ; VGA_SYNC:inst|vert_sync_out ; Rise       ; inst7|pipe_x_pos[8]|clk             ;
; 0.414  ; 0.414        ; 0.000          ; Low Pulse Width  ; VGA_SYNC:inst|vert_sync_out ; Rise       ; inst7|pipe_x_pos[9]|clk             ;
; 0.416  ; 0.416        ; 0.000          ; Low Pulse Width  ; VGA_SYNC:inst|vert_sync_out ; Rise       ; inst7|ball_y_pos[9]|clk             ;
; 0.442  ; 0.442        ; 0.000          ; Low Pulse Width  ; VGA_SYNC:inst|vert_sync_out ; Rise       ; inst7|pipe_x_pos[0]|clk             ;
; 0.442  ; 0.442        ; 0.000          ; Low Pulse Width  ; VGA_SYNC:inst|vert_sync_out ; Rise       ; inst7|pipe_x_pos[1]|clk             ;
; 0.442  ; 0.442        ; 0.000          ; Low Pulse Width  ; VGA_SYNC:inst|vert_sync_out ; Rise       ; inst7|pipe_x_pos[2]|clk             ;
; 0.442  ; 0.442        ; 0.000          ; Low Pulse Width  ; VGA_SYNC:inst|vert_sync_out ; Rise       ; inst7|pipe_x_pos[3]|clk             ;
; 0.442  ; 0.442        ; 0.000          ; Low Pulse Width  ; VGA_SYNC:inst|vert_sync_out ; Rise       ; inst7|pipe_x_pos[4]|clk             ;
; 0.442  ; 0.442        ; 0.000          ; Low Pulse Width  ; VGA_SYNC:inst|vert_sync_out ; Rise       ; inst7|pipe_x_pos[5]|clk             ;
; 0.442  ; 0.442        ; 0.000          ; Low Pulse Width  ; VGA_SYNC:inst|vert_sync_out ; Rise       ; inst7|pipe_x_pos[6]|clk             ;
; 0.442  ; 0.442        ; 0.000          ; Low Pulse Width  ; VGA_SYNC:inst|vert_sync_out ; Rise       ; inst7|pipe_x_pos[7]|clk             ;
; 0.445  ; 0.445        ; 0.000          ; Low Pulse Width  ; VGA_SYNC:inst|vert_sync_out ; Rise       ; inst7|ball_y_motion[0]|clk          ;
; 0.445  ; 0.445        ; 0.000          ; Low Pulse Width  ; VGA_SYNC:inst|vert_sync_out ; Rise       ; inst7|ball_y_pos[0]|clk             ;
; 0.445  ; 0.445        ; 0.000          ; Low Pulse Width  ; VGA_SYNC:inst|vert_sync_out ; Rise       ; inst7|ball_y_pos[1]|clk             ;
; 0.445  ; 0.445        ; 0.000          ; Low Pulse Width  ; VGA_SYNC:inst|vert_sync_out ; Rise       ; inst7|ball_y_pos[2]|clk             ;
; 0.445  ; 0.445        ; 0.000          ; Low Pulse Width  ; VGA_SYNC:inst|vert_sync_out ; Rise       ; inst7|ball_y_pos[3]|clk             ;
; 0.445  ; 0.445        ; 0.000          ; Low Pulse Width  ; VGA_SYNC:inst|vert_sync_out ; Rise       ; inst7|ball_y_pos[4]|clk             ;
; 0.445  ; 0.445        ; 0.000          ; Low Pulse Width  ; VGA_SYNC:inst|vert_sync_out ; Rise       ; inst7|ball_y_pos[5]|clk             ;
; 0.445  ; 0.445        ; 0.000          ; Low Pulse Width  ; VGA_SYNC:inst|vert_sync_out ; Rise       ; inst7|ball_y_pos[6]|clk             ;
; 0.445  ; 0.445        ; 0.000          ; Low Pulse Width  ; VGA_SYNC:inst|vert_sync_out ; Rise       ; inst7|ball_y_pos[7]|clk             ;
; 0.445  ; 0.445        ; 0.000          ; Low Pulse Width  ; VGA_SYNC:inst|vert_sync_out ; Rise       ; inst7|ball_y_pos[8]|clk             ;
; 0.452  ; 0.452        ; 0.000          ; Low Pulse Width  ; VGA_SYNC:inst|vert_sync_out ; Rise       ; inst|vert_sync_out~clkctrl|inclk[0] ;
; 0.452  ; 0.452        ; 0.000          ; Low Pulse Width  ; VGA_SYNC:inst|vert_sync_out ; Rise       ; inst|vert_sync_out~clkctrl|outclk   ;
; 0.500  ; 0.500        ; 0.000          ; High Pulse Width ; VGA_SYNC:inst|vert_sync_out ; Rise       ; inst|vert_sync_out|q                ;
; 0.500  ; 0.500        ; 0.000          ; Low Pulse Width  ; VGA_SYNC:inst|vert_sync_out ; Rise       ; inst|vert_sync_out|q                ;
; 0.546  ; 0.546        ; 0.000          ; High Pulse Width ; VGA_SYNC:inst|vert_sync_out ; Rise       ; inst|vert_sync_out~clkctrl|inclk[0] ;
; 0.546  ; 0.546        ; 0.000          ; High Pulse Width ; VGA_SYNC:inst|vert_sync_out ; Rise       ; inst|vert_sync_out~clkctrl|outclk   ;
; 0.553  ; 0.553        ; 0.000          ; High Pulse Width ; VGA_SYNC:inst|vert_sync_out ; Rise       ; inst7|ball_y_motion[0]|clk          ;
; 0.553  ; 0.553        ; 0.000          ; High Pulse Width ; VGA_SYNC:inst|vert_sync_out ; Rise       ; inst7|ball_y_pos[0]|clk             ;
; 0.553  ; 0.553        ; 0.000          ; High Pulse Width ; VGA_SYNC:inst|vert_sync_out ; Rise       ; inst7|ball_y_pos[1]|clk             ;
; 0.553  ; 0.553        ; 0.000          ; High Pulse Width ; VGA_SYNC:inst|vert_sync_out ; Rise       ; inst7|ball_y_pos[2]|clk             ;
; 0.553  ; 0.553        ; 0.000          ; High Pulse Width ; VGA_SYNC:inst|vert_sync_out ; Rise       ; inst7|ball_y_pos[3]|clk             ;
; 0.553  ; 0.553        ; 0.000          ; High Pulse Width ; VGA_SYNC:inst|vert_sync_out ; Rise       ; inst7|ball_y_pos[4]|clk             ;
+--------+--------------+----------------+------------------+-----------------------------+------------+-------------------------------------+


+----------------------------------------------------------------------------------------------------------------------------------------------+
; Fast 1200mV 0C Model Minimum Pulse Width: 'clk'                                                                                              ;
+--------+--------------+----------------+------------------+-------+------------+-------------------------------------------------------------+
; Slack  ; Actual Width ; Required Width ; Type             ; Clock ; Clock Edge ; Target                                                      ;
+--------+--------------+----------------+------------------+-------+------------+-------------------------------------------------------------+
; 9.585  ; 9.585        ; 0.000          ; Low Pulse Width  ; clk   ; Rise       ; inst2|altpll_component|auto_generated|pll1|clk[0]           ;
; 9.585  ; 9.585        ; 0.000          ; Low Pulse Width  ; clk   ; Rise       ; inst2|altpll_component|auto_generated|pll1|observablevcoout ;
; 9.618  ; 9.618        ; 0.000          ; Low Pulse Width  ; clk   ; Rise       ; clk~input|o                                                 ;
; 9.628  ; 9.628        ; 0.000          ; Low Pulse Width  ; clk   ; Rise       ; inst2|altpll_component|auto_generated|pll1|inclk[0]         ;
; 10.000 ; 10.000       ; 0.000          ; High Pulse Width ; clk   ; Rise       ; clk~input|i                                                 ;
; 10.000 ; 10.000       ; 0.000          ; Low Pulse Width  ; clk   ; Rise       ; clk~input|i                                                 ;
; 10.371 ; 10.371       ; 0.000          ; High Pulse Width ; clk   ; Rise       ; inst2|altpll_component|auto_generated|pll1|inclk[0]         ;
; 10.382 ; 10.382       ; 0.000          ; High Pulse Width ; clk   ; Rise       ; clk~input|o                                                 ;
; 10.412 ; 10.412       ; 0.000          ; High Pulse Width ; clk   ; Rise       ; inst2|altpll_component|auto_generated|pll1|clk[0]           ;
; 10.412 ; 10.412       ; 0.000          ; High Pulse Width ; clk   ; Rise       ; inst2|altpll_component|auto_generated|pll1|observablevcoout ;
; 16.000 ; 20.000       ; 4.000          ; Port Rate        ; clk   ; Rise       ; clk                                                         ;
+--------+--------------+----------------+------------------+-------+------------+-------------------------------------------------------------+


+--------------------------------------------------------------------------------------------------------------------------------------------------------------------------------------------------------------------------------------------+
; Fast 1200mV 0C Model Minimum Pulse Width: 'inst2|altpll_component|auto_generated|pll1|clk[0]'                                                                                                                                              ;
+--------+--------------+----------------+------------------+---------------------------------------------------+------------+---------------------------------------------------------------------------------------------------------------+
; Slack  ; Actual Width ; Required Width ; Type             ; Clock                                             ; Clock Edge ; Target                                                                                                        ;
+--------+--------------+----------------+------------------+---------------------------------------------------+------------+---------------------------------------------------------------------------------------------------------------+
; 19.749 ; 19.979       ; 0.230          ; Low Pulse Width  ; inst2|altpll_component|auto_generated|pll1|clk[0] ; Rise       ; char_rom:inst6|altsyncram:altsyncram_component|altsyncram_kt91:auto_generated|ram_block1a0~porta_address_reg0 ;
; 19.769 ; 19.985       ; 0.216          ; High Pulse Width ; inst2|altpll_component|auto_generated|pll1|clk[0] ; Fall       ; char_rom:inst6|mode                                                                                           ;
; 19.769 ; 19.985       ; 0.216          ; High Pulse Width ; inst2|altpll_component|auto_generated|pll1|clk[0] ; Fall       ; char_rom:inst6|rom_mux_output                                                                                 ;
; 19.769 ; 19.985       ; 0.216          ; High Pulse Width ; inst2|altpll_component|auto_generated|pll1|clk[0] ; Fall       ; char_rom:inst6|start_Play                                                                                     ;
; 19.771 ; 19.987       ; 0.216          ; High Pulse Width ; inst2|altpll_component|auto_generated|pll1|clk[0] ; Fall       ; char_rom:inst6|character_address[0]                                                                           ;
; 19.771 ; 19.987       ; 0.216          ; High Pulse Width ; inst2|altpll_component|auto_generated|pll1|clk[0] ; Fall       ; char_rom:inst6|character_address[1]                                                                           ;
; 19.771 ; 19.987       ; 0.216          ; High Pulse Width ; inst2|altpll_component|auto_generated|pll1|clk[0] ; Fall       ; char_rom:inst6|character_address[2]                                                                           ;
; 19.771 ; 19.987       ; 0.216          ; High Pulse Width ; inst2|altpll_component|auto_generated|pll1|clk[0] ; Fall       ; char_rom:inst6|character_address[3]                                                                           ;
; 19.771 ; 19.987       ; 0.216          ; High Pulse Width ; inst2|altpll_component|auto_generated|pll1|clk[0] ; Fall       ; char_rom:inst6|character_address[4]                                                                           ;
; 19.771 ; 19.987       ; 0.216          ; High Pulse Width ; inst2|altpll_component|auto_generated|pll1|clk[0] ; Fall       ; char_rom:inst6|rom_address[0]                                                                                 ;
; 19.771 ; 19.987       ; 0.216          ; High Pulse Width ; inst2|altpll_component|auto_generated|pll1|clk[0] ; Fall       ; char_rom:inst6|rom_address[1]                                                                                 ;
; 19.771 ; 19.987       ; 0.216          ; High Pulse Width ; inst2|altpll_component|auto_generated|pll1|clk[0] ; Fall       ; char_rom:inst6|rom_address[2]                                                                                 ;
; 19.771 ; 19.987       ; 0.216          ; High Pulse Width ; inst2|altpll_component|auto_generated|pll1|clk[0] ; Fall       ; char_rom:inst6|rom_address[3]                                                                                 ;
; 19.771 ; 19.987       ; 0.216          ; High Pulse Width ; inst2|altpll_component|auto_generated|pll1|clk[0] ; Fall       ; char_rom:inst6|rom_address[4]                                                                                 ;
; 19.771 ; 19.987       ; 0.216          ; High Pulse Width ; inst2|altpll_component|auto_generated|pll1|clk[0] ; Fall       ; char_rom:inst6|rom_address[5]                                                                                 ;
; 19.771 ; 19.987       ; 0.216          ; High Pulse Width ; inst2|altpll_component|auto_generated|pll1|clk[0] ; Fall       ; char_rom:inst6|rom_address[6]                                                                                 ;
; 19.771 ; 19.987       ; 0.216          ; High Pulse Width ; inst2|altpll_component|auto_generated|pll1|clk[0] ; Fall       ; char_rom:inst6|rom_address[7]                                                                                 ;
; 19.784 ; 19.968       ; 0.184          ; Low Pulse Width  ; inst2|altpll_component|auto_generated|pll1|clk[0] ; Rise       ; VGA_SYNC:inst|blue_out                                                                                        ;
; 19.784 ; 19.968       ; 0.184          ; Low Pulse Width  ; inst2|altpll_component|auto_generated|pll1|clk[0] ; Rise       ; VGA_SYNC:inst|green_out                                                                                       ;
; 19.784 ; 19.968       ; 0.184          ; Low Pulse Width  ; inst2|altpll_component|auto_generated|pll1|clk[0] ; Rise       ; VGA_SYNC:inst|red_out                                                                                         ;
; 19.784 ; 19.968       ; 0.184          ; Low Pulse Width  ; inst2|altpll_component|auto_generated|pll1|clk[0] ; Rise       ; VGA_SYNC:inst|video_on_h                                                                                      ;
; 19.785 ; 20.001       ; 0.216          ; High Pulse Width ; inst2|altpll_component|auto_generated|pll1|clk[0] ; Rise       ; VGA_SYNC:inst|pixel_column[0]                                                                                 ;
; 19.785 ; 20.001       ; 0.216          ; High Pulse Width ; inst2|altpll_component|auto_generated|pll1|clk[0] ; Rise       ; VGA_SYNC:inst|pixel_row[0]                                                                                    ;
; 19.785 ; 20.001       ; 0.216          ; High Pulse Width ; inst2|altpll_component|auto_generated|pll1|clk[0] ; Rise       ; VGA_SYNC:inst|pixel_row[1]                                                                                    ;
; 19.785 ; 20.001       ; 0.216          ; High Pulse Width ; inst2|altpll_component|auto_generated|pll1|clk[0] ; Rise       ; VGA_SYNC:inst|pixel_row[2]                                                                                    ;
; 19.785 ; 20.001       ; 0.216          ; High Pulse Width ; inst2|altpll_component|auto_generated|pll1|clk[0] ; Rise       ; VGA_SYNC:inst|pixel_row[3]                                                                                    ;
; 19.785 ; 20.001       ; 0.216          ; High Pulse Width ; inst2|altpll_component|auto_generated|pll1|clk[0] ; Rise       ; VGA_SYNC:inst|pixel_row[4]                                                                                    ;
; 19.785 ; 20.001       ; 0.216          ; High Pulse Width ; inst2|altpll_component|auto_generated|pll1|clk[0] ; Rise       ; VGA_SYNC:inst|pixel_row[6]                                                                                    ;
; 19.785 ; 20.001       ; 0.216          ; High Pulse Width ; inst2|altpll_component|auto_generated|pll1|clk[0] ; Rise       ; VGA_SYNC:inst|pixel_row[7]                                                                                    ;
; 19.785 ; 20.001       ; 0.216          ; High Pulse Width ; inst2|altpll_component|auto_generated|pll1|clk[0] ; Rise       ; VGA_SYNC:inst|pixel_row[8]                                                                                    ;
; 19.785 ; 20.001       ; 0.216          ; High Pulse Width ; inst2|altpll_component|auto_generated|pll1|clk[0] ; Rise       ; VGA_SYNC:inst|v_count[0]                                                                                      ;
; 19.785 ; 20.001       ; 0.216          ; High Pulse Width ; inst2|altpll_component|auto_generated|pll1|clk[0] ; Rise       ; VGA_SYNC:inst|v_count[1]                                                                                      ;
; 19.785 ; 20.001       ; 0.216          ; High Pulse Width ; inst2|altpll_component|auto_generated|pll1|clk[0] ; Rise       ; VGA_SYNC:inst|v_count[2]                                                                                      ;
; 19.785 ; 20.001       ; 0.216          ; High Pulse Width ; inst2|altpll_component|auto_generated|pll1|clk[0] ; Rise       ; VGA_SYNC:inst|v_count[3]                                                                                      ;
; 19.785 ; 20.001       ; 0.216          ; High Pulse Width ; inst2|altpll_component|auto_generated|pll1|clk[0] ; Rise       ; VGA_SYNC:inst|v_count[4]                                                                                      ;
; 19.785 ; 20.001       ; 0.216          ; High Pulse Width ; inst2|altpll_component|auto_generated|pll1|clk[0] ; Rise       ; VGA_SYNC:inst|v_count[5]                                                                                      ;
; 19.785 ; 20.001       ; 0.216          ; High Pulse Width ; inst2|altpll_component|auto_generated|pll1|clk[0] ; Rise       ; VGA_SYNC:inst|v_count[6]                                                                                      ;
; 19.785 ; 20.001       ; 0.216          ; High Pulse Width ; inst2|altpll_component|auto_generated|pll1|clk[0] ; Rise       ; VGA_SYNC:inst|v_count[7]                                                                                      ;
; 19.785 ; 20.001       ; 0.216          ; High Pulse Width ; inst2|altpll_component|auto_generated|pll1|clk[0] ; Rise       ; VGA_SYNC:inst|v_count[8]                                                                                      ;
; 19.785 ; 20.001       ; 0.216          ; High Pulse Width ; inst2|altpll_component|auto_generated|pll1|clk[0] ; Rise       ; VGA_SYNC:inst|v_count[9]                                                                                      ;
; 19.785 ; 20.001       ; 0.216          ; High Pulse Width ; inst2|altpll_component|auto_generated|pll1|clk[0] ; Rise       ; VGA_SYNC:inst|vert_sync                                                                                       ;
; 19.785 ; 20.001       ; 0.216          ; High Pulse Width ; inst2|altpll_component|auto_generated|pll1|clk[0] ; Rise       ; VGA_SYNC:inst|video_on_v                                                                                      ;
; 19.786 ; 20.002       ; 0.216          ; High Pulse Width ; inst2|altpll_component|auto_generated|pll1|clk[0] ; Rise       ; VGA_SYNC:inst|pixel_row[5]                                                                                    ;
; 19.786 ; 20.002       ; 0.216          ; High Pulse Width ; inst2|altpll_component|auto_generated|pll1|clk[0] ; Rise       ; VGA_SYNC:inst|vert_sync_out                                                                                   ;
; 19.787 ; 20.003       ; 0.216          ; High Pulse Width ; inst2|altpll_component|auto_generated|pll1|clk[0] ; Rise       ; VGA_SYNC:inst|h_count[0]                                                                                      ;
; 19.787 ; 20.003       ; 0.216          ; High Pulse Width ; inst2|altpll_component|auto_generated|pll1|clk[0] ; Rise       ; VGA_SYNC:inst|h_count[1]                                                                                      ;
; 19.787 ; 20.003       ; 0.216          ; High Pulse Width ; inst2|altpll_component|auto_generated|pll1|clk[0] ; Rise       ; VGA_SYNC:inst|h_count[2]                                                                                      ;
; 19.787 ; 20.003       ; 0.216          ; High Pulse Width ; inst2|altpll_component|auto_generated|pll1|clk[0] ; Rise       ; VGA_SYNC:inst|h_count[3]                                                                                      ;
; 19.787 ; 20.003       ; 0.216          ; High Pulse Width ; inst2|altpll_component|auto_generated|pll1|clk[0] ; Rise       ; VGA_SYNC:inst|h_count[4]                                                                                      ;
; 19.787 ; 20.003       ; 0.216          ; High Pulse Width ; inst2|altpll_component|auto_generated|pll1|clk[0] ; Rise       ; VGA_SYNC:inst|h_count[6]                                                                                      ;
; 19.787 ; 20.003       ; 0.216          ; High Pulse Width ; inst2|altpll_component|auto_generated|pll1|clk[0] ; Rise       ; VGA_SYNC:inst|h_count[7]                                                                                      ;
; 19.787 ; 20.003       ; 0.216          ; High Pulse Width ; inst2|altpll_component|auto_generated|pll1|clk[0] ; Rise       ; VGA_SYNC:inst|pixel_column[1]                                                                                 ;
; 19.788 ; 20.004       ; 0.216          ; High Pulse Width ; inst2|altpll_component|auto_generated|pll1|clk[0] ; Rise       ; VGA_SYNC:inst|h_count[5]                                                                                      ;
; 19.788 ; 20.004       ; 0.216          ; High Pulse Width ; inst2|altpll_component|auto_generated|pll1|clk[0] ; Rise       ; VGA_SYNC:inst|h_count[8]                                                                                      ;
; 19.788 ; 20.004       ; 0.216          ; High Pulse Width ; inst2|altpll_component|auto_generated|pll1|clk[0] ; Rise       ; VGA_SYNC:inst|h_count[9]                                                                                      ;
; 19.788 ; 20.004       ; 0.216          ; High Pulse Width ; inst2|altpll_component|auto_generated|pll1|clk[0] ; Rise       ; VGA_SYNC:inst|horiz_sync                                                                                      ;
; 19.788 ; 20.004       ; 0.216          ; High Pulse Width ; inst2|altpll_component|auto_generated|pll1|clk[0] ; Rise       ; VGA_SYNC:inst|horiz_sync_out                                                                                  ;
; 19.788 ; 20.004       ; 0.216          ; High Pulse Width ; inst2|altpll_component|auto_generated|pll1|clk[0] ; Rise       ; VGA_SYNC:inst|pixel_column[2]                                                                                 ;
; 19.788 ; 20.004       ; 0.216          ; High Pulse Width ; inst2|altpll_component|auto_generated|pll1|clk[0] ; Rise       ; VGA_SYNC:inst|pixel_column[3]                                                                                 ;
; 19.788 ; 20.004       ; 0.216          ; High Pulse Width ; inst2|altpll_component|auto_generated|pll1|clk[0] ; Rise       ; VGA_SYNC:inst|pixel_column[4]                                                                                 ;
; 19.788 ; 20.004       ; 0.216          ; High Pulse Width ; inst2|altpll_component|auto_generated|pll1|clk[0] ; Rise       ; VGA_SYNC:inst|pixel_column[5]                                                                                 ;
; 19.788 ; 20.004       ; 0.216          ; High Pulse Width ; inst2|altpll_component|auto_generated|pll1|clk[0] ; Rise       ; VGA_SYNC:inst|pixel_column[6]                                                                                 ;
; 19.788 ; 20.004       ; 0.216          ; High Pulse Width ; inst2|altpll_component|auto_generated|pll1|clk[0] ; Rise       ; VGA_SYNC:inst|pixel_column[7]                                                                                 ;
; 19.788 ; 20.004       ; 0.216          ; High Pulse Width ; inst2|altpll_component|auto_generated|pll1|clk[0] ; Rise       ; VGA_SYNC:inst|pixel_column[8]                                                                                 ;
; 19.788 ; 20.004       ; 0.216          ; High Pulse Width ; inst2|altpll_component|auto_generated|pll1|clk[0] ; Rise       ; VGA_SYNC:inst|pixel_column[9]                                                                                 ;
; 19.788 ; 20.018       ; 0.230          ; High Pulse Width ; inst2|altpll_component|auto_generated|pll1|clk[0] ; Rise       ; char_rom:inst6|altsyncram:altsyncram_component|altsyncram_kt91:auto_generated|ram_block1a0~porta_address_reg0 ;
; 19.810 ; 19.994       ; 0.184          ; Low Pulse Width  ; inst2|altpll_component|auto_generated|pll1|clk[0] ; Rise       ; VGA_SYNC:inst|h_count[0]                                                                                      ;
; 19.810 ; 19.994       ; 0.184          ; Low Pulse Width  ; inst2|altpll_component|auto_generated|pll1|clk[0] ; Rise       ; VGA_SYNC:inst|h_count[1]                                                                                      ;
; 19.810 ; 19.994       ; 0.184          ; Low Pulse Width  ; inst2|altpll_component|auto_generated|pll1|clk[0] ; Rise       ; VGA_SYNC:inst|h_count[2]                                                                                      ;
; 19.810 ; 19.994       ; 0.184          ; Low Pulse Width  ; inst2|altpll_component|auto_generated|pll1|clk[0] ; Rise       ; VGA_SYNC:inst|h_count[3]                                                                                      ;
; 19.810 ; 19.994       ; 0.184          ; Low Pulse Width  ; inst2|altpll_component|auto_generated|pll1|clk[0] ; Rise       ; VGA_SYNC:inst|h_count[4]                                                                                      ;
; 19.810 ; 19.994       ; 0.184          ; Low Pulse Width  ; inst2|altpll_component|auto_generated|pll1|clk[0] ; Rise       ; VGA_SYNC:inst|h_count[5]                                                                                      ;
; 19.810 ; 19.994       ; 0.184          ; Low Pulse Width  ; inst2|altpll_component|auto_generated|pll1|clk[0] ; Rise       ; VGA_SYNC:inst|h_count[6]                                                                                      ;
; 19.810 ; 19.994       ; 0.184          ; Low Pulse Width  ; inst2|altpll_component|auto_generated|pll1|clk[0] ; Rise       ; VGA_SYNC:inst|h_count[7]                                                                                      ;
; 19.810 ; 19.994       ; 0.184          ; Low Pulse Width  ; inst2|altpll_component|auto_generated|pll1|clk[0] ; Rise       ; VGA_SYNC:inst|h_count[8]                                                                                      ;
; 19.810 ; 19.994       ; 0.184          ; Low Pulse Width  ; inst2|altpll_component|auto_generated|pll1|clk[0] ; Rise       ; VGA_SYNC:inst|h_count[9]                                                                                      ;
; 19.810 ; 19.994       ; 0.184          ; Low Pulse Width  ; inst2|altpll_component|auto_generated|pll1|clk[0] ; Rise       ; VGA_SYNC:inst|horiz_sync                                                                                      ;
; 19.810 ; 19.994       ; 0.184          ; Low Pulse Width  ; inst2|altpll_component|auto_generated|pll1|clk[0] ; Rise       ; VGA_SYNC:inst|horiz_sync_out                                                                                  ;
; 19.810 ; 19.994       ; 0.184          ; Low Pulse Width  ; inst2|altpll_component|auto_generated|pll1|clk[0] ; Rise       ; VGA_SYNC:inst|pixel_column[1]                                                                                 ;
; 19.810 ; 19.994       ; 0.184          ; Low Pulse Width  ; inst2|altpll_component|auto_generated|pll1|clk[0] ; Rise       ; VGA_SYNC:inst|pixel_column[2]                                                                                 ;
; 19.810 ; 19.994       ; 0.184          ; Low Pulse Width  ; inst2|altpll_component|auto_generated|pll1|clk[0] ; Rise       ; VGA_SYNC:inst|pixel_column[3]                                                                                 ;
; 19.810 ; 19.994       ; 0.184          ; Low Pulse Width  ; inst2|altpll_component|auto_generated|pll1|clk[0] ; Rise       ; VGA_SYNC:inst|pixel_column[4]                                                                                 ;
; 19.810 ; 19.994       ; 0.184          ; Low Pulse Width  ; inst2|altpll_component|auto_generated|pll1|clk[0] ; Rise       ; VGA_SYNC:inst|pixel_column[5]                                                                                 ;
; 19.810 ; 19.994       ; 0.184          ; Low Pulse Width  ; inst2|altpll_component|auto_generated|pll1|clk[0] ; Rise       ; VGA_SYNC:inst|pixel_column[6]                                                                                 ;
; 19.810 ; 19.994       ; 0.184          ; Low Pulse Width  ; inst2|altpll_component|auto_generated|pll1|clk[0] ; Rise       ; VGA_SYNC:inst|pixel_column[7]                                                                                 ;
; 19.810 ; 19.994       ; 0.184          ; Low Pulse Width  ; inst2|altpll_component|auto_generated|pll1|clk[0] ; Rise       ; VGA_SYNC:inst|pixel_column[8]                                                                                 ;
; 19.810 ; 19.994       ; 0.184          ; Low Pulse Width  ; inst2|altpll_component|auto_generated|pll1|clk[0] ; Rise       ; VGA_SYNC:inst|pixel_column[9]                                                                                 ;
; 19.812 ; 19.996       ; 0.184          ; Low Pulse Width  ; inst2|altpll_component|auto_generated|pll1|clk[0] ; Rise       ; VGA_SYNC:inst|pixel_column[0]                                                                                 ;
; 19.812 ; 19.996       ; 0.184          ; Low Pulse Width  ; inst2|altpll_component|auto_generated|pll1|clk[0] ; Rise       ; VGA_SYNC:inst|pixel_row[0]                                                                                    ;
; 19.812 ; 19.996       ; 0.184          ; Low Pulse Width  ; inst2|altpll_component|auto_generated|pll1|clk[0] ; Rise       ; VGA_SYNC:inst|pixel_row[1]                                                                                    ;
; 19.812 ; 19.996       ; 0.184          ; Low Pulse Width  ; inst2|altpll_component|auto_generated|pll1|clk[0] ; Rise       ; VGA_SYNC:inst|pixel_row[2]                                                                                    ;
; 19.812 ; 19.996       ; 0.184          ; Low Pulse Width  ; inst2|altpll_component|auto_generated|pll1|clk[0] ; Rise       ; VGA_SYNC:inst|pixel_row[3]                                                                                    ;
; 19.812 ; 19.996       ; 0.184          ; Low Pulse Width  ; inst2|altpll_component|auto_generated|pll1|clk[0] ; Rise       ; VGA_SYNC:inst|pixel_row[8]                                                                                    ;
; 19.812 ; 19.996       ; 0.184          ; Low Pulse Width  ; inst2|altpll_component|auto_generated|pll1|clk[0] ; Rise       ; VGA_SYNC:inst|v_count[0]                                                                                      ;
; 19.812 ; 19.996       ; 0.184          ; Low Pulse Width  ; inst2|altpll_component|auto_generated|pll1|clk[0] ; Rise       ; VGA_SYNC:inst|v_count[1]                                                                                      ;
; 19.812 ; 19.996       ; 0.184          ; Low Pulse Width  ; inst2|altpll_component|auto_generated|pll1|clk[0] ; Rise       ; VGA_SYNC:inst|v_count[2]                                                                                      ;
; 19.812 ; 19.996       ; 0.184          ; Low Pulse Width  ; inst2|altpll_component|auto_generated|pll1|clk[0] ; Rise       ; VGA_SYNC:inst|v_count[3]                                                                                      ;
; 19.812 ; 19.996       ; 0.184          ; Low Pulse Width  ; inst2|altpll_component|auto_generated|pll1|clk[0] ; Rise       ; VGA_SYNC:inst|v_count[4]                                                                                      ;
; 19.812 ; 19.996       ; 0.184          ; Low Pulse Width  ; inst2|altpll_component|auto_generated|pll1|clk[0] ; Rise       ; VGA_SYNC:inst|v_count[5]                                                                                      ;
; 19.812 ; 19.996       ; 0.184          ; Low Pulse Width  ; inst2|altpll_component|auto_generated|pll1|clk[0] ; Rise       ; VGA_SYNC:inst|v_count[6]                                                                                      ;
+--------+--------------+----------------+------------------+---------------------------------------------------+------------+---------------------------------------------------------------------------------------------------------------+


+---------------------------------------------------------------------------------------------------------+
; Setup Times                                                                                             ;
+-----------+------------+-------+-------+------------+---------------------------------------------------+
; Data Port ; Clock Port ; Rise  ; Fall  ; Clock Edge ; Clock Reference                                   ;
+-----------+------------+-------+-------+------------+---------------------------------------------------+
; game      ; clk        ; 4.124 ; 4.781 ; Fall       ; inst2|altpll_component|auto_generated|pll1|clk[0] ;
; pb0       ; clk        ; 4.555 ; 5.238 ; Fall       ; inst2|altpll_component|auto_generated|pll1|clk[0] ;
; training  ; clk        ; 4.314 ; 4.997 ; Fall       ; inst2|altpll_component|auto_generated|pll1|clk[0] ;
+-----------+------------+-------+-------+------------+---------------------------------------------------+


+-----------------------------------------------------------------------------------------------------------+
; Hold Times                                                                                                ;
+-----------+------------+--------+--------+------------+---------------------------------------------------+
; Data Port ; Clock Port ; Rise   ; Fall   ; Clock Edge ; Clock Reference                                   ;
+-----------+------------+--------+--------+------------+---------------------------------------------------+
; game      ; clk        ; -2.271 ; -2.909 ; Fall       ; inst2|altpll_component|auto_generated|pll1|clk[0] ;
; pb0       ; clk        ; -2.184 ; -2.807 ; Fall       ; inst2|altpll_component|auto_generated|pll1|clk[0] ;
; training  ; clk        ; -2.442 ; -3.124 ; Fall       ; inst2|altpll_component|auto_generated|pll1|clk[0] ;
+-----------+------------+--------+--------+------------+---------------------------------------------------+


+-------------------------------------------------------------------------------------------------------------------------------+
; Clock to Output Times                                                                                                         ;
+----------------+-----------------------------+-------+-------+------------+---------------------------------------------------+
; Data Port      ; Clock Port                  ; Rise  ; Fall  ; Clock Edge ; Clock Reference                                   ;
+----------------+-----------------------------+-------+-------+------------+---------------------------------------------------+
; vert_sync_out  ; VGA_SYNC:inst|vert_sync_out ; 2.477 ;       ; Rise       ; VGA_SYNC:inst|vert_sync_out                       ;
; vert_sync_out  ; VGA_SYNC:inst|vert_sync_out ;       ; 2.615 ; Fall       ; VGA_SYNC:inst|vert_sync_out                       ;
; blue_out       ; clk                         ; 2.938 ; 3.040 ; Rise       ; inst2|altpll_component|auto_generated|pll1|clk[0] ;
; green_out      ; clk                         ; 2.759 ; 2.839 ; Rise       ; inst2|altpll_component|auto_generated|pll1|clk[0] ;
; horiz_sync_out ; clk                         ; 1.912 ; 1.930 ; Rise       ; inst2|altpll_component|auto_generated|pll1|clk[0] ;
; red_out        ; clk                         ; 2.812 ; 2.898 ; Rise       ; inst2|altpll_component|auto_generated|pll1|clk[0] ;
+----------------+-----------------------------+-------+-------+------------+---------------------------------------------------+


+-------------------------------------------------------------------------------------------------------------------------------+
; Minimum Clock to Output Times                                                                                                 ;
+----------------+-----------------------------+-------+-------+------------+---------------------------------------------------+
; Data Port      ; Clock Port                  ; Rise  ; Fall  ; Clock Edge ; Clock Reference                                   ;
+----------------+-----------------------------+-------+-------+------------+---------------------------------------------------+
; vert_sync_out  ; VGA_SYNC:inst|vert_sync_out ; 2.436 ;       ; Rise       ; VGA_SYNC:inst|vert_sync_out                       ;
; vert_sync_out  ; VGA_SYNC:inst|vert_sync_out ;       ; 2.568 ; Fall       ; VGA_SYNC:inst|vert_sync_out                       ;
; blue_out       ; clk                         ; 2.649 ; 2.746 ; Rise       ; inst2|altpll_component|auto_generated|pll1|clk[0] ;
; green_out      ; clk                         ; 2.477 ; 2.553 ; Rise       ; inst2|altpll_component|auto_generated|pll1|clk[0] ;
; horiz_sync_out ; clk                         ; 1.664 ; 1.680 ; Rise       ; inst2|altpll_component|auto_generated|pll1|clk[0] ;
; red_out        ; clk                         ; 2.527 ; 2.609 ; Rise       ; inst2|altpll_component|auto_generated|pll1|clk[0] ;
+----------------+-----------------------------+-------+-------+------------+---------------------------------------------------+


---------------------------------------------
; Fast 1200mV 0C Model Metastability Report ;
---------------------------------------------
No synchronizer chains to report.


+-----------------------------------------------------------------------------------------------------------------+
; Multicorner Timing Analysis Summary                                                                             ;
+----------------------------------------------------+---------+-------+----------+---------+---------------------+
; Clock                                              ; Setup   ; Hold  ; Recovery ; Removal ; Minimum Pulse Width ;
+----------------------------------------------------+---------+-------+----------+---------+---------------------+
; Worst-case Slack                                   ; -5.150  ; 0.185 ; N/A      ; N/A     ; -1.000              ;
;  VGA_SYNC:inst|vert_sync_out                       ; -1.449  ; 0.221 ; N/A      ; N/A     ; -1.000              ;
;  clk                                               ; N/A     ; N/A   ; N/A      ; N/A     ; 9.585               ;
;  inst2|altpll_component|auto_generated|pll1|clk[0] ; -5.150  ; 0.185 ; N/A      ; N/A     ; 19.736              ;
; Design-wide TNS                                    ; -37.208 ; 0.0   ; 0.0      ; 0.0     ; -22.0               ;
;  VGA_SYNC:inst|vert_sync_out                       ; -22.556 ; 0.000 ; N/A      ; N/A     ; -22.000             ;
;  clk                                               ; N/A     ; N/A   ; N/A      ; N/A     ; 0.000               ;
;  inst2|altpll_component|auto_generated|pll1|clk[0] ; -14.652 ; 0.000 ; N/A      ; N/A     ; 0.000               ;
+----------------------------------------------------+---------+-------+----------+---------+---------------------+


+---------------------------------------------------------------------------------------------------------+
; Setup Times                                                                                             ;
+-----------+------------+-------+-------+------------+---------------------------------------------------+
; Data Port ; Clock Port ; Rise  ; Fall  ; Clock Edge ; Clock Reference                                   ;
+-----------+------------+-------+-------+------------+---------------------------------------------------+
; game      ; clk        ; 7.242 ; 7.739 ; Fall       ; inst2|altpll_component|auto_generated|pll1|clk[0] ;
; pb0       ; clk        ; 8.116 ; 8.580 ; Fall       ; inst2|altpll_component|auto_generated|pll1|clk[0] ;
; training  ; clk        ; 7.552 ; 8.024 ; Fall       ; inst2|altpll_component|auto_generated|pll1|clk[0] ;
+-----------+------------+-------+-------+------------+---------------------------------------------------+


+-----------------------------------------------------------------------------------------------------------+
; Hold Times                                                                                                ;
+-----------+------------+--------+--------+------------+---------------------------------------------------+
; Data Port ; Clock Port ; Rise   ; Fall   ; Clock Edge ; Clock Reference                                   ;
+-----------+------------+--------+--------+------------+---------------------------------------------------+
; game      ; clk        ; -2.271 ; -2.909 ; Fall       ; inst2|altpll_component|auto_generated|pll1|clk[0] ;
; pb0       ; clk        ; -2.184 ; -2.807 ; Fall       ; inst2|altpll_component|auto_generated|pll1|clk[0] ;
; training  ; clk        ; -2.442 ; -3.124 ; Fall       ; inst2|altpll_component|auto_generated|pll1|clk[0] ;
+-----------+------------+--------+--------+------------+---------------------------------------------------+


+-------------------------------------------------------------------------------------------------------------------------------+
; Clock to Output Times                                                                                                         ;
+----------------+-----------------------------+-------+-------+------------+---------------------------------------------------+
; Data Port      ; Clock Port                  ; Rise  ; Fall  ; Clock Edge ; Clock Reference                                   ;
+----------------+-----------------------------+-------+-------+------------+---------------------------------------------------+
; vert_sync_out  ; VGA_SYNC:inst|vert_sync_out ; 4.006 ;       ; Rise       ; VGA_SYNC:inst|vert_sync_out                       ;
; vert_sync_out  ; VGA_SYNC:inst|vert_sync_out ;       ; 4.114 ; Fall       ; VGA_SYNC:inst|vert_sync_out                       ;
; blue_out       ; clk                         ; 4.938 ; 4.947 ; Rise       ; inst2|altpll_component|auto_generated|pll1|clk[0] ;
; green_out      ; clk                         ; 4.623 ; 4.633 ; Rise       ; inst2|altpll_component|auto_generated|pll1|clk[0] ;
; horiz_sync_out ; clk                         ; 3.130 ; 3.135 ; Rise       ; inst2|altpll_component|auto_generated|pll1|clk[0] ;
; red_out        ; clk                         ; 4.715 ; 4.770 ; Rise       ; inst2|altpll_component|auto_generated|pll1|clk[0] ;
+----------------+-----------------------------+-------+-------+------------+---------------------------------------------------+


+-------------------------------------------------------------------------------------------------------------------------------+
; Minimum Clock to Output Times                                                                                                 ;
+----------------+-----------------------------+-------+-------+------------+---------------------------------------------------+
; Data Port      ; Clock Port                  ; Rise  ; Fall  ; Clock Edge ; Clock Reference                                   ;
+----------------+-----------------------------+-------+-------+------------+---------------------------------------------------+
; vert_sync_out  ; VGA_SYNC:inst|vert_sync_out ; 2.436 ;       ; Rise       ; VGA_SYNC:inst|vert_sync_out                       ;
; vert_sync_out  ; VGA_SYNC:inst|vert_sync_out ;       ; 2.568 ; Fall       ; VGA_SYNC:inst|vert_sync_out                       ;
; blue_out       ; clk                         ; 2.649 ; 2.746 ; Rise       ; inst2|altpll_component|auto_generated|pll1|clk[0] ;
; green_out      ; clk                         ; 2.477 ; 2.553 ; Rise       ; inst2|altpll_component|auto_generated|pll1|clk[0] ;
; horiz_sync_out ; clk                         ; 1.664 ; 1.680 ; Rise       ; inst2|altpll_component|auto_generated|pll1|clk[0] ;
; red_out        ; clk                         ; 2.527 ; 2.609 ; Rise       ; inst2|altpll_component|auto_generated|pll1|clk[0] ;
+----------------+-----------------------------+-------+-------+------------+---------------------------------------------------+


+-------------------------------------------------------------------------------------------------------------------------------------------------------------------------------------------------------------------------------------------------------------------------------------------------------------------------------------------------------------------------------------------------------------------+
; Board Trace Model Assignments                                                                                                                                                                                                                                                                                                                                                                                     ;
+----------------+--------------+-------------------+-------------------------+-------------------------+---------------+---------------------+----------------+------------------+--------+------------------+------------------------+------------------------+--------------+---------------+-----------------+-------+---------------------+--------------------+---------------+-----------------+-------------+
; Pin            ; I/O Standard ; Near Tline Length ; Near Tline L per Length ; Near Tline C per Length ; Near Series R ; Near Differential R ; Near Pull-up R ; Near Pull-down R ; Near C ; Far Tline Length ; Far Tline L per Length ; Far Tline C per Length ; Far Series R ; Far Pull-up R ; Far Pull-down R ; Far C ; Termination Voltage ; Far Differential R ; EBD File Name ; EBD Signal Name ; EBD Far-end ;
+----------------+--------------+-------------------+-------------------------+-------------------------+---------------+---------------------+----------------+------------------+--------+------------------+------------------------+------------------------+--------------+---------------+-----------------+-------+---------------------+--------------------+---------------+-----------------+-------------+
; red_out        ; 2.5 V        ; 0 in              ; 0 H/in                  ; 0 F/in                  ; short         ; -                   ; open           ; open             ; open   ; 0 in             ; 0 H/in                 ; 0 F/in                 ; short        ; open          ; open            ; open  ; 0 V                 ; -                  ; n/a           ; n/a             ; n/a         ;
; green_out      ; 2.5 V        ; 0 in              ; 0 H/in                  ; 0 F/in                  ; short         ; -                   ; open           ; open             ; open   ; 0 in             ; 0 H/in                 ; 0 F/in                 ; short        ; open          ; open            ; open  ; 0 V                 ; -                  ; n/a           ; n/a             ; n/a         ;
; blue_out       ; 2.5 V        ; 0 in              ; 0 H/in                  ; 0 F/in                  ; short         ; -                   ; open           ; open             ; open   ; 0 in             ; 0 H/in                 ; 0 F/in                 ; short        ; open          ; open            ; open  ; 0 V                 ; -                  ; n/a           ; n/a             ; n/a         ;
; horiz_sync_out ; 2.5 V        ; 0 in              ; 0 H/in                  ; 0 F/in                  ; short         ; -                   ; open           ; open             ; open   ; 0 in             ; 0 H/in                 ; 0 F/in                 ; short        ; open          ; open            ; open  ; 0 V                 ; -                  ; n/a           ; n/a             ; n/a         ;
; vert_sync_out  ; 2.5 V        ; 0 in              ; 0 H/in                  ; 0 F/in                  ; short         ; -                   ; open           ; open             ; open   ; 0 in             ; 0 H/in                 ; 0 F/in                 ; short        ; open          ; open            ; open  ; 0 V                 ; -                  ; n/a           ; n/a             ; n/a         ;
; ~ALTERA_DCLK~  ; 2.5 V        ; 0 in              ; 0 H/in                  ; 0 F/in                  ; short         ; -                   ; open           ; open             ; open   ; 0 in             ; 0 H/in                 ; 0 F/in                 ; short        ; open          ; open            ; open  ; 0 V                 ; -                  ; n/a           ; n/a             ; n/a         ;
; ~ALTERA_nCEO~  ; 2.5 V        ; 0 in              ; 0 H/in                  ; 0 F/in                  ; short         ; -                   ; open           ; open             ; open   ; 0 in             ; 0 H/in                 ; 0 F/in                 ; short        ; open          ; open            ; open  ; 0 V                 ; -                  ; n/a           ; n/a             ; n/a         ;
+----------------+--------------+-------------------+-------------------------+-------------------------+---------------+---------------------+----------------+------------------+--------+------------------+------------------------+------------------------+--------------+---------------+-----------------+-------+---------------------+--------------------+---------------+-----------------+-------------+


+----------------------------------------------------------------------------+
; Input Transition Times                                                     ;
+-------------------------+--------------+-----------------+-----------------+
; Pin                     ; I/O Standard ; 10-90 Rise Time ; 90-10 Fall Time ;
+-------------------------+--------------+-----------------+-----------------+
; pb0                     ; 2.5 V        ; 2000 ps         ; 2000 ps         ;
; training                ; 2.5 V        ; 2000 ps         ; 2000 ps         ;
; game                    ; 2.5 V        ; 2000 ps         ; 2000 ps         ;
; clk                     ; 2.5 V        ; 2000 ps         ; 2000 ps         ;
; ~ALTERA_ASDO_DATA1~     ; 2.5 V        ; 2000 ps         ; 2000 ps         ;
; ~ALTERA_FLASH_nCE_nCSO~ ; 2.5 V        ; 2000 ps         ; 2000 ps         ;
; ~ALTERA_DATA0~          ; 2.5 V        ; 2000 ps         ; 2000 ps         ;
+-------------------------+--------------+-----------------+-----------------+


+---------------------------------------------------------------------------------------------------------------------------------------------------------------------------------------------------------------------------------------------------------------------------------------------------------------------------------------------------------------------------------------------------------------------------------------------------------------------------------------------------------------------------------------------------------------------------------------------------------------------------------------------------------------------------------------------+
; Slow Corner Signal Integrity Metrics                                                                                                                                                                                                                                                                                                                                                                                                                                                                                                                                                                                                                                                        ;
+----------------+--------------+---------------------+---------------------+------------------------------+------------------------------+---------------------+---------------------+--------------------------------------+--------------------------------------+-----------------------------+-----------------------------+----------------------------+----------------------------+-----------------------------+-----------------------------+--------------------+--------------------+-------------------------------------+-------------------------------------+----------------------------+----------------------------+---------------------------+---------------------------+
; Pin            ; I/O Standard ; Board Delay on Rise ; Board Delay on Fall ; Steady State Voh at FPGA Pin ; Steady State Vol at FPGA Pin ; Voh Max at FPGA Pin ; Vol Min at FPGA Pin ; Ringback Voltage on Rise at FPGA Pin ; Ringback Voltage on Fall at FPGA Pin ; 10-90 Rise Time at FPGA Pin ; 90-10 Fall Time at FPGA Pin ; Monotonic Rise at FPGA Pin ; Monotonic Fall at FPGA Pin ; Steady State Voh at Far-end ; Steady State Vol at Far-end ; Voh Max at Far-end ; Vol Min at Far-end ; Ringback Voltage on Rise at Far-end ; Ringback Voltage on Fall at Far-end ; 10-90 Rise Time at Far-end ; 90-10 Fall Time at Far-end ; Monotonic Rise at Far-end ; Monotonic Fall at Far-end ;
+----------------+--------------+---------------------+---------------------+------------------------------+------------------------------+---------------------+---------------------+--------------------------------------+--------------------------------------+-----------------------------+-----------------------------+----------------------------+----------------------------+-----------------------------+-----------------------------+--------------------+--------------------+-------------------------------------+-------------------------------------+----------------------------+----------------------------+---------------------------+---------------------------+
; red_out        ; 2.5 V        ; 0 s                 ; 0 s                 ; 2.32 V                       ; 7.25e-07 V                   ; 2.35 V              ; -0.0111 V           ; 0.113 V                              ; 0.035 V                              ; 7.76e-10 s                  ; 8.04e-10 s                  ; Yes                        ; Yes                        ; 2.32 V                      ; 7.25e-07 V                  ; 2.35 V             ; -0.0111 V          ; 0.113 V                             ; 0.035 V                             ; 7.76e-10 s                 ; 8.04e-10 s                 ; Yes                       ; Yes                       ;
; green_out      ; 2.5 V        ; 0 s                 ; 0 s                 ; 2.32 V                       ; 7.25e-07 V                   ; 2.35 V              ; -0.0111 V           ; 0.113 V                              ; 0.035 V                              ; 7.76e-10 s                  ; 8.04e-10 s                  ; Yes                        ; Yes                        ; 2.32 V                      ; 7.25e-07 V                  ; 2.35 V             ; -0.0111 V          ; 0.113 V                             ; 0.035 V                             ; 7.76e-10 s                 ; 8.04e-10 s                 ; Yes                       ; Yes                       ;
; blue_out       ; 2.5 V        ; 0 s                 ; 0 s                 ; 2.32 V                       ; 7.25e-07 V                   ; 2.35 V              ; -0.0111 V           ; 0.113 V                              ; 0.035 V                              ; 7.76e-10 s                  ; 8.04e-10 s                  ; Yes                        ; Yes                        ; 2.32 V                      ; 7.25e-07 V                  ; 2.35 V             ; -0.0111 V          ; 0.113 V                             ; 0.035 V                             ; 7.76e-10 s                 ; 8.04e-10 s                 ; Yes                       ; Yes                       ;
; horiz_sync_out ; 2.5 V        ; 0 s                 ; 0 s                 ; 2.32 V                       ; 7.25e-07 V                   ; 2.35 V              ; -0.0111 V           ; 0.113 V                              ; 0.035 V                              ; 7.76e-10 s                  ; 8.04e-10 s                  ; Yes                        ; Yes                        ; 2.32 V                      ; 7.25e-07 V                  ; 2.35 V             ; -0.0111 V          ; 0.113 V                             ; 0.035 V                             ; 7.76e-10 s                 ; 8.04e-10 s                 ; Yes                       ; Yes                       ;
; vert_sync_out  ; 2.5 V        ; 0 s                 ; 0 s                 ; 2.32 V                       ; 7.25e-07 V                   ; 2.35 V              ; -0.0111 V           ; 0.113 V                              ; 0.035 V                              ; 7.76e-10 s                  ; 8.04e-10 s                  ; Yes                        ; Yes                        ; 2.32 V                      ; 7.25e-07 V                  ; 2.35 V             ; -0.0111 V          ; 0.113 V                             ; 0.035 V                             ; 7.76e-10 s                 ; 8.04e-10 s                 ; Yes                       ; Yes                       ;
; ~ALTERA_DCLK~  ; 2.5 V        ; 0 s                 ; 0 s                 ; 2.32 V                       ; 5.68e-07 V                   ; 2.35 V              ; -0.0132 V           ; 0.2 V                                ; 0.027 V                              ; 5.26e-10 s                  ; 4.81e-10 s                  ; Yes                        ; Yes                        ; 2.32 V                      ; 5.68e-07 V                  ; 2.35 V             ; -0.0132 V          ; 0.2 V                               ; 0.027 V                             ; 5.26e-10 s                 ; 4.81e-10 s                 ; Yes                       ; Yes                       ;
; ~ALTERA_nCEO~  ; 2.5 V        ; 0 s                 ; 0 s                 ; 2.32 V                       ; 9.36e-07 V                   ; 2.35 V              ; -0.00444 V          ; 0.18 V                               ; 0.019 V                              ; 7.23e-10 s                  ; 9.82e-10 s                  ; Yes                        ; Yes                        ; 2.32 V                      ; 9.36e-07 V                  ; 2.35 V             ; -0.00444 V         ; 0.18 V                              ; 0.019 V                             ; 7.23e-10 s                 ; 9.82e-10 s                 ; Yes                       ; Yes                       ;
+----------------+--------------+---------------------+---------------------+------------------------------+------------------------------+---------------------+---------------------+--------------------------------------+--------------------------------------+-----------------------------+-----------------------------+----------------------------+----------------------------+-----------------------------+-----------------------------+--------------------+--------------------+-------------------------------------+-------------------------------------+----------------------------+----------------------------+---------------------------+---------------------------+


+---------------------------------------------------------------------------------------------------------------------------------------------------------------------------------------------------------------------------------------------------------------------------------------------------------------------------------------------------------------------------------------------------------------------------------------------------------------------------------------------------------------------------------------------------------------------------------------------------------------------------------------------------------------------------------------------+
; Fast Corner Signal Integrity Metrics                                                                                                                                                                                                                                                                                                                                                                                                                                                                                                                                                                                                                                                        ;
+----------------+--------------+---------------------+---------------------+------------------------------+------------------------------+---------------------+---------------------+--------------------------------------+--------------------------------------+-----------------------------+-----------------------------+----------------------------+----------------------------+-----------------------------+-----------------------------+--------------------+--------------------+-------------------------------------+-------------------------------------+----------------------------+----------------------------+---------------------------+---------------------------+
; Pin            ; I/O Standard ; Board Delay on Rise ; Board Delay on Fall ; Steady State Voh at FPGA Pin ; Steady State Vol at FPGA Pin ; Voh Max at FPGA Pin ; Vol Min at FPGA Pin ; Ringback Voltage on Rise at FPGA Pin ; Ringback Voltage on Fall at FPGA Pin ; 10-90 Rise Time at FPGA Pin ; 90-10 Fall Time at FPGA Pin ; Monotonic Rise at FPGA Pin ; Monotonic Fall at FPGA Pin ; Steady State Voh at Far-end ; Steady State Vol at Far-end ; Voh Max at Far-end ; Vol Min at Far-end ; Ringback Voltage on Rise at Far-end ; Ringback Voltage on Fall at Far-end ; 10-90 Rise Time at Far-end ; 90-10 Fall Time at Far-end ; Monotonic Rise at Far-end ; Monotonic Fall at Far-end ;
+----------------+--------------+---------------------+---------------------+------------------------------+------------------------------+---------------------+---------------------+--------------------------------------+--------------------------------------+-----------------------------+-----------------------------+----------------------------+----------------------------+-----------------------------+-----------------------------+--------------------+--------------------+-------------------------------------+-------------------------------------+----------------------------+----------------------------+---------------------------+---------------------------+
; red_out        ; 2.5 V        ; 0 s                 ; 0 s                 ; 2.62 V                       ; 2.78e-08 V                   ; 2.71 V              ; -0.0349 V           ; 0.253 V                              ; 0.069 V                              ; 4.96e-10 s                  ; 5.19e-10 s                  ; No                         ; Yes                        ; 2.62 V                      ; 2.78e-08 V                  ; 2.71 V             ; -0.0349 V          ; 0.253 V                             ; 0.069 V                             ; 4.96e-10 s                 ; 5.19e-10 s                 ; No                        ; Yes                       ;
; green_out      ; 2.5 V        ; 0 s                 ; 0 s                 ; 2.62 V                       ; 2.78e-08 V                   ; 2.71 V              ; -0.0349 V           ; 0.253 V                              ; 0.069 V                              ; 4.96e-10 s                  ; 5.19e-10 s                  ; No                         ; Yes                        ; 2.62 V                      ; 2.78e-08 V                  ; 2.71 V             ; -0.0349 V          ; 0.253 V                             ; 0.069 V                             ; 4.96e-10 s                 ; 5.19e-10 s                 ; No                        ; Yes                       ;
; blue_out       ; 2.5 V        ; 0 s                 ; 0 s                 ; 2.62 V                       ; 2.78e-08 V                   ; 2.71 V              ; -0.0349 V           ; 0.253 V                              ; 0.069 V                              ; 4.96e-10 s                  ; 5.19e-10 s                  ; No                         ; Yes                        ; 2.62 V                      ; 2.78e-08 V                  ; 2.71 V             ; -0.0349 V          ; 0.253 V                             ; 0.069 V                             ; 4.96e-10 s                 ; 5.19e-10 s                 ; No                        ; Yes                       ;
; horiz_sync_out ; 2.5 V        ; 0 s                 ; 0 s                 ; 2.62 V                       ; 2.78e-08 V                   ; 2.71 V              ; -0.0349 V           ; 0.253 V                              ; 0.069 V                              ; 4.96e-10 s                  ; 5.19e-10 s                  ; No                         ; Yes                        ; 2.62 V                      ; 2.78e-08 V                  ; 2.71 V             ; -0.0349 V          ; 0.253 V                             ; 0.069 V                             ; 4.96e-10 s                 ; 5.19e-10 s                 ; No                        ; Yes                       ;
; vert_sync_out  ; 2.5 V        ; 0 s                 ; 0 s                 ; 2.62 V                       ; 2.78e-08 V                   ; 2.71 V              ; -0.0349 V           ; 0.253 V                              ; 0.069 V                              ; 4.96e-10 s                  ; 5.19e-10 s                  ; No                         ; Yes                        ; 2.62 V                      ; 2.78e-08 V                  ; 2.71 V             ; -0.0349 V          ; 0.253 V                             ; 0.069 V                             ; 4.96e-10 s                 ; 5.19e-10 s                 ; No                        ; Yes                       ;
; ~ALTERA_DCLK~  ; 2.5 V        ; 0 s                 ; 0 s                 ; 2.62 V                       ; 2.22e-08 V                   ; 2.72 V              ; -0.0747 V           ; 0.28 V                               ; 0.169 V                              ; 3.1e-10 s                   ; 3.01e-10 s                  ; No                         ; Yes                        ; 2.62 V                      ; 2.22e-08 V                  ; 2.72 V             ; -0.0747 V          ; 0.28 V                              ; 0.169 V                             ; 3.1e-10 s                  ; 3.01e-10 s                 ; No                        ; Yes                       ;
; ~ALTERA_nCEO~  ; 2.5 V        ; 0 s                 ; 0 s                 ; 2.62 V                       ; 3.53e-08 V                   ; 2.7 V               ; -0.0212 V           ; 0.204 V                              ; 0.049 V                              ; 4.85e-10 s                  ; 6.73e-10 s                  ; No                         ; Yes                        ; 2.62 V                      ; 3.53e-08 V                  ; 2.7 V              ; -0.0212 V          ; 0.204 V                             ; 0.049 V                             ; 4.85e-10 s                 ; 6.73e-10 s                 ; No                        ; Yes                       ;
+----------------+--------------+---------------------+---------------------+------------------------------+------------------------------+---------------------+---------------------+--------------------------------------+--------------------------------------+-----------------------------+-----------------------------+----------------------------+----------------------------+-----------------------------+-----------------------------+--------------------+--------------------+-------------------------------------+-------------------------------------+----------------------------+----------------------------+---------------------------+---------------------------+


+---------------------------------------------------------------------------------------------------------------------------------------------------+
; Setup Transfers                                                                                                                                   ;
+---------------------------------------------------+---------------------------------------------------+----------+----------+----------+----------+
; From Clock                                        ; To Clock                                          ; RR Paths ; FR Paths ; RF Paths ; FF Paths ;
+---------------------------------------------------+---------------------------------------------------+----------+----------+----------+----------+
; inst2|altpll_component|auto_generated|pll1|clk[0] ; inst2|altpll_component|auto_generated|pll1|clk[0] ; 1066     ; 11       ; 6140     ; 174      ;
; VGA_SYNC:inst|vert_sync_out                       ; inst2|altpll_component|auto_generated|pll1|clk[0] ; 140      ; 0        ; 0        ; 0        ;
; VGA_SYNC:inst|vert_sync_out                       ; VGA_SYNC:inst|vert_sync_out                       ; 242      ; 0        ; 0        ; 0        ;
+---------------------------------------------------+---------------------------------------------------+----------+----------+----------+----------+
Entries labeled "false path" only account for clock-to-clock false paths and not path-based false paths. As a result, actual path counts may be lower than reported.


+---------------------------------------------------------------------------------------------------------------------------------------------------+
; Hold Transfers                                                                                                                                    ;
+---------------------------------------------------+---------------------------------------------------+----------+----------+----------+----------+
; From Clock                                        ; To Clock                                          ; RR Paths ; FR Paths ; RF Paths ; FF Paths ;
+---------------------------------------------------+---------------------------------------------------+----------+----------+----------+----------+
; inst2|altpll_component|auto_generated|pll1|clk[0] ; inst2|altpll_component|auto_generated|pll1|clk[0] ; 1066     ; 11       ; 6140     ; 174      ;
; VGA_SYNC:inst|vert_sync_out                       ; inst2|altpll_component|auto_generated|pll1|clk[0] ; 140      ; 0        ; 0        ; 0        ;
; VGA_SYNC:inst|vert_sync_out                       ; VGA_SYNC:inst|vert_sync_out                       ; 242      ; 0        ; 0        ; 0        ;
+---------------------------------------------------+---------------------------------------------------+----------+----------+----------+----------+
Entries labeled "false path" only account for clock-to-clock false paths and not path-based false paths. As a result, actual path counts may be lower than reported.


---------------
; Report TCCS ;
---------------
No dedicated SERDES Transmitter circuitry present in device or used in design


---------------
; Report RSKM ;
---------------
No dedicated SERDES Receiver circuitry present in device or used in design


+------------------------------------------------+
; Unconstrained Paths                            ;
+---------------------------------+-------+------+
; Property                        ; Setup ; Hold ;
+---------------------------------+-------+------+
; Illegal Clocks                  ; 0     ; 0    ;
; Unconstrained Clocks            ; 0     ; 0    ;
; Unconstrained Input Ports       ; 3     ; 3    ;
; Unconstrained Input Port Paths  ; 32    ; 32   ;
; Unconstrained Output Ports      ; 5     ; 5    ;
; Unconstrained Output Port Paths ; 5     ; 5    ;
+---------------------------------+-------+------+


+------------------------------------+
; TimeQuest Timing Analyzer Messages ;
+------------------------------------+
Info: *******************************************************************
Info: Running Quartus II 64-Bit TimeQuest Timing Analyzer
    Info: Version 13.0.1 Build 232 06/12/2013 Service Pack 1 SJ Web Edition
    Info: Processing started: Fri May 13 19:50:34 2022
Info: Command: quartus_sta miniProject -c miniProject
Info: qsta_default_script.tcl version: #1
Warning (20028): Parallel compilation is not licensed and has been disabled
Info (21077): Core supply voltage is 1.2V
Info (21077): Low junction temperature is 0 degrees C
Info (21077): High junction temperature is 85 degrees C
Critical Warning (332012): Synopsys Design Constraints File file not found: 'miniProject.sdc'. A Synopsys Design Constraints File is required by the TimeQuest Timing Analyzer to get proper timing constraints. Without it, the Compiler will not properly optimize the design.
Info (332142): No user constrained generated clocks found in the design. Calling "derive_pll_clocks -create_base_clocks"
Info (332110): Deriving PLL clocks
    Info (332110): create_clock -period 20.000 -waveform {0.000 10.000} -name clk clk
    Info (332110): create_generated_clock -source {inst2|altpll_component|auto_generated|pll1|inclk[0]} -divide_by 2 -duty_cycle 50.00 -name {inst2|altpll_component|auto_generated|pll1|clk[0]} {inst2|altpll_component|auto_generated|pll1|clk[0]}
Info (332142): No user constrained base clocks found in the design. Calling "derive_clocks -period 1.0"
Info (332105): Deriving Clocks
    Info (332105): create_clock -period 1.000 -name VGA_SYNC:inst|vert_sync_out VGA_SYNC:inst|vert_sync_out
Info (332143): No user constrained clock uncertainty found in the design. Calling "derive_clock_uncertainty"
Info (332123): Deriving Clock Uncertainty. Please refer to report_sdc in TimeQuest to see clock uncertainties.
Info: Found TIMEQUEST_REPORT_SCRIPT_INCLUDE_DEFAULT_ANALYSIS = ON
Info: Analyzing Slow 1200mV 85C Model
Critical Warning (332148): Timing requirements not met
    Info (11105): For recommendations on closing timing, run Report Timing Closure Recommendations in the TimeQuest Timing Analyzer.
Info (332146): Worst-case setup slack is -5.150
    Info (332119):     Slack End Point TNS Clock 
    Info (332119): ========= ============= =====================
    Info (332119):    -5.150       -14.652 inst2|altpll_component|auto_generated|pll1|clk[0] 
    Info (332119):    -1.449       -22.556 VGA_SYNC:inst|vert_sync_out 
Info (332146): Worst-case hold slack is 0.357
    Info (332119):     Slack End Point TNS Clock 
    Info (332119): ========= ============= =====================
    Info (332119):     0.357         0.000 inst2|altpll_component|auto_generated|pll1|clk[0] 
    Info (332119):     0.410         0.000 VGA_SYNC:inst|vert_sync_out 
Info (332140): No Recovery paths to report
Info (332140): No Removal paths to report
Info (332146): Worst-case minimum pulse width slack is -1.000
    Info (332119):     Slack End Point TNS Clock 
    Info (332119): ========= ============= =====================
    Info (332119):    -1.000       -22.000 VGA_SYNC:inst|vert_sync_out 
    Info (332119):     9.825         0.000 clk 
    Info (332119):    19.736         0.000 inst2|altpll_component|auto_generated|pll1|clk[0] 
Info: Analyzing Slow 1200mV 0C Model
Info (334003): Started post-fitting delay annotation
Info (334004): Delay annotation completed successfully
Info (332123): Deriving Clock Uncertainty. Please refer to report_sdc in TimeQuest to see clock uncertainties.
Critical Warning (332148): Timing requirements not met
    Info (11105): For recommendations on closing timing, run Report Timing Closure Recommendations in the TimeQuest Timing Analyzer.
Info (332146): Worst-case setup slack is -4.401
    Info (332119):     Slack End Point TNS Clock 
    Info (332119): ========= ============= =====================
    Info (332119):    -4.401       -12.421 inst2|altpll_component|auto_generated|pll1|clk[0] 
    Info (332119):    -1.194       -17.752 VGA_SYNC:inst|vert_sync_out 
Info (332146): Worst-case hold slack is 0.311
    Info (332119):     Slack End Point TNS Clock 
    Info (332119): ========= ============= =====================
    Info (332119):     0.311         0.000 inst2|altpll_component|auto_generated|pll1|clk[0] 
    Info (332119):     0.380         0.000 VGA_SYNC:inst|vert_sync_out 
Info (332140): No Recovery paths to report
Info (332140): No Removal paths to report
Info (332146): Worst-case minimum pulse width slack is -1.000
    Info (332119):     Slack End Point TNS Clock 
    Info (332119): ========= ============= =====================
    Info (332119):    -1.000       -22.000 VGA_SYNC:inst|vert_sync_out 
    Info (332119):     9.785         0.000 clk 
    Info (332119):    19.742         0.000 inst2|altpll_component|auto_generated|pll1|clk[0] 
Info: Analyzing Fast 1200mV 0C Model
Info (332123): Deriving Clock Uncertainty. Please refer to report_sdc in TimeQuest to see clock uncertainties.
Critical Warning (332148): Timing requirements not met
    Info (11105): For recommendations on closing timing, run Report Timing Closure Recommendations in the TimeQuest Timing Analyzer.
Info (332146): Worst-case setup slack is -2.492
    Info (332119):     Slack End Point TNS Clock 
    Info (332119): ========= ============= =====================
    Info (332119):    -2.492        -7.123 inst2|altpll_component|auto_generated|pll1|clk[0] 
    Info (332119):    -0.350        -3.317 VGA_SYNC:inst|vert_sync_out 
Info (332146): Worst-case hold slack is 0.185
    Info (332119):     Slack End Point TNS Clock 
    Info (332119): ========= ============= =====================
    Info (332119):     0.185         0.000 inst2|altpll_component|auto_generated|pll1|clk[0] 
    Info (332119):     0.221         0.000 VGA_SYNC:inst|vert_sync_out 
Info (332140): No Recovery paths to report
Info (332140): No Removal paths to report
Info (332146): Worst-case minimum pulse width slack is -1.000
    Info (332119):     Slack End Point TNS Clock 
    Info (332119): ========= ============= =====================
    Info (332119):    -1.000       -22.000 VGA_SYNC:inst|vert_sync_out 
    Info (332119):     9.585         0.000 clk 
    Info (332119):    19.749         0.000 inst2|altpll_component|auto_generated|pll1|clk[0] 
Info (332102): Design is not fully constrained for setup requirements
Info (332102): Design is not fully constrained for hold requirements
Info: Quartus II 64-Bit TimeQuest Timing Analyzer was successful. 0 errors, 5 warnings
    Info: Peak virtual memory: 4588 megabytes
    Info: Processing ended: Fri May 13 19:50:36 2022
    Info: Elapsed time: 00:00:02
    Info: Total CPU time (on all processors): 00:00:01


