Fitter report for miniProject
Mon May 16 11:58:03 2022
Quartus II 64-Bit Version 13.0.1 Build 232 06/12/2013 Service Pack 1 SJ Web Edition


---------------------
; Table of Contents ;
---------------------
  1. Legal Notice
  2. Fitter Summary
  3. Fitter Settings
  4. Parallel Compilation
  5. I/O Assignment Warnings
  6. Ignored Assignments
  7. Incremental Compilation Preservation Summary
  8. Incremental Compilation Partition Settings
  9. Incremental Compilation Placement Preservation
 10. Pin-Out File
 11. Fitter Resource Usage Summary
 12. Fitter Partition Statistics
 13. Input Pins
 14. Output Pins
 15. Bidir Pins
 16. Dual Purpose and Dedicated Pins
 17. I/O Bank Usage
 18. All Package Pins
 19. PLL Summary
 20. PLL Usage
 21. Fitter Resource Utilization by Entity
 22. Delay Chain Summary
 23. Pad To Core Delay Chain Fanout
 24. Control Signals
 25. Global & Other Fast Signals
 26. Non-Global High Fan-Out Signals
 27. Fitter RAM Summary
 28. |miniProject|char_rom:inst12|altsyncram:altsyncram_component|altsyncram_kt91:auto_generated|ALTSYNCRAM
 29. Other Routing Usage Summary
 30. LAB Logic Elements
 31. LAB-wide Signals
 32. LAB Signals Sourced
 33. LAB Signals Sourced Out
 34. LAB Distinct Inputs
 35. I/O Rules Summary
 36. I/O Rules Details
 37. I/O Rules Matrix
 38. Fitter Device Options
 39. Operating Settings and Conditions
 40. Estimated Delay Added for Hold Timing Summary
 41. Estimated Delay Added for Hold Timing Details
 42. Fitter Messages
 43. Fitter Suppressed Messages



----------------
; Legal Notice ;
----------------
Copyright (C) 1991-2013 Altera Corporation
Your use of Altera Corporation's design tools, logic functions 
and other software and tools, and its AMPP partner logic 
functions, and any output files from any of the foregoing 
(including device programming or simulation files), and any 
associated documentation or information are expressly subject 
to the terms and conditions of the Altera Program License 
Subscription Agreement, Altera MegaCore Function License 
Agreement, or other applicable license agreement, including, 
without limitation, that your use is for the sole purpose of 
programming logic devices manufactured by Altera and sold by 
Altera or its authorized distributors.  Please refer to the 
applicable agreement for further details.



+--------------------------------------------------------------------------------------+
; Fitter Summary                                                                       ;
+------------------------------------+-------------------------------------------------+
; Fitter Status                      ; Successful - Mon May 16 11:58:03 2022           ;
; Quartus II 64-Bit Version          ; 13.0.1 Build 232 06/12/2013 SP 1 SJ Web Edition ;
; Revision Name                      ; miniProject                                     ;
; Top-level Entity Name              ; miniProject                                     ;
; Family                             ; Cyclone III                                     ;
; Device                             ; EP3C16F484C6                                    ;
; Timing Models                      ; Final                                           ;
; Total logic elements               ; 703 / 15,408 ( 5 % )                            ;
;     Total combinational functions  ; 638 / 15,408 ( 4 % )                            ;
;     Dedicated logic registers      ; 282 / 15,408 ( 2 % )                            ;
; Total registers                    ; 282                                             ;
; Total pins                         ; 56 / 347 ( 16 % )                               ;
; Total virtual pins                 ; 0                                               ;
; Total memory bits                  ; 4,096 / 516,096 ( < 1 % )                       ;
; Embedded Multiplier 9-bit elements ; 0 / 112 ( 0 % )                                 ;
; Total PLLs                         ; 1 / 4 ( 25 % )                                  ;
+------------------------------------+-------------------------------------------------+


+------------------------------------------------------------------------------------------------------------------------------------------------------------+
; Fitter Settings                                                                                                                                            ;
+----------------------------------------------------------------------------+---------------------------------------+---------------------------------------+
; Option                                                                     ; Setting                               ; Default Value                         ;
+----------------------------------------------------------------------------+---------------------------------------+---------------------------------------+
; Device                                                                     ; EP3C16F484C6                          ;                                       ;
; Nominal Core Supply Voltage                                                ; 1.2V                                  ;                                       ;
; Minimum Core Junction Temperature                                          ; 0                                     ;                                       ;
; Maximum Core Junction Temperature                                          ; 85                                    ;                                       ;
; Fit Attempts to Skip                                                       ; 0                                     ; 0.0                                   ;
; Device I/O Standard                                                        ; 2.5 V                                 ;                                       ;
; Use smart compilation                                                      ; Off                                   ; Off                                   ;
; Enable parallel Assembler and TimeQuest Timing Analyzer during compilation ; On                                    ; On                                    ;
; Enable compact report table                                                ; Off                                   ; Off                                   ;
; Auto Merge PLLs                                                            ; On                                    ; On                                    ;
; Router Timing Optimization Level                                           ; Normal                                ; Normal                                ;
; Perform Clocking Topology Analysis During Routing                          ; Off                                   ; Off                                   ;
; Placement Effort Multiplier                                                ; 1.0                                   ; 1.0                                   ;
; Router Effort Multiplier                                                   ; 1.0                                   ; 1.0                                   ;
; Optimize Hold Timing                                                       ; All Paths                             ; All Paths                             ;
; Optimize Multi-Corner Timing                                               ; On                                    ; On                                    ;
; PowerPlay Power Optimization                                               ; Normal compilation                    ; Normal compilation                    ;
; SSN Optimization                                                           ; Off                                   ; Off                                   ;
; Optimize Timing                                                            ; Normal compilation                    ; Normal compilation                    ;
; Optimize Timing for ECOs                                                   ; Off                                   ; Off                                   ;
; Regenerate full fit report during ECO compiles                             ; Off                                   ; Off                                   ;
; Optimize IOC Register Placement for Timing                                 ; Normal                                ; Normal                                ;
; Limit to One Fitting Attempt                                               ; Off                                   ; Off                                   ;
; Final Placement Optimizations                                              ; Automatically                         ; Automatically                         ;
; Fitter Aggressive Routability Optimizations                                ; Automatically                         ; Automatically                         ;
; Fitter Initial Placement Seed                                              ; 1                                     ; 1                                     ;
; PCI I/O                                                                    ; Off                                   ; Off                                   ;
; Weak Pull-Up Resistor                                                      ; Off                                   ; Off                                   ;
; Enable Bus-Hold Circuitry                                                  ; Off                                   ; Off                                   ;
; Auto Packed Registers                                                      ; Auto                                  ; Auto                                  ;
; Auto Delay Chains                                                          ; On                                    ; On                                    ;
; Auto Delay Chains for High Fanout Input Pins                               ; Off                                   ; Off                                   ;
; Allow Single-ended Buffer for Differential-XSTL Input                      ; Off                                   ; Off                                   ;
; Treat Bidirectional Pin as Output Pin                                      ; Off                                   ; Off                                   ;
; Perform Physical Synthesis for Combinational Logic for Fitting             ; Off                                   ; Off                                   ;
; Perform Physical Synthesis for Combinational Logic for Performance         ; Off                                   ; Off                                   ;
; Perform Register Duplication for Performance                               ; Off                                   ; Off                                   ;
; Perform Logic to Memory Mapping for Fitting                                ; Off                                   ; Off                                   ;
; Perform Register Retiming for Performance                                  ; Off                                   ; Off                                   ;
; Perform Asynchronous Signal Pipelining                                     ; Off                                   ; Off                                   ;
; Fitter Effort                                                              ; Auto Fit                              ; Auto Fit                              ;
; Physical Synthesis Effort Level                                            ; Normal                                ; Normal                                ;
; Logic Cell Insertion - Logic Duplication                                   ; Auto                                  ; Auto                                  ;
; Auto Register Duplication                                                  ; Auto                                  ; Auto                                  ;
; Auto Global Clock                                                          ; On                                    ; On                                    ;
; Auto Global Register Control Signals                                       ; On                                    ; On                                    ;
; Reserve all unused pins                                                    ; As input tri-stated with weak pull-up ; As input tri-stated with weak pull-up ;
; Synchronizer Identification                                                ; Off                                   ; Off                                   ;
; Enable Beneficial Skew Optimization                                        ; On                                    ; On                                    ;
; Optimize Design for Metastability                                          ; On                                    ; On                                    ;
; Force Fitter to Avoid Periphery Placement Warnings                         ; Off                                   ; Off                                   ;
; RAM Bit Reservation (Cyclone III)                                          ; Off                                   ; Off                                   ;
; Enable input tri-state on active configuration pins in user mode           ; Off                                   ; Off                                   ;
+----------------------------------------------------------------------------+---------------------------------------+---------------------------------------+


Parallel compilation was disabled, but you have multiple processors available. Enable parallel compilation to reduce compilation time.
+-------------------------------------+
; Parallel Compilation                ;
+----------------------------+--------+
; Processors                 ; Number ;
+----------------------------+--------+
; Number detected on machine ; 8      ;
; Maximum allowed            ; 1      ;
+----------------------------+--------+


+---------------------------------------------------------------+
; I/O Assignment Warnings                                       ;
+------------------------+--------------------------------------+
; Pin Name               ; Reason                               ;
+------------------------+--------------------------------------+
; red_out                ; Missing drive strength and slew rate ;
; green_out              ; Missing drive strength and slew rate ;
; blue_out               ; Missing drive strength and slew rate ;
; horiz_sync_out         ; Missing drive strength and slew rate ;
; vert_sync_out          ; Missing drive strength and slew rate ;
; right_button           ; Missing drive strength and slew rate ;
; mouse_cursor_column[9] ; Missing drive strength and slew rate ;
; mouse_cursor_column[8] ; Missing drive strength and slew rate ;
; mouse_cursor_column[7] ; Missing drive strength and slew rate ;
; mouse_cursor_column[6] ; Missing drive strength and slew rate ;
; mouse_cursor_column[5] ; Missing drive strength and slew rate ;
; mouse_cursor_column[4] ; Missing drive strength and slew rate ;
; mouse_cursor_column[3] ; Missing drive strength and slew rate ;
; mouse_cursor_column[2] ; Missing drive strength and slew rate ;
; mouse_cursor_column[1] ; Missing drive strength and slew rate ;
; mouse_cursor_column[0] ; Missing drive strength and slew rate ;
; mouse_cursor_row[9]    ; Missing drive strength and slew rate ;
; mouse_cursor_row[8]    ; Missing drive strength and slew rate ;
; mouse_cursor_row[7]    ; Missing drive strength and slew rate ;
; mouse_cursor_row[6]    ; Missing drive strength and slew rate ;
; mouse_cursor_row[5]    ; Missing drive strength and slew rate ;
; mouse_cursor_row[4]    ; Missing drive strength and slew rate ;
; mouse_cursor_row[3]    ; Missing drive strength and slew rate ;
; mouse_cursor_row[2]    ; Missing drive strength and slew rate ;
; mouse_cursor_row[1]    ; Missing drive strength and slew rate ;
; mouse_cursor_row[0]    ; Missing drive strength and slew rate ;
; seg0[7]                ; Missing drive strength and slew rate ;
; seg0[6]                ; Missing drive strength and slew rate ;
; seg0[5]                ; Missing drive strength and slew rate ;
; seg0[4]                ; Missing drive strength and slew rate ;
; seg0[3]                ; Missing drive strength and slew rate ;
; seg0[2]                ; Missing drive strength and slew rate ;
; seg0[1]                ; Missing drive strength and slew rate ;
; seg0[0]                ; Missing drive strength and slew rate ;
; seg1[7]                ; Missing drive strength and slew rate ;
; seg1[6]                ; Missing drive strength and slew rate ;
; seg1[5]                ; Missing drive strength and slew rate ;
; seg1[4]                ; Missing drive strength and slew rate ;
; seg1[3]                ; Missing drive strength and slew rate ;
; seg1[2]                ; Missing drive strength and slew rate ;
; seg1[1]                ; Missing drive strength and slew rate ;
; seg1[0]                ; Missing drive strength and slew rate ;
; seg2[7]                ; Missing drive strength and slew rate ;
; seg2[6]                ; Missing drive strength and slew rate ;
; seg2[5]                ; Missing drive strength and slew rate ;
; seg2[4]                ; Missing drive strength and slew rate ;
; seg2[3]                ; Missing drive strength and slew rate ;
; seg2[2]                ; Missing drive strength and slew rate ;
; seg2[1]                ; Missing drive strength and slew rate ;
; seg2[0]                ; Missing drive strength and slew rate ;
; mouse_data             ; Missing drive strength and slew rate ;
; mouse_clk              ; Missing drive strength and slew rate ;
+------------------------+--------------------------------------+


+----------------------------------------------------------------------------------------+
; Ignored Assignments                                                                    ;
+----------+----------------+--------------+------------+---------------+----------------+
; Name     ; Ignored Entity ; Ignored From ; Ignored To ; Ignored Value ; Ignored Source ;
+----------+----------------+--------------+------------+---------------+----------------+
; Location ;                ;              ; blue       ; PIN_H6        ; QSF Assignment ;
; Location ;                ;              ; green      ; PIN_H5        ; QSF Assignment ;
; Location ;                ;              ; pb1        ; PIN_G3        ; QSF Assignment ;
; Location ;                ;              ; pb2        ; PIN_F1        ; QSF Assignment ;
; Location ;                ;              ; red        ; PIN_J6        ; QSF Assignment ;
; Location ;                ;              ; sw3        ; PIN_G4        ; QSF Assignment ;
; Location ;                ;              ; sw4        ; PIN_G5        ; QSF Assignment ;
; Location ;                ;              ; sw5        ; PIN_J7        ; QSF Assignment ;
; Location ;                ;              ; sw6        ; PIN_H7        ; QSF Assignment ;
; Location ;                ;              ; sw7        ; PIN_E3        ; QSF Assignment ;
+----------+----------------+--------------+------------+---------------+----------------+


+----------------------------------------------+
; Incremental Compilation Preservation Summary ;
+---------------------+------------------------+
; Type                ; Value                  ;
+---------------------+------------------------+
; Placement (by node) ;                        ;
;     -- Requested    ; 0 / 1056 ( 0.00 % )    ;
;     -- Achieved     ; 0 / 1056 ( 0.00 % )    ;
;                     ;                        ;
; Routing (by net)    ;                        ;
;     -- Requested    ; 0 / 0 ( 0.00 % )       ;
;     -- Achieved     ; 0 / 0 ( 0.00 % )       ;
+---------------------+------------------------+


+----------------------------------------------------------------------------------------------------------------------------------------------------------------------------------------+
; Incremental Compilation Partition Settings                                                                                                                                             ;
+--------------------------------+----------------+-------------------+-------------------------+------------------------+------------------------------+--------------------------------+
; Partition Name                 ; Partition Type ; Netlist Type Used ; Preservation Level Used ; Netlist Type Requested ; Preservation Level Requested ; Contents                       ;
+--------------------------------+----------------+-------------------+-------------------------+------------------------+------------------------------+--------------------------------+
; Top                            ; User-created   ; Source File       ; N/A                     ; Source File            ; N/A                          ;                                ;
; hard_block:auto_generated_inst ; Auto-generated ; Source File       ; N/A                     ; Source File            ; N/A                          ; hard_block:auto_generated_inst ;
+--------------------------------+----------------+-------------------+-------------------------+------------------------+------------------------------+--------------------------------+


+------------------------------------------------------------------------------------------------------------+
; Incremental Compilation Placement Preservation                                                             ;
+--------------------------------+---------+-------------------+-------------------------+-------------------+
; Partition Name                 ; # Nodes ; # Preserved Nodes ; Preservation Level Used ; Netlist Type Used ;
+--------------------------------+---------+-------------------+-------------------------+-------------------+
; Top                            ; 1044    ; 0                 ; N/A                     ; Source File       ;
; hard_block:auto_generated_inst ; 12      ; 0                 ; N/A                     ; Source File       ;
+--------------------------------+---------+-------------------+-------------------------+-------------------+


+--------------+
; Pin-Out File ;
+--------------+
The pin-out file can be found in C:/Users/owene/Desktop/SOFTENG_2022_SEM1/COMPSYS 305/305Project/MiniProject/output_files/miniProject.pin.


+-------------------------------------------------------------------------+
; Fitter Resource Usage Summary                                           ;
+---------------------------------------------+---------------------------+
; Resource                                    ; Usage                     ;
+---------------------------------------------+---------------------------+
; Total logic elements                        ; 703 / 15,408 ( 5 % )      ;
;     -- Combinational with no register       ; 421                       ;
;     -- Register only                        ; 65                        ;
;     -- Combinational with a register        ; 217                       ;
;                                             ;                           ;
; Logic element usage by number of LUT inputs ;                           ;
;     -- 4 input functions                    ; 236                       ;
;     -- 3 input functions                    ; 161                       ;
;     -- <=2 input functions                  ; 241                       ;
;     -- Register only                        ; 65                        ;
;                                             ;                           ;
; Logic elements by mode                      ;                           ;
;     -- normal mode                          ; 420                       ;
;     -- arithmetic mode                      ; 218                       ;
;                                             ;                           ;
; Total registers*                            ; 282 / 17,068 ( 2 % )      ;
;     -- Dedicated logic registers            ; 282 / 15,408 ( 2 % )      ;
;     -- I/O registers                        ; 0 / 1,660 ( 0 % )         ;
;                                             ;                           ;
; Total LABs:  partially or completely used   ; 66 / 963 ( 7 % )          ;
; Virtual pins                                ; 0                         ;
; I/O pins                                    ; 56 / 347 ( 16 % )         ;
;     -- Clock pins                           ; 1 / 8 ( 13 % )            ;
;     -- Dedicated input pins                 ; 0 / 9 ( 0 % )             ;
;                                             ;                           ;
; Global signals                              ; 5                         ;
; M9Ks                                        ; 1 / 56 ( 2 % )            ;
; Total block memory bits                     ; 4,096 / 516,096 ( < 1 % ) ;
; Total block memory implementation bits      ; 9,216 / 516,096 ( 2 % )   ;
; Embedded Multiplier 9-bit elements          ; 0 / 112 ( 0 % )           ;
; PLLs                                        ; 1 / 4 ( 25 % )            ;
; Global clocks                               ; 5 / 20 ( 25 % )           ;
; JTAGs                                       ; 0 / 1 ( 0 % )             ;
; CRC blocks                                  ; 0 / 1 ( 0 % )             ;
; ASMI blocks                                 ; 0 / 1 ( 0 % )             ;
; Impedance control blocks                    ; 0 / 4 ( 0 % )             ;
; Average interconnect usage (total/H/V)      ; 1% / 1% / 1%              ;
; Peak interconnect usage (total/H/V)         ; 4% / 4% / 4%              ;
; Maximum fan-out                             ; 129                       ;
; Highest non-global fan-out                  ; 35                        ;
; Total fan-out                               ; 2876                      ;
; Average fan-out                             ; 2.60                      ;
+---------------------------------------------+---------------------------+
*  Register count does not include registers inside RAM blocks or DSP blocks.



+----------------------------------------------------------------------------------------------------+
; Fitter Partition Statistics                                                                        ;
+---------------------------------------------+---------------------+--------------------------------+
; Statistic                                   ; Top                 ; hard_block:auto_generated_inst ;
+---------------------------------------------+---------------------+--------------------------------+
; Difficulty Clustering Region                ; Low                 ; Low                            ;
;                                             ;                     ;                                ;
; Total logic elements                        ; 703 / 15408 ( 5 % ) ; 0 / 15408 ( 0 % )              ;
;     -- Combinational with no register       ; 421                 ; 0                              ;
;     -- Register only                        ; 65                  ; 0                              ;
;     -- Combinational with a register        ; 217                 ; 0                              ;
;                                             ;                     ;                                ;
; Logic element usage by number of LUT inputs ;                     ;                                ;
;     -- 4 input functions                    ; 236                 ; 0                              ;
;     -- 3 input functions                    ; 161                 ; 0                              ;
;     -- <=2 input functions                  ; 241                 ; 0                              ;
;     -- Register only                        ; 65                  ; 0                              ;
;                                             ;                     ;                                ;
; Logic elements by mode                      ;                     ;                                ;
;     -- normal mode                          ; 420                 ; 0                              ;
;     -- arithmetic mode                      ; 218                 ; 0                              ;
;                                             ;                     ;                                ;
; Total registers                             ; 282                 ; 0                              ;
;     -- Dedicated logic registers            ; 282 / 15408 ( 2 % ) ; 0 / 15408 ( 0 % )              ;
;                                             ;                     ;                                ;
; Total LABs:  partially or completely used   ; 66 / 963 ( 7 % )    ; 0 / 963 ( 0 % )                ;
;                                             ;                     ;                                ;
; Virtual pins                                ; 0                   ; 0                              ;
; I/O pins                                    ; 56                  ; 0                              ;
; Embedded Multiplier 9-bit elements          ; 0 / 112 ( 0 % )     ; 0 / 112 ( 0 % )                ;
; Total memory bits                           ; 4096                ; 0                              ;
; Total RAM block bits                        ; 9216                ; 0                              ;
; PLL                                         ; 0 / 4 ( 0 % )       ; 1 / 4 ( 25 % )                 ;
; M9K                                         ; 1 / 56 ( 1 % )      ; 0 / 56 ( 0 % )                 ;
; Clock control block                         ; 4 / 24 ( 16 % )     ; 1 / 24 ( 4 % )                 ;
;                                             ;                     ;                                ;
; Connections                                 ;                     ;                                ;
;     -- Input Connections                    ; 131                 ; 1                              ;
;     -- Registered Input Connections         ; 128                 ; 0                              ;
;     -- Output Connections                   ; 3                   ; 129                            ;
;     -- Registered Output Connections        ; 0                   ; 0                              ;
;                                             ;                     ;                                ;
; Internal Connections                        ;                     ;                                ;
;     -- Total Connections                    ; 2873                ; 137                            ;
;     -- Registered Connections               ; 1233                ; 0                              ;
;                                             ;                     ;                                ;
; External Connections                        ;                     ;                                ;
;     -- Top                                  ; 4                   ; 130                            ;
;     -- hard_block:auto_generated_inst       ; 130                 ; 0                              ;
;                                             ;                     ;                                ;
; Partition Interface                         ;                     ;                                ;
;     -- Input Ports                          ; 4                   ; 1                              ;
;     -- Output Ports                         ; 50                  ; 1                              ;
;     -- Bidir Ports                          ; 2                   ; 0                              ;
;                                             ;                     ;                                ;
; Registered Ports                            ;                     ;                                ;
;     -- Registered Input Ports               ; 0                   ; 0                              ;
;     -- Registered Output Ports              ; 0                   ; 0                              ;
;                                             ;                     ;                                ;
; Port Connectivity                           ;                     ;                                ;
;     -- Input Ports driven by GND            ; 0                   ; 0                              ;
;     -- Output Ports driven by GND           ; 0                   ; 0                              ;
;     -- Input Ports driven by VCC            ; 0                   ; 0                              ;
;     -- Output Ports driven by VCC           ; 0                   ; 0                              ;
;     -- Input Ports with no Source           ; 0                   ; 0                              ;
;     -- Output Ports with no Source          ; 0                   ; 0                              ;
;     -- Input Ports with no Fanout           ; 0                   ; 0                              ;
;     -- Output Ports with no Fanout          ; 0                   ; 0                              ;
+---------------------------------------------+---------------------+--------------------------------+


+-------------------------------------------------------------------------------------------------------------------------------------------------------------------------------------------------------------------------------------------------------------------------------+
; Input Pins                                                                                                                                                                                                                                                                    ;
+----------+-------+----------+--------------+--------------+--------------+-----------------------+--------------------+--------+----------------+---------------+-----------------+----------+--------------+--------------+---------------------------+----------------------+
; Name     ; Pin # ; I/O Bank ; X coordinate ; Y coordinate ; Z coordinate ; Combinational Fan-Out ; Registered Fan-Out ; Global ; Input Register ; Power Up High ; PCI I/O Enabled ; Bus Hold ; Weak Pull Up ; I/O Standard ; Termination Control Block ; Location assigned by ;
+----------+-------+----------+--------------+--------------+--------------+-----------------------+--------------------+--------+----------------+---------------+-----------------+----------+--------------+--------------+---------------------------+----------------------+
; clk      ; G21   ; 6        ; 41           ; 15           ; 0            ; 1                     ; 0                  ; no     ; no             ; no            ; yes             ; no       ; Off          ; 2.5 V        ; --                        ; User                 ;
; game     ; E4    ; 1        ; 0            ; 26           ; 0            ; 5                     ; 0                  ; no     ; no             ; no            ; yes             ; no       ; Off          ; 2.5 V        ; --                        ; User                 ;
; pb0      ; H2    ; 1        ; 0            ; 21           ; 7            ; 23                    ; 0                  ; no     ; no             ; no            ; yes             ; no       ; Off          ; 2.5 V        ; --                        ; User                 ;
; training ; D2    ; 1        ; 0            ; 25           ; 0            ; 5                     ; 0                  ; no     ; no             ; no            ; yes             ; no       ; Off          ; 2.5 V        ; --                        ; User                 ;
+----------+-------+----------+--------------+--------------+--------------+-----------------------+--------------------+--------+----------------+---------------+-----------------+----------+--------------+--------------+---------------------------+----------------------+


+-------------------------------------------------------------------------------------------------------------------------------------------------------------------------------------------------------------------------------------------------------------------------------------------------------------------------------------------------------------------------------------------------------------------------------------------------------------------------+
; Output Pins                                                                                                                                                                                                                                                                                                                                                                                                                                                             ;
+------------------------+-------+----------+--------------+--------------+--------------+-----------------+------------------------+---------------+-----------+-----------------+------------+---------------+----------+--------------+--------------+------------------+-----------------------------------+---------------------------+----------------------------+-----------------------------+----------------------+----------------------+---------------------+
; Name                   ; Pin # ; I/O Bank ; X coordinate ; Y coordinate ; Z coordinate ; Output Register ; Output Enable Register ; Power Up High ; Slew Rate ; PCI I/O Enabled ; Open Drain ; TRI Primitive ; Bus Hold ; Weak Pull Up ; I/O Standard ; Current Strength ; Termination                       ; Termination Control Block ; Output Buffer Pre-emphasis ; Voltage Output Differential ; Location assigned by ; Output Enable Source ; Output Enable Group ;
+------------------------+-------+----------+--------------+--------------+--------------+-----------------+------------------------+---------------+-----------+-----------------+------------+---------------+----------+--------------+--------------+------------------+-----------------------------------+---------------------------+----------------------------+-----------------------------+----------------------+----------------------+---------------------+
; blue_out               ; K21   ; 6        ; 41           ; 19           ; 7            ; no              ; no                     ; no            ; 2         ; no              ; no         ; no            ; no       ; Off          ; 2.5 V        ; Default          ; Series 50 Ohm without Calibration ; --                        ; no                         ; no                          ; User                 ; -                    ; -                   ;
; green_out              ; J17   ; 6        ; 41           ; 24           ; 21           ; no              ; no                     ; no            ; 2         ; no              ; no         ; no            ; no       ; Off          ; 2.5 V        ; Default          ; Series 50 Ohm without Calibration ; --                        ; no                         ; no                          ; User                 ; -                    ; -                   ;
; horiz_sync_out         ; L21   ; 6        ; 41           ; 18           ; 14           ; no              ; no                     ; no            ; 2         ; no              ; no         ; no            ; no       ; Off          ; 2.5 V        ; Default          ; Series 50 Ohm without Calibration ; --                        ; no                         ; no                          ; User                 ; -                    ; -                   ;
; mouse_cursor_column[0] ; N22   ; 5        ; 41           ; 13           ; 14           ; no              ; no                     ; no            ; 2         ; no              ; no         ; no            ; no       ; Off          ; 2.5 V        ; Default          ; Series 50 Ohm without Calibration ; --                        ; no                         ; no                          ; Fitter               ; -                    ; -                   ;
; mouse_cursor_column[1] ; F22   ; 6        ; 41           ; 22           ; 21           ; no              ; no                     ; no            ; 2         ; no              ; no         ; no            ; no       ; Off          ; 2.5 V        ; Default          ; Series 50 Ohm without Calibration ; --                        ; no                         ; no                          ; Fitter               ; -                    ; -                   ;
; mouse_cursor_column[2] ; M21   ; 5        ; 41           ; 14           ; 21           ; no              ; no                     ; no            ; 2         ; no              ; no         ; no            ; no       ; Off          ; 2.5 V        ; Default          ; Series 50 Ohm without Calibration ; --                        ; no                         ; no                          ; Fitter               ; -                    ; -                   ;
; mouse_cursor_column[3] ; J22   ; 6        ; 41           ; 19           ; 0            ; no              ; no                     ; no            ; 2         ; no              ; no         ; no            ; no       ; Off          ; 2.5 V        ; Default          ; Series 50 Ohm without Calibration ; --                        ; no                         ; no                          ; Fitter               ; -                    ; -                   ;
; mouse_cursor_column[4] ; K18   ; 6        ; 41           ; 21           ; 7            ; no              ; no                     ; no            ; 2         ; no              ; no         ; no            ; no       ; Off          ; 2.5 V        ; Default          ; Series 50 Ohm without Calibration ; --                        ; no                         ; no                          ; Fitter               ; -                    ; -                   ;
; mouse_cursor_column[5] ; H21   ; 6        ; 41           ; 21           ; 21           ; no              ; no                     ; no            ; 2         ; no              ; no         ; no            ; no       ; Off          ; 2.5 V        ; Default          ; Series 50 Ohm without Calibration ; --                        ; no                         ; no                          ; Fitter               ; -                    ; -                   ;
; mouse_cursor_column[6] ; L15   ; 6        ; 41           ; 17           ; 0            ; no              ; no                     ; no            ; 2         ; no              ; no         ; no            ; no       ; Off          ; 2.5 V        ; Default          ; Series 50 Ohm without Calibration ; --                        ; no                         ; no                          ; Fitter               ; -                    ; -                   ;
; mouse_cursor_column[7] ; K19   ; 6        ; 41           ; 18           ; 0            ; no              ; no                     ; no            ; 2         ; no              ; no         ; no            ; no       ; Off          ; 2.5 V        ; Default          ; Series 50 Ohm without Calibration ; --                        ; no                         ; no                          ; Fitter               ; -                    ; -                   ;
; mouse_cursor_column[8] ; M20   ; 5        ; 41           ; 14           ; 14           ; no              ; no                     ; no            ; 2         ; no              ; no         ; no            ; no       ; Off          ; 2.5 V        ; Default          ; Series 50 Ohm without Calibration ; --                        ; no                         ; no                          ; Fitter               ; -                    ; -                   ;
; mouse_cursor_column[9] ; J15   ; 6        ; 41           ; 19           ; 21           ; no              ; no                     ; no            ; 2         ; no              ; no         ; no            ; no       ; Off          ; 2.5 V        ; Default          ; Series 50 Ohm without Calibration ; --                        ; no                         ; no                          ; Fitter               ; -                    ; -                   ;
; mouse_cursor_row[0]    ; K15   ; 6        ; 41           ; 18           ; 7            ; no              ; no                     ; no            ; 2         ; no              ; no         ; no            ; no       ; Off          ; 2.5 V        ; Default          ; Series 50 Ohm without Calibration ; --                        ; no                         ; no                          ; Fitter               ; -                    ; -                   ;
; mouse_cursor_row[1]    ; J18   ; 6        ; 41           ; 21           ; 0            ; no              ; no                     ; no            ; 2         ; no              ; no         ; no            ; no       ; Off          ; 2.5 V        ; Default          ; Series 50 Ohm without Calibration ; --                        ; no                         ; no                          ; Fitter               ; -                    ; -                   ;
; mouse_cursor_row[2]    ; K16   ; 6        ; 41           ; 20           ; 7            ; no              ; no                     ; no            ; 2         ; no              ; no         ; no            ; no       ; Off          ; 2.5 V        ; Default          ; Series 50 Ohm without Calibration ; --                        ; no                         ; no                          ; Fitter               ; -                    ; -                   ;
; mouse_cursor_row[3]    ; H22   ; 6        ; 41           ; 20           ; 0            ; no              ; no                     ; no            ; 2         ; no              ; no         ; no            ; no       ; Off          ; 2.5 V        ; Default          ; Series 50 Ohm without Calibration ; --                        ; no                         ; no                          ; Fitter               ; -                    ; -                   ;
; mouse_cursor_row[4]    ; L16   ; 6        ; 41           ; 17           ; 7            ; no              ; no                     ; no            ; 2         ; no              ; no         ; no            ; no       ; Off          ; 2.5 V        ; Default          ; Series 50 Ohm without Calibration ; --                        ; no                         ; no                          ; Fitter               ; -                    ; -                   ;
; mouse_cursor_row[5]    ; J16   ; 6        ; 41           ; 20           ; 14           ; no              ; no                     ; no            ; 2         ; no              ; no         ; no            ; no       ; Off          ; 2.5 V        ; Default          ; Series 50 Ohm without Calibration ; --                        ; no                         ; no                          ; Fitter               ; -                    ; -                   ;
; mouse_cursor_row[6]    ; C15   ; 7        ; 28           ; 29           ; 7            ; no              ; no                     ; no            ; 2         ; no              ; no         ; no            ; no       ; Off          ; 2.5 V        ; Default          ; Series 50 Ohm without Calibration ; --                        ; no                         ; no                          ; Fitter               ; -                    ; -                   ;
; mouse_cursor_row[7]    ; J21   ; 6        ; 41           ; 20           ; 21           ; no              ; no                     ; no            ; 2         ; no              ; no         ; no            ; no       ; Off          ; 2.5 V        ; Default          ; Series 50 Ohm without Calibration ; --                        ; no                         ; no                          ; Fitter               ; -                    ; -                   ;
; mouse_cursor_row[8]    ; G13   ; 7        ; 30           ; 29           ; 7            ; no              ; no                     ; no            ; 2         ; no              ; no         ; no            ; no       ; Off          ; 2.5 V        ; Default          ; Series 50 Ohm without Calibration ; --                        ; no                         ; no                          ; Fitter               ; -                    ; -                   ;
; mouse_cursor_row[9]    ; N15   ; 5        ; 41           ; 7            ; 14           ; no              ; no                     ; no            ; 2         ; no              ; no         ; no            ; no       ; Off          ; 2.5 V        ; Default          ; Series 50 Ohm without Calibration ; --                        ; no                         ; no                          ; Fitter               ; -                    ; -                   ;
; red_out                ; H17   ; 6        ; 41           ; 25           ; 0            ; no              ; no                     ; no            ; 2         ; no              ; no         ; no            ; no       ; Off          ; 2.5 V        ; Default          ; Series 50 Ohm without Calibration ; --                        ; no                         ; no                          ; User                 ; -                    ; -                   ;
; right_button           ; M19   ; 5        ; 41           ; 14           ; 7            ; no              ; no                     ; no            ; 2         ; no              ; no         ; no            ; no       ; Off          ; 2.5 V        ; Default          ; Series 50 Ohm without Calibration ; --                        ; no                         ; no                          ; Fitter               ; -                    ; -                   ;
; seg0[0]                ; E11   ; 7        ; 21           ; 29           ; 21           ; no              ; no                     ; no            ; 2         ; no              ; no         ; no            ; no       ; Off          ; 2.5 V        ; Default          ; Series 50 Ohm without Calibration ; --                        ; no                         ; no                          ; User                 ; -                    ; -                   ;
; seg0[1]                ; F11   ; 7        ; 21           ; 29           ; 28           ; no              ; no                     ; no            ; 2         ; no              ; no         ; no            ; no       ; Off          ; 2.5 V        ; Default          ; Series 50 Ohm without Calibration ; --                        ; no                         ; no                          ; User                 ; -                    ; -                   ;
; seg0[2]                ; H12   ; 7        ; 26           ; 29           ; 0            ; no              ; no                     ; no            ; 2         ; no              ; no         ; no            ; no       ; Off          ; 2.5 V        ; Default          ; Series 50 Ohm without Calibration ; --                        ; no                         ; no                          ; User                 ; -                    ; -                   ;
; seg0[3]                ; H13   ; 7        ; 28           ; 29           ; 28           ; no              ; no                     ; no            ; 2         ; no              ; no         ; no            ; no       ; Off          ; 2.5 V        ; Default          ; Series 50 Ohm without Calibration ; --                        ; no                         ; no                          ; User                 ; -                    ; -                   ;
; seg0[4]                ; G12   ; 7        ; 26           ; 29           ; 7            ; no              ; no                     ; no            ; 2         ; no              ; no         ; no            ; no       ; Off          ; 2.5 V        ; Default          ; Series 50 Ohm without Calibration ; --                        ; no                         ; no                          ; User                 ; -                    ; -                   ;
; seg0[5]                ; F12   ; 7        ; 28           ; 29           ; 21           ; no              ; no                     ; no            ; 2         ; no              ; no         ; no            ; no       ; Off          ; 2.5 V        ; Default          ; Series 50 Ohm without Calibration ; --                        ; no                         ; no                          ; User                 ; -                    ; -                   ;
; seg0[6]                ; F13   ; 7        ; 26           ; 29           ; 14           ; no              ; no                     ; no            ; 2         ; no              ; no         ; no            ; no       ; Off          ; 2.5 V        ; Default          ; Series 50 Ohm without Calibration ; --                        ; no                         ; no                          ; User                 ; -                    ; -                   ;
; seg0[7]                ; D13   ; 7        ; 23           ; 29           ; 7            ; no              ; no                     ; no            ; 2         ; no              ; no         ; no            ; no       ; Off          ; 2.5 V        ; Default          ; Series 50 Ohm without Calibration ; --                        ; no                         ; no                          ; User                 ; -                    ; -                   ;
; seg1[0]                ; A13   ; 7        ; 21           ; 29           ; 0            ; no              ; no                     ; no            ; 2         ; no              ; no         ; no            ; no       ; Off          ; 2.5 V        ; Default          ; Series 50 Ohm without Calibration ; --                        ; no                         ; no                          ; User                 ; -                    ; -                   ;
; seg1[1]                ; B13   ; 7        ; 21           ; 29           ; 7            ; no              ; no                     ; no            ; 2         ; no              ; no         ; no            ; no       ; Off          ; 2.5 V        ; Default          ; Series 50 Ohm without Calibration ; --                        ; no                         ; no                          ; User                 ; -                    ; -                   ;
; seg1[2]                ; C13   ; 7        ; 23           ; 29           ; 0            ; no              ; no                     ; no            ; 2         ; no              ; no         ; no            ; no       ; Off          ; 2.5 V        ; Default          ; Series 50 Ohm without Calibration ; --                        ; no                         ; no                          ; User                 ; -                    ; -                   ;
; seg1[3]                ; A14   ; 7        ; 23           ; 29           ; 21           ; no              ; no                     ; no            ; 2         ; no              ; no         ; no            ; no       ; Off          ; 2.5 V        ; Default          ; Series 50 Ohm without Calibration ; --                        ; no                         ; no                          ; User                 ; -                    ; -                   ;
; seg1[4]                ; B14   ; 7        ; 23           ; 29           ; 28           ; no              ; no                     ; no            ; 2         ; no              ; no         ; no            ; no       ; Off          ; 2.5 V        ; Default          ; Series 50 Ohm without Calibration ; --                        ; no                         ; no                          ; User                 ; -                    ; -                   ;
; seg1[5]                ; E14   ; 7        ; 28           ; 29           ; 14           ; no              ; no                     ; no            ; 2         ; no              ; no         ; no            ; no       ; Off          ; 2.5 V        ; Default          ; Series 50 Ohm without Calibration ; --                        ; no                         ; no                          ; User                 ; -                    ; -                   ;
; seg1[6]                ; A15   ; 7        ; 26           ; 29           ; 21           ; no              ; no                     ; no            ; 2         ; no              ; no         ; no            ; no       ; Off          ; 2.5 V        ; Default          ; Series 50 Ohm without Calibration ; --                        ; no                         ; no                          ; User                 ; -                    ; -                   ;
; seg1[7]                ; B15   ; 7        ; 26           ; 29           ; 28           ; no              ; no                     ; no            ; 2         ; no              ; no         ; no            ; no       ; Off          ; 2.5 V        ; Default          ; Series 50 Ohm without Calibration ; --                        ; no                         ; no                          ; User                 ; -                    ; -                   ;
; seg2[0]                ; D15   ; 7        ; 32           ; 29           ; 28           ; no              ; no                     ; no            ; 2         ; no              ; no         ; no            ; no       ; Off          ; 2.5 V        ; Default          ; Series 50 Ohm without Calibration ; --                        ; no                         ; no                          ; User                 ; -                    ; -                   ;
; seg2[1]                ; A16   ; 7        ; 30           ; 29           ; 28           ; no              ; no                     ; no            ; 2         ; no              ; no         ; no            ; no       ; Off          ; 2.5 V        ; Default          ; Series 50 Ohm without Calibration ; --                        ; no                         ; no                          ; User                 ; -                    ; -                   ;
; seg2[2]                ; B16   ; 7        ; 28           ; 29           ; 0            ; no              ; no                     ; no            ; 2         ; no              ; no         ; no            ; no       ; Off          ; 2.5 V        ; Default          ; Series 50 Ohm without Calibration ; --                        ; no                         ; no                          ; User                 ; -                    ; -                   ;
; seg2[3]                ; E15   ; 7        ; 30           ; 29           ; 0            ; no              ; no                     ; no            ; 2         ; no              ; no         ; no            ; no       ; Off          ; 2.5 V        ; Default          ; Series 50 Ohm without Calibration ; --                        ; no                         ; no                          ; User                 ; -                    ; -                   ;
; seg2[4]                ; A17   ; 7        ; 30           ; 29           ; 14           ; no              ; no                     ; no            ; 2         ; no              ; no         ; no            ; no       ; Off          ; 2.5 V        ; Default          ; Series 50 Ohm without Calibration ; --                        ; no                         ; no                          ; User                 ; -                    ; -                   ;
; seg2[5]                ; B17   ; 7        ; 30           ; 29           ; 21           ; no              ; no                     ; no            ; 2         ; no              ; no         ; no            ; no       ; Off          ; 2.5 V        ; Default          ; Series 50 Ohm without Calibration ; --                        ; no                         ; no                          ; User                 ; -                    ; -                   ;
; seg2[6]                ; F14   ; 7        ; 37           ; 29           ; 0            ; no              ; no                     ; no            ; 2         ; no              ; no         ; no            ; no       ; Off          ; 2.5 V        ; Default          ; Series 50 Ohm without Calibration ; --                        ; no                         ; no                          ; User                 ; -                    ; -                   ;
; seg2[7]                ; A18   ; 7        ; 32           ; 29           ; 14           ; no              ; no                     ; no            ; 2         ; no              ; no         ; no            ; no       ; Off          ; 2.5 V        ; Default          ; Series 50 Ohm without Calibration ; --                        ; no                         ; no                          ; User                 ; -                    ; -                   ;
; vert_sync_out          ; L22   ; 6        ; 41           ; 18           ; 21           ; no              ; no                     ; no            ; 2         ; no              ; no         ; no            ; no       ; Off          ; 2.5 V        ; Default          ; Series 50 Ohm without Calibration ; --                        ; no                         ; no                          ; User                 ; -                    ; -                   ;
+------------------------+-------+----------+--------------+--------------+--------------+-----------------+------------------------+---------------+-----------+-----------------+------------+---------------+----------+--------------+--------------+------------------+-----------------------------------+---------------------------+----------------------------+-----------------------------+----------------------+----------------------+---------------------+


+------------------------------------------------------------------------------------------------------------------------------------------------------------------------------------------------------------------------------------------------------------------------------------------------------------------------------------------------------------------------------------------------------------------------------------------------------------------------------------------------+
; Bidir Pins                                                                                                                                                                                                                                                                                                                                                                                                                                                                                     ;
+------------+-------+----------+--------------+--------------+--------------+-----------------------+--------------------+--------+----------------+-----------------+------------------------+---------------+-----------+-----------------+------------+----------+--------------+--------------+------------------+-----------------------------------+---------------------------+----------------------+------+------------------------------------------------------+---------------------+
; Name       ; Pin # ; I/O Bank ; X coordinate ; Y coordinate ; Z coordinate ; Combinational Fan-Out ; Registered Fan-Out ; Global ; Input Register ; Output Register ; Output Enable Register ; Power Up High ; Slew Rate ; PCI I/O Enabled ; Open Drain ; Bus Hold ; Weak Pull Up ; I/O Standard ; Current Strength ; Output Termination                ; Termination Control Block ; Location assigned by ; Load ; Output Enable Source                                 ; Output Enable Group ;
+------------+-------+----------+--------------+--------------+--------------+-----------------------+--------------------+--------+----------------+-----------------+------------------------+---------------+-----------+-----------------+------------+----------+--------------+--------------+------------------+-----------------------------------+---------------------------+----------------------+------+------------------------------------------------------+---------------------+
; mouse_clk  ; P22   ; 5        ; 41           ; 11           ; 0            ; 1                     ; 0                  ; no     ; no             ; no              ; no                     ; no            ; 2         ; yes             ; no         ; no       ; Off          ; 2.5 V        ; Default          ; Series 50 Ohm without Calibration ; --                        ; User                 ; 0 pF ; MOUSE:inst5|WideOr4 (inverted)                       ; -                   ;
; mouse_data ; P21   ; 5        ; 41           ; 12           ; 21           ; 4                     ; 0                  ; no     ; no             ; no              ; no                     ; no            ; 2         ; yes             ; no         ; no       ; Off          ; 2.5 V        ; Default          ; Series 50 Ohm without Calibration ; --                        ; User                 ; 0 pF ; MOUSE:inst5|mouse_state.WAIT_OUTPUT_READY (inverted) ; -                   ;
+------------+-------+----------+--------------+--------------+--------------+-----------------------+--------------------+--------+----------------+-----------------+------------------------+---------------+-----------+-----------------+------------+----------+--------------+--------------+------------------+-----------------------------------+---------------------------+----------------------+------+------------------------------------------------------+---------------------+


+------------------------------------------------------------------------------------------------------------------------------------+
; Dual Purpose and Dedicated Pins                                                                                                    ;
+----------+----------------------------------------+--------------------------+-------------------------+---------------------------+
; Location ; Pin Name                               ; Reserved As              ; User Signal Name        ; Pin Type                  ;
+----------+----------------------------------------+--------------------------+-------------------------+---------------------------+
; E4       ; DIFFIO_L2p, nRESET                     ; Use as regular IO        ; game                    ; Dual Purpose Pin          ;
; D1       ; DIFFIO_L4n, DATA1, ASDO                ; As input tri-stated      ; ~ALTERA_ASDO_DATA1~     ; Dual Purpose Pin          ;
; E2       ; DIFFIO_L6p, FLASH_nCE, nCSO            ; As input tri-stated      ; ~ALTERA_FLASH_nCE_nCSO~ ; Dual Purpose Pin          ;
; K6       ; nSTATUS                                ; -                        ; -                       ; Dedicated Programming Pin ;
; K2       ; DCLK                                   ; As output driving ground ; ~ALTERA_DCLK~           ; Dual Purpose Pin          ;
; K1       ; DATA0                                  ; As input tri-stated      ; ~ALTERA_DATA0~          ; Dual Purpose Pin          ;
; K5       ; nCONFIG                                ; -                        ; -                       ; Dedicated Programming Pin ;
; L3       ; nCE                                    ; -                        ; -                       ; Dedicated Programming Pin ;
; N22      ; DIFFIO_R21n, DEV_OE                    ; Use as regular IO        ; mouse_cursor_column[0]  ; Dual Purpose Pin          ;
; M18      ; CONF_DONE                              ; -                        ; -                       ; Dedicated Programming Pin ;
; M17      ; MSEL0                                  ; -                        ; -                       ; Dedicated Programming Pin ;
; L18      ; MSEL1                                  ; -                        ; -                       ; Dedicated Programming Pin ;
; L17      ; MSEL2                                  ; -                        ; -                       ; Dedicated Programming Pin ;
; K20      ; MSEL3                                  ; -                        ; -                       ; Dedicated Programming Pin ;
; L22      ; DIFFIO_R17n, INIT_DONE                 ; Use as regular IO        ; vert_sync_out           ; Dual Purpose Pin          ;
; L21      ; DIFFIO_R17p, CRC_ERROR                 ; Use as regular IO        ; horiz_sync_out          ; Dual Purpose Pin          ;
; K22      ; DIFFIO_R16n, nCEO                      ; Use as programming pin   ; ~ALTERA_nCEO~           ; Dual Purpose Pin          ;
; K21      ; DIFFIO_R16p, CLKUSR                    ; Use as regular IO        ; blue_out                ; Dual Purpose Pin          ;
; A17      ; DIFFIO_T25n, PADD1                     ; Use as regular IO        ; seg2[4]                 ; Dual Purpose Pin          ;
; B17      ; DIFFIO_T25p, PADD2                     ; Use as regular IO        ; seg2[5]                 ; Dual Purpose Pin          ;
; E14      ; DIFFIO_T23n, PADD3                     ; Use as regular IO        ; seg1[5]                 ; Dual Purpose Pin          ;
; F13      ; DIFFIO_T21p, PADD4, DQS2T/CQ3T,DPCLK8  ; Use as regular IO        ; seg0[6]                 ; Dual Purpose Pin          ;
; A15      ; DIFFIO_T20n, PADD5                     ; Use as regular IO        ; seg1[6]                 ; Dual Purpose Pin          ;
; B15      ; DIFFIO_T20p, PADD6                     ; Use as regular IO        ; seg1[7]                 ; Dual Purpose Pin          ;
; C13      ; DIFFIO_T19n, PADD7                     ; Use as regular IO        ; seg1[2]                 ; Dual Purpose Pin          ;
; D13      ; DIFFIO_T19p, PADD8                     ; Use as regular IO        ; seg0[7]                 ; Dual Purpose Pin          ;
; A14      ; DIFFIO_T18n, PADD9                     ; Use as regular IO        ; seg1[3]                 ; Dual Purpose Pin          ;
; B14      ; DIFFIO_T18p, PADD10                    ; Use as regular IO        ; seg1[4]                 ; Dual Purpose Pin          ;
; A13      ; DIFFIO_T17n, PADD11                    ; Use as regular IO        ; seg1[0]                 ; Dual Purpose Pin          ;
; B13      ; DIFFIO_T17p, PADD12, DQS4T/CQ5T,DPCLK9 ; Use as regular IO        ; seg1[1]                 ; Dual Purpose Pin          ;
; E11      ; DIFFIO_T16n, PADD13                    ; Use as regular IO        ; seg0[0]                 ; Dual Purpose Pin          ;
; F11      ; DIFFIO_T16p, PADD14                    ; Use as regular IO        ; seg0[1]                 ; Dual Purpose Pin          ;
+----------+----------------------------------------+--------------------------+-------------------------+---------------------------+


+------------------------------------------------------------+
; I/O Bank Usage                                             ;
+----------+------------------+---------------+--------------+
; I/O Bank ; Usage            ; VCCIO Voltage ; VREF Voltage ;
+----------+------------------+---------------+--------------+
; 1        ; 7 / 33 ( 21 % )  ; 2.5V          ; --           ;
; 2        ; 0 / 48 ( 0 % )   ; 2.5V          ; --           ;
; 3        ; 0 / 46 ( 0 % )   ; 2.5V          ; --           ;
; 4        ; 0 / 41 ( 0 % )   ; 2.5V          ; --           ;
; 5        ; 7 / 46 ( 15 % )  ; 2.5V          ; --           ;
; 6        ; 21 / 43 ( 49 % ) ; 2.5V          ; --           ;
; 7        ; 26 / 47 ( 55 % ) ; 2.5V          ; --           ;
; 8        ; 0 / 43 ( 0 % )   ; 2.5V          ; --           ;
+----------+------------------+---------------+--------------+


+-----------------------------------------------------------------------------------------------------------------------------------------------------------------------------------------+
; All Package Pins                                                                                                                                                                        ;
+----------+------------+----------+-----------------------------------------------------------+--------+--------------+---------+------------+-----------------+----------+--------------+
; Location ; Pad Number ; I/O Bank ; Pin Name/Usage                                            ; Dir.   ; I/O Standard ; Voltage ; I/O Type   ; User Assignment ; Bus Hold ; Weak Pull Up ;
+----------+------------+----------+-----------------------------------------------------------+--------+--------------+---------+------------+-----------------+----------+--------------+
; A1       ;            ;          ; GND                                                       ; gnd    ;              ;         ; --         ;                 ; --       ; --           ;
; A2       ;            ; 8        ; VCCIO8                                                    ; power  ;              ; 2.5V    ; --         ;                 ; --       ; --           ;
; A3       ; 354        ; 8        ; RESERVED_INPUT_WITH_WEAK_PULLUP                           ;        ;              ;         ; Column I/O ;                 ; no       ; On           ;
; A4       ; 350        ; 8        ; RESERVED_INPUT_WITH_WEAK_PULLUP                           ;        ;              ;         ; Column I/O ;                 ; no       ; On           ;
; A5       ; 345        ; 8        ; RESERVED_INPUT_WITH_WEAK_PULLUP                           ;        ;              ;         ; Column I/O ;                 ; no       ; On           ;
; A6       ; 336        ; 8        ; RESERVED_INPUT_WITH_WEAK_PULLUP                           ;        ;              ;         ; Column I/O ;                 ; no       ; On           ;
; A7       ; 334        ; 8        ; RESERVED_INPUT_WITH_WEAK_PULLUP                           ;        ;              ;         ; Column I/O ;                 ; no       ; On           ;
; A8       ; 332        ; 8        ; RESERVED_INPUT_WITH_WEAK_PULLUP                           ;        ;              ;         ; Column I/O ;                 ; no       ; On           ;
; A9       ; 328        ; 8        ; RESERVED_INPUT_WITH_WEAK_PULLUP                           ;        ;              ;         ; Column I/O ;                 ; no       ; On           ;
; A10      ; 326        ; 8        ; RESERVED_INPUT_WITH_WEAK_PULLUP                           ;        ;              ;         ; Column I/O ;                 ; no       ; On           ;
; A11      ; 321        ; 8        ; GND+                                                      ;        ;              ;         ; Column I/O ;                 ; --       ; --           ;
; A12      ; 319        ; 7        ; GND+                                                      ;        ;              ;         ; Column I/O ;                 ; --       ; --           ;
; A13      ; 314        ; 7        ; seg1[0]                                                   ; output ; 2.5 V        ;         ; Column I/O ; Y               ; no       ; Off          ;
; A14      ; 312        ; 7        ; seg1[3]                                                   ; output ; 2.5 V        ;         ; Column I/O ; Y               ; no       ; Off          ;
; A15      ; 307        ; 7        ; seg1[6]                                                   ; output ; 2.5 V        ;         ; Column I/O ; Y               ; no       ; Off          ;
; A16      ; 298        ; 7        ; seg2[1]                                                   ; output ; 2.5 V        ;         ; Column I/O ; Y               ; no       ; Off          ;
; A17      ; 296        ; 7        ; seg2[4]                                                   ; output ; 2.5 V        ;         ; Column I/O ; Y               ; no       ; Off          ;
; A18      ; 291        ; 7        ; seg2[7]                                                   ; output ; 2.5 V        ;         ; Column I/O ; Y               ; no       ; Off          ;
; A19      ; 290        ; 7        ; RESERVED_INPUT_WITH_WEAK_PULLUP                           ;        ;              ;         ; Column I/O ;                 ; no       ; On           ;
; A20      ; 284        ; 7        ; RESERVED_INPUT_WITH_WEAK_PULLUP                           ;        ;              ;         ; Column I/O ;                 ; no       ; On           ;
; A21      ;            ; 7        ; VCCIO7                                                    ; power  ;              ; 2.5V    ; --         ;                 ; --       ; --           ;
; A22      ;            ;          ; GND                                                       ; gnd    ;              ;         ; --         ;                 ; --       ; --           ;
; AA1      ; 76         ; 2        ; RESERVED_INPUT_WITH_WEAK_PULLUP                           ;        ;              ;         ; Row I/O    ;                 ; no       ; On           ;
; AA2      ; 75         ; 2        ; RESERVED_INPUT_WITH_WEAK_PULLUP                           ;        ;              ;         ; Row I/O    ;                 ; no       ; On           ;
; AA3      ; 102        ; 3        ; RESERVED_INPUT_WITH_WEAK_PULLUP                           ;        ;              ;         ; Column I/O ;                 ; no       ; On           ;
; AA4      ; 106        ; 3        ; RESERVED_INPUT_WITH_WEAK_PULLUP                           ;        ;              ;         ; Column I/O ;                 ; no       ; On           ;
; AA5      ; 108        ; 3        ; RESERVED_INPUT_WITH_WEAK_PULLUP                           ;        ;              ;         ; Column I/O ;                 ; no       ; On           ;
; AA6      ;            ; 3        ; VCCIO3                                                    ; power  ;              ; 2.5V    ; --         ;                 ; --       ; --           ;
; AA7      ; 115        ; 3        ; RESERVED_INPUT_WITH_WEAK_PULLUP                           ;        ;              ;         ; Column I/O ;                 ; no       ; On           ;
; AA8      ; 123        ; 3        ; RESERVED_INPUT_WITH_WEAK_PULLUP                           ;        ;              ;         ; Column I/O ;                 ; no       ; On           ;
; AA9      ; 126        ; 3        ; RESERVED_INPUT_WITH_WEAK_PULLUP                           ;        ;              ;         ; Column I/O ;                 ; no       ; On           ;
; AA10     ; 132        ; 3        ; RESERVED_INPUT_WITH_WEAK_PULLUP                           ;        ;              ;         ; Column I/O ;                 ; no       ; On           ;
; AA11     ; 134        ; 3        ; GND+                                                      ;        ;              ;         ; Column I/O ;                 ; --       ; --           ;
; AA12     ; 136        ; 4        ; GND+                                                      ;        ;              ;         ; Column I/O ;                 ; --       ; --           ;
; AA13     ; 138        ; 4        ; RESERVED_INPUT_WITH_WEAK_PULLUP                           ;        ;              ;         ; Column I/O ;                 ; no       ; On           ;
; AA14     ; 140        ; 4        ; RESERVED_INPUT_WITH_WEAK_PULLUP                           ;        ;              ;         ; Column I/O ;                 ; no       ; On           ;
; AA15     ; 145        ; 4        ; RESERVED_INPUT_WITH_WEAK_PULLUP                           ;        ;              ;         ; Column I/O ;                 ; no       ; On           ;
; AA16     ; 149        ; 4        ; RESERVED_INPUT_WITH_WEAK_PULLUP                           ;        ;              ;         ; Column I/O ;                 ; no       ; On           ;
; AA17     ; 151        ; 4        ; RESERVED_INPUT_WITH_WEAK_PULLUP                           ;        ;              ;         ; Column I/O ;                 ; no       ; On           ;
; AA18     ; 163        ; 4        ; RESERVED_INPUT_WITH_WEAK_PULLUP                           ;        ;              ;         ; Column I/O ;                 ; no       ; On           ;
; AA19     ; 164        ; 4        ; RESERVED_INPUT_WITH_WEAK_PULLUP                           ;        ;              ;         ; Column I/O ;                 ; no       ; On           ;
; AA20     ; 169        ; 4        ; RESERVED_INPUT_WITH_WEAK_PULLUP                           ;        ;              ;         ; Column I/O ;                 ; no       ; On           ;
; AA21     ; 179        ; 5        ; RESERVED_INPUT_WITH_WEAK_PULLUP                           ;        ;              ;         ; Row I/O    ;                 ; no       ; On           ;
; AA22     ; 178        ; 5        ; RESERVED_INPUT_WITH_WEAK_PULLUP                           ;        ;              ;         ; Row I/O    ;                 ; no       ; On           ;
; AB1      ;            ;          ; GND                                                       ; gnd    ;              ;         ; --         ;                 ; --       ; --           ;
; AB2      ;            ; 3        ; VCCIO3                                                    ; power  ;              ; 2.5V    ; --         ;                 ; --       ; --           ;
; AB3      ; 103        ; 3        ; RESERVED_INPUT_WITH_WEAK_PULLUP                           ;        ;              ;         ; Column I/O ;                 ; no       ; On           ;
; AB4      ; 107        ; 3        ; RESERVED_INPUT_WITH_WEAK_PULLUP                           ;        ;              ;         ; Column I/O ;                 ; no       ; On           ;
; AB5      ; 109        ; 3        ; RESERVED_INPUT_WITH_WEAK_PULLUP                           ;        ;              ;         ; Column I/O ;                 ; no       ; On           ;
; AB6      ;            ;          ; GND                                                       ; gnd    ;              ;         ; --         ;                 ; --       ; --           ;
; AB7      ; 116        ; 3        ; RESERVED_INPUT_WITH_WEAK_PULLUP                           ;        ;              ;         ; Column I/O ;                 ; no       ; On           ;
; AB8      ; 124        ; 3        ; RESERVED_INPUT_WITH_WEAK_PULLUP                           ;        ;              ;         ; Column I/O ;                 ; no       ; On           ;
; AB9      ; 127        ; 3        ; RESERVED_INPUT_WITH_WEAK_PULLUP                           ;        ;              ;         ; Column I/O ;                 ; no       ; On           ;
; AB10     ; 133        ; 3        ; RESERVED_INPUT_WITH_WEAK_PULLUP                           ;        ;              ;         ; Column I/O ;                 ; no       ; On           ;
; AB11     ; 135        ; 3        ; GND+                                                      ;        ;              ;         ; Column I/O ;                 ; --       ; --           ;
; AB12     ; 137        ; 4        ; GND+                                                      ;        ;              ;         ; Column I/O ;                 ; --       ; --           ;
; AB13     ; 139        ; 4        ; RESERVED_INPUT_WITH_WEAK_PULLUP                           ;        ;              ;         ; Column I/O ;                 ; no       ; On           ;
; AB14     ; 141        ; 4        ; RESERVED_INPUT_WITH_WEAK_PULLUP                           ;        ;              ;         ; Column I/O ;                 ; no       ; On           ;
; AB15     ; 146        ; 4        ; RESERVED_INPUT_WITH_WEAK_PULLUP                           ;        ;              ;         ; Column I/O ;                 ; no       ; On           ;
; AB16     ; 150        ; 4        ; RESERVED_INPUT_WITH_WEAK_PULLUP                           ;        ;              ;         ; Column I/O ;                 ; no       ; On           ;
; AB17     ; 152        ; 4        ; RESERVED_INPUT_WITH_WEAK_PULLUP                           ;        ;              ;         ; Column I/O ;                 ; no       ; On           ;
; AB18     ; 162        ; 4        ; RESERVED_INPUT_WITH_WEAK_PULLUP                           ;        ;              ;         ; Column I/O ;                 ; no       ; On           ;
; AB19     ; 165        ; 4        ; RESERVED_INPUT_WITH_WEAK_PULLUP                           ;        ;              ;         ; Column I/O ;                 ; no       ; On           ;
; AB20     ; 170        ; 4        ; RESERVED_INPUT_WITH_WEAK_PULLUP                           ;        ;              ;         ; Column I/O ;                 ; no       ; On           ;
; AB21     ;            ; 4        ; VCCIO4                                                    ; power  ;              ; 2.5V    ; --         ;                 ; --       ; --           ;
; AB22     ;            ;          ; GND                                                       ; gnd    ;              ;         ; --         ;                 ; --       ; --           ;
; B1       ; 2          ; 1        ; RESERVED_INPUT_WITH_WEAK_PULLUP                           ;        ;              ;         ; Row I/O    ;                 ; no       ; On           ;
; B2       ; 1          ; 1        ; RESERVED_INPUT_WITH_WEAK_PULLUP                           ;        ;              ;         ; Row I/O    ;                 ; no       ; On           ;
; B3       ; 355        ; 8        ; RESERVED_INPUT_WITH_WEAK_PULLUP                           ;        ;              ;         ; Column I/O ;                 ; no       ; On           ;
; B4       ; 351        ; 8        ; RESERVED_INPUT_WITH_WEAK_PULLUP                           ;        ;              ;         ; Column I/O ;                 ; no       ; On           ;
; B5       ; 346        ; 8        ; RESERVED_INPUT_WITH_WEAK_PULLUP                           ;        ;              ;         ; Column I/O ;                 ; no       ; On           ;
; B6       ; 337        ; 8        ; RESERVED_INPUT_WITH_WEAK_PULLUP                           ;        ;              ;         ; Column I/O ;                 ; no       ; On           ;
; B7       ; 335        ; 8        ; RESERVED_INPUT_WITH_WEAK_PULLUP                           ;        ;              ;         ; Column I/O ;                 ; no       ; On           ;
; B8       ; 333        ; 8        ; RESERVED_INPUT_WITH_WEAK_PULLUP                           ;        ;              ;         ; Column I/O ;                 ; no       ; On           ;
; B9       ; 329        ; 8        ; RESERVED_INPUT_WITH_WEAK_PULLUP                           ;        ;              ;         ; Column I/O ;                 ; no       ; On           ;
; B10      ; 327        ; 8        ; RESERVED_INPUT_WITH_WEAK_PULLUP                           ;        ;              ;         ; Column I/O ;                 ; no       ; On           ;
; B11      ; 322        ; 8        ; GND+                                                      ;        ;              ;         ; Column I/O ;                 ; --       ; --           ;
; B12      ; 320        ; 7        ; GND+                                                      ;        ;              ;         ; Column I/O ;                 ; --       ; --           ;
; B13      ; 315        ; 7        ; seg1[1]                                                   ; output ; 2.5 V        ;         ; Column I/O ; Y               ; no       ; Off          ;
; B14      ; 313        ; 7        ; seg1[4]                                                   ; output ; 2.5 V        ;         ; Column I/O ; Y               ; no       ; Off          ;
; B15      ; 308        ; 7        ; seg1[7]                                                   ; output ; 2.5 V        ;         ; Column I/O ; Y               ; no       ; Off          ;
; B16      ; 299        ; 7        ; seg2[2]                                                   ; output ; 2.5 V        ;         ; Column I/O ; Y               ; no       ; Off          ;
; B17      ; 297        ; 7        ; seg2[5]                                                   ; output ; 2.5 V        ;         ; Column I/O ; Y               ; no       ; Off          ;
; B18      ; 292        ; 7        ; RESERVED_INPUT_WITH_WEAK_PULLUP                           ;        ;              ;         ; Column I/O ;                 ; no       ; On           ;
; B19      ; 289        ; 7        ; RESERVED_INPUT_WITH_WEAK_PULLUP                           ;        ;              ;         ; Column I/O ;                 ; no       ; On           ;
; B20      ; 285        ; 7        ; RESERVED_INPUT_WITH_WEAK_PULLUP                           ;        ;              ;         ; Column I/O ;                 ; no       ; On           ;
; B21      ; 269        ; 6        ; RESERVED_INPUT_WITH_WEAK_PULLUP                           ;        ;              ;         ; Row I/O    ;                 ; no       ; On           ;
; B22      ; 268        ; 6        ; RESERVED_INPUT_WITH_WEAK_PULLUP                           ;        ;              ;         ; Row I/O    ;                 ; no       ; On           ;
; C1       ; 7          ; 1        ; RESERVED_INPUT_WITH_WEAK_PULLUP                           ;        ;              ;         ; Row I/O    ;                 ; no       ; On           ;
; C2       ; 6          ; 1        ; RESERVED_INPUT_WITH_WEAK_PULLUP                           ;        ;              ;         ; Row I/O    ;                 ; no       ; On           ;
; C3       ; 358        ; 8        ; RESERVED_INPUT_WITH_WEAK_PULLUP                           ;        ;              ;         ; Column I/O ;                 ; no       ; On           ;
; C4       ; 359        ; 8        ; RESERVED_INPUT_WITH_WEAK_PULLUP                           ;        ;              ;         ; Column I/O ;                 ; no       ; On           ;
; C5       ;            ;          ; GND                                                       ; gnd    ;              ;         ; --         ;                 ; --       ; --           ;
; C6       ; 349        ; 8        ; RESERVED_INPUT_WITH_WEAK_PULLUP                           ;        ;              ;         ; Column I/O ;                 ; no       ; On           ;
; C7       ; 340        ; 8        ; RESERVED_INPUT_WITH_WEAK_PULLUP                           ;        ;              ;         ; Column I/O ;                 ; no       ; On           ;
; C8       ; 339        ; 8        ; RESERVED_INPUT_WITH_WEAK_PULLUP                           ;        ;              ;         ; Column I/O ;                 ; no       ; On           ;
; C9       ;            ;          ; GND                                                       ; gnd    ;              ;         ; --         ;                 ; --       ; --           ;
; C10      ; 330        ; 8        ; RESERVED_INPUT_WITH_WEAK_PULLUP                           ;        ;              ;         ; Column I/O ;                 ; no       ; On           ;
; C11      ;            ;          ; GND                                                       ; gnd    ;              ;         ; --         ;                 ; --       ; --           ;
; C12      ;            ;          ; GND                                                       ; gnd    ;              ;         ; --         ;                 ; --       ; --           ;
; C13      ; 309        ; 7        ; seg1[2]                                                   ; output ; 2.5 V        ;         ; Column I/O ; Y               ; no       ; Off          ;
; C14      ;            ;          ; GND                                                       ; gnd    ;              ;         ; --         ;                 ; --       ; --           ;
; C15      ; 300        ; 7        ; mouse_cursor_row[6]                                       ; output ; 2.5 V        ;         ; Column I/O ; N               ; no       ; Off          ;
; C16      ;            ;          ; GND                                                       ; gnd    ;              ;         ; --         ;                 ; --       ; --           ;
; C17      ; 286        ; 7        ; RESERVED_INPUT_WITH_WEAK_PULLUP                           ;        ;              ;         ; Column I/O ;                 ; no       ; On           ;
; C18      ;            ;          ; GND                                                       ; gnd    ;              ;         ; --         ;                 ; --       ; --           ;
; C19      ; 282        ; 7        ; RESERVED_INPUT_WITH_WEAK_PULLUP                           ;        ;              ;         ; Column I/O ;                 ; no       ; On           ;
; C20      ; 270        ; 6        ; RESERVED_INPUT_WITH_WEAK_PULLUP                           ;        ;              ;         ; Row I/O    ;                 ; no       ; On           ;
; C21      ; 267        ; 6        ; RESERVED_INPUT_WITH_WEAK_PULLUP                           ;        ;              ;         ; Row I/O    ;                 ; no       ; On           ;
; C22      ; 266        ; 6        ; RESERVED_INPUT_WITH_WEAK_PULLUP                           ;        ;              ;         ; Row I/O    ;                 ; no       ; On           ;
; D1       ; 9          ; 1        ; ~ALTERA_ASDO_DATA1~ / RESERVED_INPUT_WITH_WEAK_PULLUP     ; input  ; 2.5 V        ;         ; Row I/O    ; N               ; no       ; On           ;
; D2       ; 8          ; 1        ; training                                                  ; input  ; 2.5 V        ;         ; Row I/O    ; Y               ; no       ; Off          ;
; D3       ;            ;          ; GND                                                       ; gnd    ;              ;         ; --         ;                 ; --       ; --           ;
; D4       ;            ; 1        ; VCCIO1                                                    ; power  ;              ; 2.5V    ; --         ;                 ; --       ; --           ;
; D5       ;            ; 8        ; VCCIO8                                                    ; power  ;              ; 2.5V    ; --         ;                 ; --       ; --           ;
; D6       ; 356        ; 8        ; RESERVED_INPUT_WITH_WEAK_PULLUP                           ;        ;              ;         ; Column I/O ;                 ; --       ; --           ;
; D7       ;            ;          ; GND                                                       ; gnd    ;              ;         ; --         ;                 ; --       ; --           ;
; D8       ;            ;          ; GND                                                       ; gnd    ;              ;         ; --         ;                 ; --       ; --           ;
; D9       ;            ; 8        ; VCCIO8                                                    ; power  ;              ; 2.5V    ; --         ;                 ; --       ; --           ;
; D10      ; 324        ; 8        ; RESERVED_INPUT_WITH_WEAK_PULLUP                           ;        ;              ;         ; Column I/O ;                 ; no       ; On           ;
; D11      ;            ; 8        ; VCCIO8                                                    ; power  ;              ; 2.5V    ; --         ;                 ; --       ; --           ;
; D12      ;            ; 7        ; VCCIO7                                                    ; power  ;              ; 2.5V    ; --         ;                 ; --       ; --           ;
; D13      ; 310        ; 7        ; seg0[7]                                                   ; output ; 2.5 V        ;         ; Column I/O ; Y               ; no       ; Off          ;
; D14      ;            ; 7        ; VCCIO7                                                    ; power  ;              ; 2.5V    ; --         ;                 ; --       ; --           ;
; D15      ; 293        ; 7        ; seg2[0]                                                   ; output ; 2.5 V        ;         ; Column I/O ; Y               ; no       ; Off          ;
; D16      ;            ; 7        ; VCCIO7                                                    ; power  ;              ; 2.5V    ; --         ;                 ; --       ; --           ;
; D17      ; 281        ; 7        ; RESERVED_INPUT_WITH_WEAK_PULLUP                           ;        ;              ;         ; Column I/O ;                 ; --       ; --           ;
; D18      ;            ; 7        ; VCCIO7                                                    ; power  ;              ; 2.5V    ; --         ;                 ; --       ; --           ;
; D19      ; 283        ; 7        ; RESERVED_INPUT_WITH_WEAK_PULLUP                           ;        ;              ;         ; Column I/O ;                 ; no       ; On           ;
; D20      ; 271        ; 6        ; RESERVED_INPUT_WITH_WEAK_PULLUP                           ;        ;              ;         ; Row I/O    ;                 ; no       ; On           ;
; D21      ; 261        ; 6        ; RESERVED_INPUT_WITH_WEAK_PULLUP                           ;        ;              ;         ; Row I/O    ;                 ; no       ; On           ;
; D22      ; 260        ; 6        ; RESERVED_INPUT_WITH_WEAK_PULLUP                           ;        ;              ;         ; Row I/O    ;                 ; no       ; On           ;
; E1       ; 14         ; 1        ; RESERVED_INPUT_WITH_WEAK_PULLUP                           ;        ;              ;         ; Row I/O    ;                 ; no       ; On           ;
; E2       ; 13         ; 1        ; ~ALTERA_FLASH_nCE_nCSO~ / RESERVED_INPUT_WITH_WEAK_PULLUP ; input  ; 2.5 V        ;         ; Row I/O    ; N               ; no       ; On           ;
; E3       ; 5          ; 1        ; RESERVED_INPUT_WITH_WEAK_PULLUP                           ;        ;              ;         ; Row I/O    ;                 ; no       ; On           ;
; E4       ; 4          ; 1        ; game                                                      ; input  ; 2.5 V        ;         ; Row I/O    ; Y               ; no       ; Off          ;
; E5       ; 363        ; 8        ; RESERVED_INPUT_WITH_WEAK_PULLUP                           ;        ;              ;         ; Column I/O ;                 ; no       ; On           ;
; E6       ; 362        ; 8        ; RESERVED_INPUT_WITH_WEAK_PULLUP                           ;        ;              ;         ; Column I/O ;                 ; no       ; On           ;
; E7       ; 357        ; 8        ; RESERVED_INPUT_WITH_WEAK_PULLUP                           ;        ;              ;         ; Column I/O ;                 ; no       ; On           ;
; E8       ;            ; 8        ; VCCIO8                                                    ; power  ;              ; 2.5V    ; --         ;                 ; --       ; --           ;
; E9       ; 338        ; 8        ; RESERVED_INPUT_WITH_WEAK_PULLUP                           ;        ;              ;         ; Column I/O ;                 ; --       ; --           ;
; E10      ; 325        ; 8        ; RESERVED_INPUT_WITH_WEAK_PULLUP                           ;        ;              ;         ; Column I/O ;                 ; no       ; On           ;
; E11      ; 317        ; 7        ; seg0[0]                                                   ; output ; 2.5 V        ;         ; Column I/O ; Y               ; no       ; Off          ;
; E12      ; 316        ; 7        ; RESERVED_INPUT_WITH_WEAK_PULLUP                           ;        ;              ;         ; Column I/O ;                 ; no       ; On           ;
; E13      ; 311        ; 7        ; RESERVED_INPUT_WITH_WEAK_PULLUP                           ;        ;              ;         ; Column I/O ;                 ; no       ; On           ;
; E14      ; 301        ; 7        ; seg1[5]                                                   ; output ; 2.5 V        ;         ; Column I/O ; Y               ; no       ; Off          ;
; E15      ; 294        ; 7        ; seg2[3]                                                   ; output ; 2.5 V        ;         ; Column I/O ; Y               ; no       ; Off          ;
; E16      ; 275        ; 7        ; RESERVED_INPUT_WITH_WEAK_PULLUP                           ;        ;              ;         ; Column I/O ;                 ; no       ; On           ;
; E17      ;            ;          ; VCCD_PLL2                                                 ; power  ;              ; 1.2V    ; --         ;                 ; --       ; --           ;
; E18      ;            ;          ; GNDA2                                                     ; gnd    ;              ;         ; --         ;                 ; --       ; --           ;
; E19      ;            ; 6        ; VCCIO6                                                    ; power  ;              ; 2.5V    ; --         ;                 ; --       ; --           ;
; E20      ;            ;          ; GND                                                       ; gnd    ;              ;         ; --         ;                 ; --       ; --           ;
; E21      ; 256        ; 6        ; RESERVED_INPUT_WITH_WEAK_PULLUP                           ;        ;              ;         ; Row I/O    ;                 ; no       ; On           ;
; E22      ; 255        ; 6        ; RESERVED_INPUT_WITH_WEAK_PULLUP                           ;        ;              ;         ; Row I/O    ;                 ; no       ; On           ;
; F1       ; 16         ; 1        ; RESERVED_INPUT_WITH_WEAK_PULLUP                           ;        ;              ;         ; Row I/O    ;                 ; no       ; On           ;
; F2       ; 15         ; 1        ; RESERVED_INPUT_WITH_WEAK_PULLUP                           ;        ;              ;         ; Row I/O    ;                 ; no       ; On           ;
; F3       ;            ;          ; GND                                                       ; gnd    ;              ;         ; --         ;                 ; --       ; --           ;
; F4       ;            ; 1        ; VCCIO1                                                    ; power  ;              ; 2.5V    ; --         ;                 ; --       ; --           ;
; F5       ;            ;          ; GNDA3                                                     ; gnd    ;              ;         ; --         ;                 ; --       ; --           ;
; F6       ;            ;          ; VCCD_PLL3                                                 ; power  ;              ; 1.2V    ; --         ;                 ; --       ; --           ;
; F7       ; 360        ; 8        ; RESERVED_INPUT_WITH_WEAK_PULLUP                           ;        ;              ;         ; Column I/O ;                 ; no       ; On           ;
; F8       ; 352        ; 8        ; RESERVED_INPUT_WITH_WEAK_PULLUP                           ;        ;              ;         ; Column I/O ;                 ; no       ; On           ;
; F9       ; 347        ; 8        ; RESERVED_INPUT_WITH_WEAK_PULLUP                           ;        ;              ;         ; Column I/O ;                 ; no       ; On           ;
; F10      ; 348        ; 8        ; RESERVED_INPUT_WITH_WEAK_PULLUP                           ;        ;              ;         ; Column I/O ;                 ; no       ; On           ;
; F11      ; 318        ; 7        ; seg0[1]                                                   ; output ; 2.5 V        ;         ; Column I/O ; Y               ; no       ; Off          ;
; F12      ; 302        ; 7        ; seg0[5]                                                   ; output ; 2.5 V        ;         ; Column I/O ; Y               ; no       ; Off          ;
; F13      ; 306        ; 7        ; seg0[6]                                                   ; output ; 2.5 V        ;         ; Column I/O ; Y               ; no       ; Off          ;
; F14      ; 279        ; 7        ; seg2[6]                                                   ; output ; 2.5 V        ;         ; Column I/O ; Y               ; no       ; Off          ;
; F15      ; 276        ; 7        ; RESERVED_INPUT_WITH_WEAK_PULLUP                           ;        ;              ;         ; Column I/O ;                 ; no       ; On           ;
; F16      ; 274        ; 7        ; RESERVED_INPUT_WITH_WEAK_PULLUP                           ;        ;              ;         ; Column I/O ;                 ; no       ; On           ;
; F17      ; 272        ; 6        ; RESERVED_INPUT_WITH_WEAK_PULLUP                           ;        ;              ;         ; Row I/O    ;                 ; no       ; On           ;
; F18      ;            ; --       ; VCCA2                                                     ; power  ;              ; 2.5V    ; --         ;                 ; --       ; --           ;
; F19      ; 263        ; 6        ; RESERVED_INPUT_WITH_WEAK_PULLUP                           ;        ;              ;         ; Row I/O    ;                 ; no       ; On           ;
; F20      ; 262        ; 6        ; RESERVED_INPUT_WITH_WEAK_PULLUP                           ;        ;              ;         ; Row I/O    ;                 ; no       ; On           ;
; F21      ; 251        ; 6        ; RESERVED_INPUT_WITH_WEAK_PULLUP                           ;        ;              ;         ; Row I/O    ;                 ; no       ; On           ;
; F22      ; 250        ; 6        ; mouse_cursor_column[1]                                    ; output ; 2.5 V        ;         ; Row I/O    ; N               ; no       ; Off          ;
; G1       ; 39         ; 1        ; GND+                                                      ;        ;              ;         ; Row I/O    ;                 ; --       ; --           ;
; G2       ; 38         ; 1        ; GND+                                                      ;        ;              ;         ; Row I/O    ;                 ; --       ; --           ;
; G3       ; 18         ; 1        ; RESERVED_INPUT_WITH_WEAK_PULLUP                           ;        ;              ;         ; Row I/O    ;                 ; no       ; On           ;
; G4       ; 17         ; 1        ; RESERVED_INPUT_WITH_WEAK_PULLUP                           ;        ;              ;         ; Row I/O    ;                 ; no       ; On           ;
; G5       ; 3          ; 1        ; RESERVED_INPUT_WITH_WEAK_PULLUP                           ;        ;              ;         ; Row I/O    ;                 ; no       ; On           ;
; G6       ;            ; --       ; VCCA3                                                     ; power  ;              ; 2.5V    ; --         ;                 ; --       ; --           ;
; G7       ; 361        ; 8        ; RESERVED_INPUT_WITH_WEAK_PULLUP                           ;        ;              ;         ; Column I/O ;                 ; no       ; On           ;
; G8       ; 353        ; 8        ; RESERVED_INPUT_WITH_WEAK_PULLUP                           ;        ;              ;         ; Column I/O ;                 ; no       ; On           ;
; G9       ; 342        ; 8        ; RESERVED_INPUT_WITH_WEAK_PULLUP                           ;        ;              ;         ; Column I/O ;                 ; no       ; On           ;
; G10      ; 341        ; 8        ; RESERVED_INPUT_WITH_WEAK_PULLUP                           ;        ;              ;         ; Column I/O ;                 ; no       ; On           ;
; G11      ; 331        ; 8        ; RESERVED_INPUT_WITH_WEAK_PULLUP                           ;        ;              ;         ; Column I/O ;                 ; no       ; On           ;
; G12      ; 305        ; 7        ; seg0[4]                                                   ; output ; 2.5 V        ;         ; Column I/O ; Y               ; no       ; Off          ;
; G13      ; 295        ; 7        ; mouse_cursor_row[8]                                       ; output ; 2.5 V        ;         ; Column I/O ; N               ; no       ; Off          ;
; G14      ; 280        ; 7        ; RESERVED_INPUT_WITH_WEAK_PULLUP                           ;        ;              ;         ; Column I/O ;                 ; no       ; On           ;
; G15      ; 278        ; 7        ; RESERVED_INPUT_WITH_WEAK_PULLUP                           ;        ;              ;         ; Column I/O ;                 ; no       ; On           ;
; G16      ; 277        ; 7        ; RESERVED_INPUT_WITH_WEAK_PULLUP                           ;        ;              ;         ; Column I/O ;                 ; no       ; On           ;
; G17      ; 273        ; 6        ; RESERVED_INPUT_WITH_WEAK_PULLUP                           ;        ;              ;         ; Row I/O    ;                 ; no       ; On           ;
; G18      ; 264        ; 6        ; RESERVED_INPUT_WITH_WEAK_PULLUP                           ;        ;              ;         ; Row I/O    ;                 ; no       ; On           ;
; G19      ;            ; 6        ; VCCIO6                                                    ; power  ;              ; 2.5V    ; --         ;                 ; --       ; --           ;
; G20      ;            ;          ; GND                                                       ; gnd    ;              ;         ; --         ;                 ; --       ; --           ;
; G21      ; 226        ; 6        ; clk                                                       ; input  ; 2.5 V        ;         ; Row I/O    ; Y               ; no       ; Off          ;
; G22      ; 225        ; 6        ; GND+                                                      ;        ;              ;         ; Row I/O    ;                 ; --       ; --           ;
; H1       ; 26         ; 1        ; RESERVED_INPUT_WITH_WEAK_PULLUP                           ;        ;              ;         ; Row I/O    ;                 ; no       ; On           ;
; H2       ; 25         ; 1        ; pb0                                                       ; input  ; 2.5 V        ;         ; Row I/O    ; Y               ; no       ; Off          ;
; H3       ;            ;          ; GND                                                       ; gnd    ;              ;         ; --         ;                 ; --       ; --           ;
; H4       ;            ; 1        ; VCCIO1                                                    ; power  ;              ; 2.5V    ; --         ;                 ; --       ; --           ;
; H5       ; 0          ; 1        ; RESERVED_INPUT_WITH_WEAK_PULLUP                           ;        ;              ;         ; Row I/O    ;                 ; no       ; On           ;
; H6       ; 11         ; 1        ; RESERVED_INPUT_WITH_WEAK_PULLUP                           ;        ;              ;         ; Row I/O    ;                 ; no       ; On           ;
; H7       ; 10         ; 1        ; RESERVED_INPUT_WITH_WEAK_PULLUP                           ;        ;              ;         ; Row I/O    ;                 ; --       ; --           ;
; H8       ;            ;          ; GND                                                       ; gnd    ;              ;         ; --         ;                 ; --       ; --           ;
; H9       ; 344        ; 8        ; RESERVED_INPUT_WITH_WEAK_PULLUP                           ;        ;              ;         ; Column I/O ;                 ; no       ; On           ;
; H10      ; 343        ; 8        ; RESERVED_INPUT_WITH_WEAK_PULLUP                           ;        ;              ;         ; Column I/O ;                 ; no       ; On           ;
; H11      ; 323        ; 8        ; RESERVED_INPUT_WITH_WEAK_PULLUP                           ;        ;              ;         ; Column I/O ;                 ; no       ; On           ;
; H12      ; 304        ; 7        ; seg0[2]                                                   ; output ; 2.5 V        ;         ; Column I/O ; Y               ; no       ; Off          ;
; H13      ; 303        ; 7        ; seg0[3]                                                   ; output ; 2.5 V        ;         ; Column I/O ; Y               ; no       ; Off          ;
; H14      ; 288        ; 7        ; RESERVED_INPUT_WITH_WEAK_PULLUP                           ;        ;              ;         ; Column I/O ;                 ; no       ; On           ;
; H15      ; 287        ; 7        ; RESERVED_INPUT_WITH_WEAK_PULLUP                           ;        ;              ;         ; Column I/O ;                 ; no       ; On           ;
; H16      ; 259        ; 6        ; RESERVED_INPUT_WITH_WEAK_PULLUP                           ;        ;              ;         ; Row I/O    ;                 ; no       ; On           ;
; H17      ; 265        ; 6        ; red_out                                                   ; output ; 2.5 V        ;         ; Row I/O    ; Y               ; no       ; Off          ;
; H18      ; 257        ; 6        ; RESERVED_INPUT_WITH_WEAK_PULLUP                           ;        ;              ;         ; Row I/O    ;                 ; --       ; --           ;
; H19      ; 254        ; 6        ; RESERVED_INPUT_WITH_WEAK_PULLUP                           ;        ;              ;         ; Row I/O    ;                 ; no       ; On           ;
; H20      ; 253        ; 6        ; RESERVED_INPUT_WITH_WEAK_PULLUP                           ;        ;              ;         ; Row I/O    ;                 ; no       ; On           ;
; H21      ; 246        ; 6        ; mouse_cursor_column[5]                                    ; output ; 2.5 V        ;         ; Row I/O    ; N               ; no       ; Off          ;
; H22      ; 245        ; 6        ; mouse_cursor_row[3]                                       ; output ; 2.5 V        ;         ; Row I/O    ; N               ; no       ; Off          ;
; J1       ; 29         ; 1        ; RESERVED_INPUT_WITH_WEAK_PULLUP                           ;        ;              ;         ; Row I/O    ;                 ; no       ; On           ;
; J2       ; 28         ; 1        ; RESERVED_INPUT_WITH_WEAK_PULLUP                           ;        ;              ;         ; Row I/O    ;                 ; no       ; On           ;
; J3       ; 27         ; 1        ; RESERVED_INPUT_WITH_WEAK_PULLUP                           ;        ;              ;         ; Row I/O    ;                 ; --       ; --           ;
; J4       ; 24         ; 1        ; RESERVED_INPUT_WITH_WEAK_PULLUP                           ;        ;              ;         ; Row I/O    ;                 ; no       ; On           ;
; J5       ;            ;          ; GND                                                       ; gnd    ;              ;         ; --         ;                 ; --       ; --           ;
; J6       ; 12         ; 1        ; RESERVED_INPUT_WITH_WEAK_PULLUP                           ;        ;              ;         ; Row I/O    ;                 ; no       ; On           ;
; J7       ; 22         ; 1        ; RESERVED_INPUT_WITH_WEAK_PULLUP                           ;        ;              ;         ; Row I/O    ;                 ; no       ; On           ;
; J8       ;            ;          ; VCCINT                                                    ; power  ;              ; 1.2V    ; --         ;                 ; --       ; --           ;
; J9       ;            ;          ; GND                                                       ; gnd    ;              ;         ; --         ;                 ; --       ; --           ;
; J10      ;            ;          ; VCCINT                                                    ; power  ;              ; 1.2V    ; --         ;                 ; --       ; --           ;
; J11      ;            ;          ; VCCINT                                                    ; power  ;              ; 1.2V    ; --         ;                 ; --       ; --           ;
; J12      ;            ;          ; VCCINT                                                    ; power  ;              ; 1.2V    ; --         ;                 ; --       ; --           ;
; J13      ;            ;          ; VCCINT                                                    ; power  ;              ; 1.2V    ; --         ;                 ; --       ; --           ;
; J14      ;            ;          ; VCCINT                                                    ; power  ;              ; 1.2V    ; --         ;                 ; --       ; --           ;
; J15      ; 238        ; 6        ; mouse_cursor_column[9]                                    ; output ; 2.5 V        ;         ; Row I/O    ; N               ; no       ; Off          ;
; J16      ; 243        ; 6        ; mouse_cursor_row[5]                                       ; output ; 2.5 V        ;         ; Row I/O    ; N               ; no       ; Off          ;
; J17      ; 258        ; 6        ; green_out                                                 ; output ; 2.5 V        ;         ; Row I/O    ; Y               ; no       ; Off          ;
; J18      ; 249        ; 6        ; mouse_cursor_row[1]                                       ; output ; 2.5 V        ;         ; Row I/O    ; N               ; no       ; Off          ;
; J19      ;            ;          ; GND                                                       ; gnd    ;              ;         ; --         ;                 ; --       ; --           ;
; J20      ;            ; 6        ; VCCIO6                                                    ; power  ;              ; 2.5V    ; --         ;                 ; --       ; --           ;
; J21      ; 242        ; 6        ; mouse_cursor_row[7]                                       ; output ; 2.5 V        ;         ; Row I/O    ; N               ; no       ; Off          ;
; J22      ; 241        ; 6        ; mouse_cursor_column[3]                                    ; output ; 2.5 V        ;         ; Row I/O    ; N               ; no       ; Off          ;
; K1       ; 31         ; 1        ; ~ALTERA_DATA0~ / RESERVED_INPUT_WITH_WEAK_PULLUP          ; input  ; 2.5 V        ;         ; Row I/O    ; N               ; no       ; On           ;
; K2       ; 30         ; 1        ; ~ALTERA_DCLK~                                             ; output ; 2.5 V        ;         ; Row I/O    ; N               ; no       ; On           ;
; K3       ;            ;          ; GND                                                       ; gnd    ;              ;         ; --         ;                 ; --       ; --           ;
; K4       ;            ; 1        ; VCCIO1                                                    ; power  ;              ; 2.5V    ; --         ;                 ; --       ; --           ;
; K5       ; 32         ; 1        ; ^nCONFIG                                                  ;        ;              ;         ; --         ;                 ; --       ; --           ;
; K6       ; 19         ; 1        ; ^nSTATUS                                                  ;        ;              ;         ; --         ;                 ; --       ; --           ;
; K7       ; 23         ; 1        ; RESERVED_INPUT_WITH_WEAK_PULLUP                           ;        ;              ;         ; Row I/O    ;                 ; no       ; On           ;
; K8       ; 21         ; 1        ; RESERVED_INPUT_WITH_WEAK_PULLUP                           ;        ;              ;         ; Row I/O    ;                 ; no       ; On           ;
; K9       ;            ;          ; VCCINT                                                    ; power  ;              ; 1.2V    ; --         ;                 ; --       ; --           ;
; K10      ;            ;          ; GND                                                       ; gnd    ;              ;         ; --         ;                 ; --       ; --           ;
; K11      ;            ;          ; GND                                                       ; gnd    ;              ;         ; --         ;                 ; --       ; --           ;
; K12      ;            ;          ; GND                                                       ; gnd    ;              ;         ; --         ;                 ; --       ; --           ;
; K13      ;            ;          ; GND                                                       ; gnd    ;              ;         ; --         ;                 ; --       ; --           ;
; K14      ;            ;          ; VCCINT                                                    ; power  ;              ; 1.2V    ; --         ;                 ; --       ; --           ;
; K15      ; 236        ; 6        ; mouse_cursor_row[0]                                       ; output ; 2.5 V        ;         ; Row I/O    ; N               ; no       ; Off          ;
; K16      ; 244        ; 6        ; mouse_cursor_row[2]                                       ; output ; 2.5 V        ;         ; Row I/O    ; N               ; no       ; Off          ;
; K17      ; 247        ; 6        ; RESERVED_INPUT_WITH_WEAK_PULLUP                           ;        ;              ;         ; Row I/O    ;                 ; no       ; On           ;
; K18      ; 248        ; 6        ; mouse_cursor_column[4]                                    ; output ; 2.5 V        ;         ; Row I/O    ; N               ; no       ; Off          ;
; K19      ; 237        ; 6        ; mouse_cursor_column[7]                                    ; output ; 2.5 V        ;         ; Row I/O    ; N               ; no       ; Off          ;
; K20      ; 231        ; 6        ; ^MSEL3                                                    ;        ;              ;         ; --         ;                 ; --       ; --           ;
; K21      ; 240        ; 6        ; blue_out                                                  ; output ; 2.5 V        ;         ; Row I/O    ; Y               ; no       ; Off          ;
; K22      ; 239        ; 6        ; ~ALTERA_nCEO~ / RESERVED_OUTPUT_OPEN_DRAIN                ; output ; 2.5 V        ;         ; Row I/O    ; N               ; no       ; Off          ;
; L1       ; 35         ; 1        ; #TMS                                                      ; input  ;              ;         ; --         ;                 ; --       ; --           ;
; L2       ; 34         ; 1        ; #TCK                                                      ; input  ;              ;         ; --         ;                 ; --       ; --           ;
; L3       ; 37         ; 1        ; ^nCE                                                      ;        ;              ;         ; --         ;                 ; --       ; --           ;
; L4       ; 36         ; 1        ; #TDO                                                      ; output ;              ;         ; --         ;                 ; --       ; --           ;
; L5       ; 33         ; 1        ; #TDI                                                      ; input  ;              ;         ; --         ;                 ; --       ; --           ;
; L6       ; 42         ; 2        ; RESERVED_INPUT_WITH_WEAK_PULLUP                           ;        ;              ;         ; Row I/O    ;                 ; no       ; On           ;
; L7       ; 50         ; 2        ; RESERVED_INPUT_WITH_WEAK_PULLUP                           ;        ;              ;         ; Row I/O    ;                 ; no       ; On           ;
; L8       ; 20         ; 1        ; RESERVED_INPUT_WITH_WEAK_PULLUP                           ;        ;              ;         ; Row I/O    ;                 ; no       ; On           ;
; L9       ;            ;          ; VCCINT                                                    ; power  ;              ; 1.2V    ; --         ;                 ; --       ; --           ;
; L10      ;            ;          ; GND                                                       ; gnd    ;              ;         ; --         ;                 ; --       ; --           ;
; L11      ;            ;          ; GND                                                       ; gnd    ;              ;         ; --         ;                 ; --       ; --           ;
; L12      ;            ;          ; GND                                                       ; gnd    ;              ;         ; --         ;                 ; --       ; --           ;
; L13      ;            ;          ; GND                                                       ; gnd    ;              ;         ; --         ;                 ; --       ; --           ;
; L14      ;            ;          ; VCCINT                                                    ; power  ;              ; 1.2V    ; --         ;                 ; --       ; --           ;
; L15      ; 233        ; 6        ; mouse_cursor_column[6]                                    ; output ; 2.5 V        ;         ; Row I/O    ; N               ; no       ; Off          ;
; L16      ; 232        ; 6        ; mouse_cursor_row[4]                                       ; output ; 2.5 V        ;         ; Row I/O    ; N               ; no       ; Off          ;
; L17      ; 230        ; 6        ; ^MSEL2                                                    ;        ;              ;         ; --         ;                 ; --       ; --           ;
; L18      ; 229        ; 6        ; ^MSEL1                                                    ;        ;              ;         ; --         ;                 ; --       ; --           ;
; L19      ;            ; 6        ; VCCIO6                                                    ; power  ;              ; 2.5V    ; --         ;                 ; --       ; --           ;
; L20      ;            ;          ; GND                                                       ; gnd    ;              ;         ; --         ;                 ; --       ; --           ;
; L21      ; 235        ; 6        ; horiz_sync_out                                            ; output ; 2.5 V        ;         ; Row I/O    ; Y               ; no       ; Off          ;
; L22      ; 234        ; 6        ; vert_sync_out                                             ; output ; 2.5 V        ;         ; Row I/O    ; Y               ; no       ; Off          ;
; M1       ; 45         ; 2        ; RESERVED_INPUT_WITH_WEAK_PULLUP                           ;        ;              ;         ; Row I/O    ;                 ; no       ; On           ;
; M2       ; 44         ; 2        ; RESERVED_INPUT_WITH_WEAK_PULLUP                           ;        ;              ;         ; Row I/O    ;                 ; no       ; On           ;
; M3       ; 47         ; 2        ; RESERVED_INPUT_WITH_WEAK_PULLUP                           ;        ;              ;         ; Row I/O    ;                 ; no       ; On           ;
; M4       ; 46         ; 2        ; RESERVED_INPUT_WITH_WEAK_PULLUP                           ;        ;              ;         ; Row I/O    ;                 ; no       ; On           ;
; M5       ; 51         ; 2        ; RESERVED_INPUT_WITH_WEAK_PULLUP                           ;        ;              ;         ; Row I/O    ;                 ; --       ; --           ;
; M6       ; 43         ; 2        ; RESERVED_INPUT_WITH_WEAK_PULLUP                           ;        ;              ;         ; Row I/O    ;                 ; no       ; On           ;
; M7       ; 65         ; 2        ; RESERVED_INPUT_WITH_WEAK_PULLUP                           ;        ;              ;         ; Row I/O    ;                 ; no       ; On           ;
; M8       ; 66         ; 2        ; RESERVED_INPUT_WITH_WEAK_PULLUP                           ;        ;              ;         ; Row I/O    ;                 ; no       ; On           ;
; M9       ;            ;          ; VCCINT                                                    ; power  ;              ; 1.2V    ; --         ;                 ; --       ; --           ;
; M10      ;            ;          ; GND                                                       ; gnd    ;              ;         ; --         ;                 ; --       ; --           ;
; M11      ;            ;          ; GND                                                       ; gnd    ;              ;         ; --         ;                 ; --       ; --           ;
; M12      ;            ;          ; GND                                                       ; gnd    ;              ;         ; --         ;                 ; --       ; --           ;
; M13      ;            ;          ; GND                                                       ; gnd    ;              ;         ; --         ;                 ; --       ; --           ;
; M14      ;            ;          ; VCCINT                                                    ; power  ;              ; 1.2V    ; --         ;                 ; --       ; --           ;
; M15      ; 195        ; 5        ; RESERVED_INPUT_WITH_WEAK_PULLUP                           ;        ;              ;         ; Row I/O    ;                 ; no       ; On           ;
; M16      ; 222        ; 5        ; RESERVED_INPUT_WITH_WEAK_PULLUP                           ;        ;              ;         ; Row I/O    ;                 ; no       ; On           ;
; M17      ; 228        ; 6        ; ^MSEL0                                                    ;        ;              ;         ; --         ;                 ; --       ; --           ;
; M18      ; 227        ; 6        ; ^CONF_DONE                                                ;        ;              ;         ; --         ;                 ; --       ; --           ;
; M19      ; 221        ; 5        ; right_button                                              ; output ; 2.5 V        ;         ; Row I/O    ; N               ; no       ; Off          ;
; M20      ; 220        ; 5        ; mouse_cursor_column[8]                                    ; output ; 2.5 V        ;         ; Row I/O    ; N               ; no       ; Off          ;
; M21      ; 219        ; 5        ; mouse_cursor_column[2]                                    ; output ; 2.5 V        ;         ; Row I/O    ; N               ; no       ; Off          ;
; M22      ; 218        ; 5        ; RESERVED_INPUT_WITH_WEAK_PULLUP                           ;        ;              ;         ; Row I/O    ;                 ; no       ; On           ;
; N1       ; 49         ; 2        ; RESERVED_INPUT_WITH_WEAK_PULLUP                           ;        ;              ;         ; Row I/O    ;                 ; no       ; On           ;
; N2       ; 48         ; 2        ; RESERVED_INPUT_WITH_WEAK_PULLUP                           ;        ;              ;         ; Row I/O    ;                 ; no       ; On           ;
; N3       ;            ;          ; GND                                                       ; gnd    ;              ;         ; --         ;                 ; --       ; --           ;
; N4       ;            ; 2        ; VCCIO2                                                    ; power  ;              ; 2.5V    ; --         ;                 ; --       ; --           ;
; N5       ; 56         ; 2        ; RESERVED_INPUT_WITH_WEAK_PULLUP                           ;        ;              ;         ; Row I/O    ;                 ; no       ; On           ;
; N6       ; 64         ; 2        ; RESERVED_INPUT_WITH_WEAK_PULLUP                           ;        ;              ;         ; Row I/O    ;                 ; no       ; On           ;
; N7       ; 73         ; 2        ; RESERVED_INPUT_WITH_WEAK_PULLUP                           ;        ;              ;         ; Row I/O    ;                 ; no       ; On           ;
; N8       ; 67         ; 2        ; RESERVED_INPUT_WITH_WEAK_PULLUP                           ;        ;              ;         ; Row I/O    ;                 ; no       ; On           ;
; N9       ;            ;          ; VCCINT                                                    ; power  ;              ; 1.2V    ; --         ;                 ; --       ; --           ;
; N10      ;            ;          ; GND                                                       ; gnd    ;              ;         ; --         ;                 ; --       ; --           ;
; N11      ;            ;          ; GND                                                       ; gnd    ;              ;         ; --         ;                 ; --       ; --           ;
; N12      ;            ;          ; GND                                                       ; gnd    ;              ;         ; --         ;                 ; --       ; --           ;
; N13      ;            ;          ; GND                                                       ; gnd    ;              ;         ; --         ;                 ; --       ; --           ;
; N14      ; 189        ; 5        ; RESERVED_INPUT_WITH_WEAK_PULLUP                           ;        ;              ;         ; Row I/O    ;                 ; no       ; On           ;
; N15      ; 196        ; 5        ; mouse_cursor_row[9]                                       ; output ; 2.5 V        ;         ; Row I/O    ; N               ; no       ; Off          ;
; N16      ; 205        ; 5        ; RESERVED_INPUT_WITH_WEAK_PULLUP                           ;        ;              ;         ; Row I/O    ;                 ; no       ; On           ;
; N17      ; 214        ; 5        ; RESERVED_INPUT_WITH_WEAK_PULLUP                           ;        ;              ;         ; Row I/O    ;                 ; no       ; On           ;
; N18      ; 215        ; 5        ; RESERVED_INPUT_WITH_WEAK_PULLUP                           ;        ;              ;         ; Row I/O    ;                 ; no       ; On           ;
; N19      ; 213        ; 5        ; RESERVED_INPUT_WITH_WEAK_PULLUP                           ;        ;              ;         ; Row I/O    ;                 ; no       ; On           ;
; N20      ; 212        ; 5        ; RESERVED_INPUT_WITH_WEAK_PULLUP                           ;        ;              ;         ; Row I/O    ;                 ; no       ; On           ;
; N21      ; 217        ; 5        ; RESERVED_INPUT_WITH_WEAK_PULLUP                           ;        ;              ;         ; Row I/O    ;                 ; no       ; On           ;
; N22      ; 216        ; 5        ; mouse_cursor_column[0]                                    ; output ; 2.5 V        ;         ; Row I/O    ; N               ; no       ; Off          ;
; P1       ; 53         ; 2        ; RESERVED_INPUT_WITH_WEAK_PULLUP                           ;        ;              ;         ; Row I/O    ;                 ; no       ; On           ;
; P2       ; 52         ; 2        ; RESERVED_INPUT_WITH_WEAK_PULLUP                           ;        ;              ;         ; Row I/O    ;                 ; no       ; On           ;
; P3       ; 58         ; 2        ; RESERVED_INPUT_WITH_WEAK_PULLUP                           ;        ;              ;         ; Row I/O    ;                 ; no       ; On           ;
; P4       ; 57         ; 2        ; RESERVED_INPUT_WITH_WEAK_PULLUP                           ;        ;              ;         ; Row I/O    ;                 ; no       ; On           ;
; P5       ; 63         ; 2        ; RESERVED_INPUT_WITH_WEAK_PULLUP                           ;        ;              ;         ; Row I/O    ;                 ; no       ; On           ;
; P6       ; 79         ; 2        ; RESERVED_INPUT_WITH_WEAK_PULLUP                           ;        ;              ;         ; Row I/O    ;                 ; no       ; On           ;
; P7       ; 74         ; 2        ; RESERVED_INPUT_WITH_WEAK_PULLUP                           ;        ;              ;         ; Row I/O    ;                 ; no       ; On           ;
; P8       ; 86         ; 2        ; RESERVED_INPUT_WITH_WEAK_PULLUP                           ;        ;              ;         ; Row I/O    ;                 ; no       ; On           ;
; P9       ;            ;          ; VCCINT                                                    ; power  ;              ; 1.2V    ; --         ;                 ; --       ; --           ;
; P10      ;            ;          ; VCCINT                                                    ; power  ;              ; 1.2V    ; --         ;                 ; --       ; --           ;
; P11      ;            ;          ; VCCINT                                                    ; power  ;              ; 1.2V    ; --         ;                 ; --       ; --           ;
; P12      ;            ;          ; VCCINT                                                    ; power  ;              ; 1.2V    ; --         ;                 ; --       ; --           ;
; P13      ;            ;          ; VCCINT                                                    ; power  ;              ; 1.2V    ; --         ;                 ; --       ; --           ;
; P14      ; 180        ; 5        ; RESERVED_INPUT_WITH_WEAK_PULLUP                           ;        ;              ;         ; Row I/O    ;                 ; no       ; On           ;
; P15      ; 192        ; 5        ; RESERVED_INPUT_WITH_WEAK_PULLUP                           ;        ;              ;         ; Row I/O    ;                 ; no       ; On           ;
; P16      ; 193        ; 5        ; RESERVED_INPUT_WITH_WEAK_PULLUP                           ;        ;              ;         ; Row I/O    ;                 ; no       ; On           ;
; P17      ; 197        ; 5        ; RESERVED_INPUT_WITH_WEAK_PULLUP                           ;        ;              ;         ; Row I/O    ;                 ; no       ; On           ;
; P18      ;            ; 5        ; VCCIO5                                                    ; power  ;              ; 2.5V    ; --         ;                 ; --       ; --           ;
; P19      ;            ;          ; GND                                                       ; gnd    ;              ;         ; --         ;                 ; --       ; --           ;
; P20      ; 208        ; 5        ; RESERVED_INPUT_WITH_WEAK_PULLUP                           ;        ;              ;         ; Row I/O    ;                 ; --       ; --           ;
; P21      ; 211        ; 5        ; mouse_data                                                ; bidir  ; 2.5 V        ;         ; Row I/O    ; Y               ; no       ; Off          ;
; P22      ; 210        ; 5        ; mouse_clk                                                 ; bidir  ; 2.5 V        ;         ; Row I/O    ; Y               ; no       ; Off          ;
; R1       ; 55         ; 2        ; RESERVED_INPUT_WITH_WEAK_PULLUP                           ;        ;              ;         ; Row I/O    ;                 ; no       ; On           ;
; R2       ; 54         ; 2        ; RESERVED_INPUT_WITH_WEAK_PULLUP                           ;        ;              ;         ; Row I/O    ;                 ; no       ; On           ;
; R3       ;            ;          ; GND                                                       ; gnd    ;              ;         ; --         ;                 ; --       ; --           ;
; R4       ;            ; 2        ; VCCIO2                                                    ; power  ;              ; 2.5V    ; --         ;                 ; --       ; --           ;
; R5       ; 80         ; 2        ; RESERVED_INPUT_WITH_WEAK_PULLUP                           ;        ;              ;         ; Row I/O    ;                 ; no       ; On           ;
; R6       ; 83         ; 2        ; RESERVED_INPUT_WITH_WEAK_PULLUP                           ;        ;              ;         ; Row I/O    ;                 ; no       ; On           ;
; R7       ; 84         ; 2        ; RESERVED_INPUT_WITH_WEAK_PULLUP                           ;        ;              ;         ; Row I/O    ;                 ; no       ; On           ;
; R8       ; 87         ; 2        ; RESERVED_INPUT_WITH_WEAK_PULLUP                           ;        ;              ;         ; Row I/O    ;                 ; no       ; On           ;
; R9       ; 88         ; 3        ; RESERVED_INPUT_WITH_WEAK_PULLUP                           ;        ;              ;         ; Column I/O ;                 ; no       ; On           ;
; R10      ; 90         ; 3        ; RESERVED_INPUT_WITH_WEAK_PULLUP                           ;        ;              ;         ; Column I/O ;                 ; no       ; On           ;
; R11      ; 97         ; 3        ; RESERVED_INPUT_WITH_WEAK_PULLUP                           ;        ;              ;         ; Column I/O ;                 ; no       ; On           ;
; R12      ; 98         ; 3        ; RESERVED_INPUT_WITH_WEAK_PULLUP                           ;        ;              ;         ; Column I/O ;                 ; no       ; On           ;
; R13      ; 153        ; 4        ; RESERVED_INPUT_WITH_WEAK_PULLUP                           ;        ;              ;         ; Column I/O ;                 ; no       ; On           ;
; R14      ; 175        ; 4        ; RESERVED_INPUT_WITH_WEAK_PULLUP                           ;        ;              ;         ; Column I/O ;                 ; no       ; On           ;
; R15      ; 176        ; 4        ; RESERVED_INPUT_WITH_WEAK_PULLUP                           ;        ;              ;         ; Column I/O ;                 ; no       ; On           ;
; R16      ; 172        ; 4        ; RESERVED_INPUT_WITH_WEAK_PULLUP                           ;        ;              ;         ; Column I/O ;                 ; no       ; On           ;
; R17      ; 194        ; 5        ; RESERVED_INPUT_WITH_WEAK_PULLUP                           ;        ;              ;         ; Row I/O    ;                 ; --       ; --           ;
; R18      ; 203        ; 5        ; RESERVED_INPUT_WITH_WEAK_PULLUP                           ;        ;              ;         ; Row I/O    ;                 ; no       ; On           ;
; R19      ; 204        ; 5        ; RESERVED_INPUT_WITH_WEAK_PULLUP                           ;        ;              ;         ; Row I/O    ;                 ; no       ; On           ;
; R20      ; 200        ; 5        ; RESERVED_INPUT_WITH_WEAK_PULLUP                           ;        ;              ;         ; Row I/O    ;                 ; no       ; On           ;
; R21      ; 207        ; 5        ; RESERVED_INPUT_WITH_WEAK_PULLUP                           ;        ;              ;         ; Row I/O    ;                 ; no       ; On           ;
; R22      ; 206        ; 5        ; RESERVED_INPUT_WITH_WEAK_PULLUP                           ;        ;              ;         ; Row I/O    ;                 ; no       ; On           ;
; T1       ; 41         ; 2        ; GND+                                                      ;        ;              ;         ; Row I/O    ;                 ; --       ; --           ;
; T2       ; 40         ; 2        ; GND+                                                      ;        ;              ;         ; Row I/O    ;                 ; --       ; --           ;
; T3       ; 72         ; 2        ; RESERVED_INPUT_WITH_WEAK_PULLUP                           ;        ;              ;         ; Row I/O    ;                 ; --       ; --           ;
; T4       ; 81         ; 2        ; RESERVED_INPUT_WITH_WEAK_PULLUP                           ;        ;              ;         ; Row I/O    ;                 ; no       ; On           ;
; T5       ; 82         ; 2        ; RESERVED_INPUT_WITH_WEAK_PULLUP                           ;        ;              ;         ; Row I/O    ;                 ; no       ; On           ;
; T6       ;            ; --       ; VCCA1                                                     ; power  ;              ; 2.5V    ; --         ;                 ; --       ; --           ;
; T7       ; 85         ; 2        ; RESERVED_INPUT_WITH_WEAK_PULLUP                           ;        ;              ;         ; Row I/O    ;                 ; no       ; On           ;
; T8       ; 89         ; 3        ; RESERVED_INPUT_WITH_WEAK_PULLUP                           ;        ;              ;         ; Column I/O ;                 ; no       ; On           ;
; T9       ; 91         ; 3        ; RESERVED_INPUT_WITH_WEAK_PULLUP                           ;        ;              ;         ; Column I/O ;                 ; no       ; On           ;
; T10      ; 121        ; 3        ; RESERVED_INPUT_WITH_WEAK_PULLUP                           ;        ;              ;         ; Column I/O ;                 ; no       ; On           ;
; T11      ; 125        ; 3        ; RESERVED_INPUT_WITH_WEAK_PULLUP                           ;        ;              ;         ; Column I/O ;                 ; no       ; On           ;
; T12      ; 148        ; 4        ; RESERVED_INPUT_WITH_WEAK_PULLUP                           ;        ;              ;         ; Column I/O ;                 ; no       ; On           ;
; T13      ;            ;          ; VCCINT                                                    ; power  ;              ; 1.2V    ; --         ;                 ; --       ; --           ;
; T14      ; 160        ; 4        ; RESERVED_INPUT_WITH_WEAK_PULLUP                           ;        ;              ;         ; Column I/O ;                 ; no       ; On           ;
; T15      ; 161        ; 4        ; RESERVED_INPUT_WITH_WEAK_PULLUP                           ;        ;              ;         ; Column I/O ;                 ; no       ; On           ;
; T16      ; 171        ; 4        ; RESERVED_INPUT_WITH_WEAK_PULLUP                           ;        ;              ;         ; Column I/O ;                 ; no       ; On           ;
; T17      ; 181        ; 5        ; RESERVED_INPUT_WITH_WEAK_PULLUP                           ;        ;              ;         ; Row I/O    ;                 ; no       ; On           ;
; T18      ; 182        ; 5        ; RESERVED_INPUT_WITH_WEAK_PULLUP                           ;        ;              ;         ; Row I/O    ;                 ; no       ; On           ;
; T19      ;            ; 5        ; VCCIO5                                                    ; power  ;              ; 2.5V    ; --         ;                 ; --       ; --           ;
; T20      ;            ;          ; GND                                                       ; gnd    ;              ;         ; --         ;                 ; --       ; --           ;
; T21      ; 224        ; 5        ; GND+                                                      ;        ;              ;         ; Row I/O    ;                 ; --       ; --           ;
; T22      ; 223        ; 5        ; GND+                                                      ;        ;              ;         ; Row I/O    ;                 ; --       ; --           ;
; U1       ; 60         ; 2        ; RESERVED_INPUT_WITH_WEAK_PULLUP                           ;        ;              ;         ; Row I/O    ;                 ; no       ; On           ;
; U2       ; 59         ; 2        ; RESERVED_INPUT_WITH_WEAK_PULLUP                           ;        ;              ;         ; Row I/O    ;                 ; no       ; On           ;
; U3       ;            ;          ; GND                                                       ; gnd    ;              ;         ; --         ;                 ; --       ; --           ;
; U4       ;            ; 2        ; VCCIO2                                                    ; power  ;              ; 2.5V    ; --         ;                 ; --       ; --           ;
; U5       ;            ;          ; GNDA1                                                     ; gnd    ;              ;         ; --         ;                 ; --       ; --           ;
; U6       ;            ;          ; VCCD_PLL1                                                 ; power  ;              ; 1.2V    ; --         ;                 ; --       ; --           ;
; U7       ; 94         ; 3        ; RESERVED_INPUT_WITH_WEAK_PULLUP                           ;        ;              ;         ; Column I/O ;                 ; no       ; On           ;
; U8       ; 95         ; 3        ; RESERVED_INPUT_WITH_WEAK_PULLUP                           ;        ;              ;         ; Column I/O ;                 ; no       ; On           ;
; U9       ; 112        ; 3        ; RESERVED_INPUT_WITH_WEAK_PULLUP                           ;        ;              ;         ; Column I/O ;                 ; no       ; On           ;
; U10      ; 122        ; 3        ; RESERVED_INPUT_WITH_WEAK_PULLUP                           ;        ;              ;         ; Column I/O ;                 ; no       ; On           ;
; U11      ; 128        ; 3        ; RESERVED_INPUT_WITH_WEAK_PULLUP                           ;        ;              ;         ; Column I/O ;                 ; no       ; On           ;
; U12      ; 147        ; 4        ; RESERVED_INPUT_WITH_WEAK_PULLUP                           ;        ;              ;         ; Column I/O ;                 ; no       ; On           ;
; U13      ; 156        ; 4        ; RESERVED_INPUT_WITH_WEAK_PULLUP                           ;        ;              ;         ; Column I/O ;                 ; no       ; On           ;
; U14      ; 174        ; 4        ; RESERVED_INPUT_WITH_WEAK_PULLUP                           ;        ;              ;         ; Column I/O ;                 ; no       ; On           ;
; U15      ; 173        ; 4        ; RESERVED_INPUT_WITH_WEAK_PULLUP                           ;        ;              ;         ; Column I/O ;                 ; no       ; On           ;
; U16      ;            ;          ; VCCINT                                                    ; power  ;              ; 1.2V    ; --         ;                 ; --       ; --           ;
; U17      ;            ;          ; VCCINT                                                    ; power  ;              ; 1.2V    ; --         ;                 ; --       ; --           ;
; U18      ;            ; --       ; VCCA4                                                     ; power  ;              ; 2.5V    ; --         ;                 ; --       ; --           ;
; U19      ; 188        ; 5        ; RESERVED_INPUT_WITH_WEAK_PULLUP                           ;        ;              ;         ; Row I/O    ;                 ; no       ; On           ;
; U20      ; 187        ; 5        ; RESERVED_INPUT_WITH_WEAK_PULLUP                           ;        ;              ;         ; Row I/O    ;                 ; no       ; On           ;
; U21      ; 202        ; 5        ; RESERVED_INPUT_WITH_WEAK_PULLUP                           ;        ;              ;         ; Row I/O    ;                 ; no       ; On           ;
; U22      ; 201        ; 5        ; RESERVED_INPUT_WITH_WEAK_PULLUP                           ;        ;              ;         ; Row I/O    ;                 ; no       ; On           ;
; V1       ; 62         ; 2        ; RESERVED_INPUT_WITH_WEAK_PULLUP                           ;        ;              ;         ; Row I/O    ;                 ; no       ; On           ;
; V2       ; 61         ; 2        ; RESERVED_INPUT_WITH_WEAK_PULLUP                           ;        ;              ;         ; Row I/O    ;                 ; no       ; On           ;
; V3       ; 78         ; 2        ; RESERVED_INPUT_WITH_WEAK_PULLUP                           ;        ;              ;         ; Row I/O    ;                 ; no       ; On           ;
; V4       ; 77         ; 2        ; RESERVED_INPUT_WITH_WEAK_PULLUP                           ;        ;              ;         ; Row I/O    ;                 ; no       ; On           ;
; V5       ; 93         ; 3        ; RESERVED_INPUT_WITH_WEAK_PULLUP                           ;        ;              ;         ; Column I/O ;                 ; no       ; On           ;
; V6       ; 92         ; 3        ; RESERVED_INPUT_WITH_WEAK_PULLUP                           ;        ;              ;         ; Column I/O ;                 ; no       ; On           ;
; V7       ; 105        ; 3        ; RESERVED_INPUT_WITH_WEAK_PULLUP                           ;        ;              ;         ; Column I/O ;                 ; no       ; On           ;
; V8       ; 113        ; 3        ; RESERVED_INPUT_WITH_WEAK_PULLUP                           ;        ;              ;         ; Column I/O ;                 ; no       ; On           ;
; V9       ; 119        ; 3        ; RESERVED_INPUT_WITH_WEAK_PULLUP                           ;        ;              ;         ; Column I/O ;                 ; --       ; --           ;
; V10      ; 120        ; 3        ; RESERVED_INPUT_WITH_WEAK_PULLUP                           ;        ;              ;         ; Column I/O ;                 ; no       ; On           ;
; V11      ; 129        ; 3        ; RESERVED_INPUT_WITH_WEAK_PULLUP                           ;        ;              ;         ; Column I/O ;                 ; no       ; On           ;
; V12      ; 142        ; 4        ; RESERVED_INPUT_WITH_WEAK_PULLUP                           ;        ;              ;         ; Column I/O ;                 ; no       ; On           ;
; V13      ; 154        ; 4        ; RESERVED_INPUT_WITH_WEAK_PULLUP                           ;        ;              ;         ; Column I/O ;                 ; no       ; On           ;
; V14      ; 157        ; 4        ; RESERVED_INPUT_WITH_WEAK_PULLUP                           ;        ;              ;         ; Column I/O ;                 ; no       ; On           ;
; V15      ; 158        ; 4        ; RESERVED_INPUT_WITH_WEAK_PULLUP                           ;        ;              ;         ; Column I/O ;                 ; no       ; On           ;
; V16      ; 168        ; 4        ; RESERVED_INPUT_WITH_WEAK_PULLUP                           ;        ;              ;         ; Column I/O ;                 ; --       ; --           ;
; V17      ;            ;          ; VCCD_PLL4                                                 ; power  ;              ; 1.2V    ; --         ;                 ; --       ; --           ;
; V18      ;            ;          ; GNDA4                                                     ; gnd    ;              ;         ; --         ;                 ; --       ; --           ;
; V19      ;            ; 5        ; VCCIO5                                                    ; power  ;              ; 2.5V    ; --         ;                 ; --       ; --           ;
; V20      ;            ;          ; GND                                                       ; gnd    ;              ;         ; --         ;                 ; --       ; --           ;
; V21      ; 199        ; 5        ; RESERVED_INPUT_WITH_WEAK_PULLUP                           ;        ;              ;         ; Row I/O    ;                 ; no       ; On           ;
; V22      ; 198        ; 5        ; RESERVED_INPUT_WITH_WEAK_PULLUP                           ;        ;              ;         ; Row I/O    ;                 ; no       ; On           ;
; W1       ; 69         ; 2        ; RESERVED_INPUT_WITH_WEAK_PULLUP                           ;        ;              ;         ; Row I/O    ;                 ; no       ; On           ;
; W2       ; 68         ; 2        ; RESERVED_INPUT_WITH_WEAK_PULLUP                           ;        ;              ;         ; Row I/O    ;                 ; no       ; On           ;
; W3       ;            ;          ; GND                                                       ; gnd    ;              ;         ; --         ;                 ; --       ; --           ;
; W4       ;            ; 2        ; VCCIO2                                                    ; power  ;              ; 2.5V    ; --         ;                 ; --       ; --           ;
; W5       ;            ; 3        ; VCCIO3                                                    ; power  ;              ; 2.5V    ; --         ;                 ; --       ; --           ;
; W6       ; 104        ; 3        ; RESERVED_INPUT_WITH_WEAK_PULLUP                           ;        ;              ;         ; Column I/O ;                 ; no       ; On           ;
; W7       ; 110        ; 3        ; RESERVED_INPUT_WITH_WEAK_PULLUP                           ;        ;              ;         ; Column I/O ;                 ; no       ; On           ;
; W8       ; 114        ; 3        ; RESERVED_INPUT_WITH_WEAK_PULLUP                           ;        ;              ;         ; Column I/O ;                 ; no       ; On           ;
; W9       ;            ; 3        ; VCCIO3                                                    ; power  ;              ; 2.5V    ; --         ;                 ; --       ; --           ;
; W10      ; 130        ; 3        ; RESERVED_INPUT_WITH_WEAK_PULLUP                           ;        ;              ;         ; Column I/O ;                 ; no       ; On           ;
; W11      ;            ; 3        ; VCCIO3                                                    ; power  ;              ; 2.5V    ; --         ;                 ; --       ; --           ;
; W12      ;            ; 4        ; VCCIO4                                                    ; power  ;              ; 2.5V    ; --         ;                 ; --       ; --           ;
; W13      ; 143        ; 4        ; RESERVED_INPUT_WITH_WEAK_PULLUP                           ;        ;              ;         ; Column I/O ;                 ; no       ; On           ;
; W14      ; 155        ; 4        ; RESERVED_INPUT_WITH_WEAK_PULLUP                           ;        ;              ;         ; Column I/O ;                 ; --       ; --           ;
; W15      ; 159        ; 4        ; RESERVED_INPUT_WITH_WEAK_PULLUP                           ;        ;              ;         ; Column I/O ;                 ; no       ; On           ;
; W16      ;            ; 4        ; VCCIO4                                                    ; power  ;              ; 2.5V    ; --         ;                 ; --       ; --           ;
; W17      ; 166        ; 4        ; RESERVED_INPUT_WITH_WEAK_PULLUP                           ;        ;              ;         ; Column I/O ;                 ; no       ; On           ;
; W18      ;            ; 4        ; VCCIO4                                                    ; power  ;              ; 2.5V    ; --         ;                 ; --       ; --           ;
; W19      ; 184        ; 5        ; RESERVED_INPUT_WITH_WEAK_PULLUP                           ;        ;              ;         ; Row I/O    ;                 ; no       ; On           ;
; W20      ; 183        ; 5        ; RESERVED_INPUT_WITH_WEAK_PULLUP                           ;        ;              ;         ; Row I/O    ;                 ; no       ; On           ;
; W21      ; 191        ; 5        ; RESERVED_INPUT_WITH_WEAK_PULLUP                           ;        ;              ;         ; Row I/O    ;                 ; no       ; On           ;
; W22      ; 190        ; 5        ; RESERVED_INPUT_WITH_WEAK_PULLUP                           ;        ;              ;         ; Row I/O    ;                 ; no       ; On           ;
; Y1       ; 71         ; 2        ; RESERVED_INPUT_WITH_WEAK_PULLUP                           ;        ;              ;         ; Row I/O    ;                 ; no       ; On           ;
; Y2       ; 70         ; 2        ; RESERVED_INPUT_WITH_WEAK_PULLUP                           ;        ;              ;         ; Row I/O    ;                 ; no       ; On           ;
; Y3       ; 99         ; 3        ; RESERVED_INPUT_WITH_WEAK_PULLUP                           ;        ;              ;         ; Column I/O ;                 ; no       ; On           ;
; Y4       ; 96         ; 3        ; RESERVED_INPUT_WITH_WEAK_PULLUP                           ;        ;              ;         ; Column I/O ;                 ; --       ; --           ;
; Y5       ;            ;          ; GND                                                       ; gnd    ;              ;         ; --         ;                 ; --       ; --           ;
; Y6       ; 101        ; 3        ; RESERVED_INPUT_WITH_WEAK_PULLUP                           ;        ;              ;         ; Column I/O ;                 ; no       ; On           ;
; Y7       ; 111        ; 3        ; RESERVED_INPUT_WITH_WEAK_PULLUP                           ;        ;              ;         ; Column I/O ;                 ; no       ; On           ;
; Y8       ; 117        ; 3        ; RESERVED_INPUT_WITH_WEAK_PULLUP                           ;        ;              ;         ; Column I/O ;                 ; no       ; On           ;
; Y9       ;            ;          ; GND                                                       ; gnd    ;              ;         ; --         ;                 ; --       ; --           ;
; Y10      ; 131        ; 3        ; RESERVED_INPUT_WITH_WEAK_PULLUP                           ;        ;              ;         ; Column I/O ;                 ; no       ; On           ;
; Y11      ;            ;          ; GND                                                       ; gnd    ;              ;         ; --         ;                 ; --       ; --           ;
; Y12      ;            ;          ; GND                                                       ; gnd    ;              ;         ; --         ;                 ; --       ; --           ;
; Y13      ; 144        ; 4        ; RESERVED_INPUT_WITH_WEAK_PULLUP                           ;        ;              ;         ; Column I/O ;                 ; no       ; On           ;
; Y14      ;            ; 4        ; VCCIO4                                                    ; power  ;              ; 2.5V    ; --         ;                 ; --       ; --           ;
; Y15      ;            ;          ; GND                                                       ; gnd    ;              ;         ; --         ;                 ; --       ; --           ;
; Y16      ;            ;          ; GND                                                       ; gnd    ;              ;         ; --         ;                 ; --       ; --           ;
; Y17      ; 167        ; 4        ; RESERVED_INPUT_WITH_WEAK_PULLUP                           ;        ;              ;         ; Column I/O ;                 ; no       ; On           ;
; Y18      ;            ;          ; GND                                                       ; gnd    ;              ;         ; --         ;                 ; --       ; --           ;
; Y19      ;            ; 5        ; VCCIO5                                                    ; power  ;              ; 2.5V    ; --         ;                 ; --       ; --           ;
; Y20      ;            ;          ; GND                                                       ; gnd    ;              ;         ; --         ;                 ; --       ; --           ;
; Y21      ; 186        ; 5        ; RESERVED_INPUT_WITH_WEAK_PULLUP                           ;        ;              ;         ; Row I/O    ;                 ; no       ; On           ;
; Y22      ; 185        ; 5        ; RESERVED_INPUT_WITH_WEAK_PULLUP                           ;        ;              ;         ; Row I/O    ;                 ; no       ; On           ;
+----------+------------+----------+-----------------------------------------------------------+--------+--------------+---------+------------+-----------------+----------+--------------+
Note: Pin directions (input, output or bidir) are based on device operating in user mode.


+----------------------------------------------------------------------------------------------------------+
; PLL Summary                                                                                              ;
+-------------------------------+--------------------------------------------------------------------------+
; Name                          ; altpll0:inst2|altpll:altpll_component|altpll0_altpll:auto_generated|pll1 ;
+-------------------------------+--------------------------------------------------------------------------+
; SDC pin name                  ; inst2|altpll_component|auto_generated|pll1                               ;
; PLL mode                      ; Normal                                                                   ;
; Compensate clock              ; clock0                                                                   ;
; Compensated input/output pins ; --                                                                       ;
; Switchover type               ; --                                                                       ;
; Input frequency 0             ; 50.0 MHz                                                                 ;
; Input frequency 1             ; --                                                                       ;
; Nominal PFD frequency         ; 50.0 MHz                                                                 ;
; Nominal VCO frequency         ; 599.9 MHz                                                                ;
; VCO post scale K counter      ; 2                                                                        ;
; VCO frequency control         ; Auto                                                                     ;
; VCO phase shift step          ; 208 ps                                                                   ;
; VCO multiply                  ; --                                                                       ;
; VCO divide                    ; --                                                                       ;
; Freq min lock                 ; 25.0 MHz                                                                 ;
; Freq max lock                 ; 54.18 MHz                                                                ;
; M VCO Tap                     ; 0                                                                        ;
; M Initial                     ; 1                                                                        ;
; M value                       ; 12                                                                       ;
; N value                       ; 1                                                                        ;
; Charge pump current           ; setting 1                                                                ;
; Loop filter resistance        ; setting 27                                                               ;
; Loop filter capacitance       ; setting 0                                                                ;
; Bandwidth                     ; 680 kHz to 980 kHz                                                       ;
; Bandwidth type                ; Medium                                                                   ;
; Real time reconfigurable      ; Off                                                                      ;
; Scan chain MIF file           ; --                                                                       ;
; Preserve PLL counter order    ; Off                                                                      ;
; PLL location                  ; PLL_2                                                                    ;
; Inclk0 signal                 ; clk                                                                      ;
; Inclk1 signal                 ; --                                                                       ;
; Inclk0 signal type            ; Dedicated Pin                                                            ;
; Inclk1 signal type            ; --                                                                       ;
+-------------------------------+--------------------------------------------------------------------------+


+------------------------------------------------------------------------------------------------------------------------------------------------------------------------------------------------------------------------------------------------------------------------------------------------------------------+
; PLL Usage                                                                                                                                                                                                                                                                                                        ;
+--------------------------------------------------------------------------------------+--------------+------+-----+------------------+-------------+------------------+------------+---------+---------------+------------+---------------+---------+---------+---------------------------------------------------+
; Name                                                                                 ; Output Clock ; Mult ; Div ; Output Frequency ; Phase Shift ; Phase Shift Step ; Duty Cycle ; Counter ; Counter Value ; High / Low ; Cascade Input ; Initial ; VCO Tap ; SDC Pin Name                                      ;
+--------------------------------------------------------------------------------------+--------------+------+-----+------------------+-------------+------------------+------------+---------+---------------+------------+---------------+---------+---------+---------------------------------------------------+
; altpll0:inst2|altpll:altpll_component|altpll0_altpll:auto_generated|wire_pll1_clk[0] ; clock0       ; 1    ; 2   ; 25.0 MHz         ; 0 (0 ps)    ; 1.88 (208 ps)    ; 50/50      ; C0      ; 24            ; 12/12 Even ; --            ; 1       ; 0       ; inst2|altpll_component|auto_generated|pll1|clk[0] ;
+--------------------------------------------------------------------------------------+--------------+------+-----+------------------+-------------+------------------+------------+---------+---------------+------------+---------------+---------+---------+---------------------------------------------------+


+--------------------------------------------------------------------------------------------------------------------------------------------------------------------------------------------------------------------------------------------------------------------------------------------------------------------------------------------------------+
; Fitter Resource Utilization by Entity                                                                                                                                                                                                                                                                                                                  ;
+-------------------------------------------+-------------+---------------------------+---------------+-------------+------+--------------+---------+-----------+------+--------------+--------------+-------------------+------------------+---------------------------------------------------------------------------------------------+--------------+
; Compilation Hierarchy Node                ; Logic Cells ; Dedicated Logic Registers ; I/O Registers ; Memory Bits ; M9Ks ; DSP Elements ; DSP 9x9 ; DSP 18x18 ; Pins ; Virtual Pins ; LUT-Only LCs ; Register-Only LCs ; LUT/Register LCs ; Full Hierarchy Name                                                                         ; Library Name ;
+-------------------------------------------+-------------+---------------------------+---------------+-------------+------+--------------+---------+-----------+------+--------------+--------------+-------------------+------------------+---------------------------------------------------------------------------------------------+--------------+
; |miniProject                              ; 703 (1)     ; 282 (0)                   ; 0 (0)         ; 4096        ; 1    ; 0            ; 0       ; 0         ; 56   ; 0            ; 421 (1)      ; 65 (0)            ; 217 (0)          ; |miniProject                                                                                ; work         ;
;    |MOUSE:inst5|                          ; 151 (151)   ; 120 (120)                 ; 0 (0)         ; 0           ; 0    ; 0            ; 0       ; 0         ; 0    ; 0            ; 31 (31)      ; 40 (40)           ; 80 (80)          ; |miniProject|MOUSE:inst5                                                                    ; work         ;
;    |VGA_SYNC:inst|                        ; 88 (88)     ; 48 (48)                   ; 0 (0)         ; 0           ; 0    ; 0            ; 0       ; 0         ; 0    ; 0            ; 40 (40)      ; 16 (16)           ; 32 (32)          ; |miniProject|VGA_SYNC:inst                                                                  ; work         ;
;    |altpll0:inst2|                        ; 0 (0)       ; 0 (0)                     ; 0 (0)         ; 0           ; 0    ; 0            ; 0       ; 0         ; 0    ; 0            ; 0 (0)        ; 0 (0)             ; 0 (0)            ; |miniProject|altpll0:inst2                                                                  ; work         ;
;       |altpll:altpll_component|           ; 0 (0)       ; 0 (0)                     ; 0 (0)         ; 0           ; 0    ; 0            ; 0       ; 0         ; 0    ; 0            ; 0 (0)        ; 0 (0)             ; 0 (0)            ; |miniProject|altpll0:inst2|altpll:altpll_component                                          ; work         ;
;          |altpll0_altpll:auto_generated|  ; 0 (0)       ; 0 (0)                     ; 0 (0)         ; 0           ; 0    ; 0            ; 0       ; 0         ; 0    ; 0            ; 0 (0)        ; 0 (0)             ; 0 (0)            ; |miniProject|altpll0:inst2|altpll:altpll_component|altpll0_altpll:auto_generated            ; work         ;
;    |char_rom:inst12|                      ; 137 (137)   ; 18 (18)                   ; 0 (0)         ; 4096        ; 1    ; 0            ; 0       ; 0         ; 0    ; 0            ; 115 (115)    ; 5 (5)             ; 17 (17)          ; |miniProject|char_rom:inst12                                                                ; work         ;
;       |altsyncram:altsyncram_component|   ; 0 (0)       ; 0 (0)                     ; 0 (0)         ; 4096        ; 1    ; 0            ; 0       ; 0         ; 0    ; 0            ; 0 (0)        ; 0 (0)             ; 0 (0)            ; |miniProject|char_rom:inst12|altsyncram:altsyncram_component                                ; work         ;
;          |altsyncram_kt91:auto_generated| ; 0 (0)       ; 0 (0)                     ; 0 (0)         ; 4096        ; 1    ; 0            ; 0       ; 0         ; 0    ; 0            ; 0 (0)        ; 0 (0)             ; 0 (0)            ; |miniProject|char_rom:inst12|altsyncram:altsyncram_component|altsyncram_kt91:auto_generated ; work         ;
;    |lfsr_9:inst13|                        ; 43 (9)      ; 42 (9)                    ; 0 (0)         ; 0           ; 0    ; 0            ; 0       ; 0         ; 0    ; 0            ; 1 (0)        ; 1 (0)             ; 41 (9)           ; |miniProject|lfsr_9:inst13                                                                  ; work         ;
;       |converter:convert|                 ; 34 (34)     ; 33 (33)                   ; 0 (0)         ; 0           ; 0    ; 0            ; 0       ; 0         ; 0    ; 0            ; 1 (1)        ; 1 (1)             ; 32 (32)          ; |miniProject|lfsr_9:inst13|converter:convert                                                ; work         ;
;    |objects:inst7|                        ; 214 (214)   ; 40 (40)                   ; 0 (0)         ; 0           ; 0    ; 0            ; 0       ; 0         ; 0    ; 0            ; 169 (169)    ; 2 (2)             ; 43 (43)          ; |miniProject|objects:inst7                                                                  ; work         ;
;    |upCounter:inst9|                      ; 78 (5)      ; 14 (1)                    ; 0 (0)         ; 0           ; 0    ; 0            ; 0       ; 0         ; 0    ; 0            ; 64 (4)       ; 1 (0)             ; 13 (1)           ; |miniProject|upCounter:inst9                                                                ; work         ;
;       |BCD_Counter:min|                   ; 4 (4)       ; 4 (4)                     ; 0 (0)         ; 0           ; 0    ; 0            ; 0       ; 0         ; 0    ; 0            ; 0 (0)        ; 0 (0)             ; 4 (4)            ; |miniProject|upCounter:inst9|BCD_Counter:min                                                ; work         ;
;       |BCD_Counter:one|                   ; 5 (5)       ; 4 (4)                     ; 0 (0)         ; 0           ; 0    ; 0            ; 0       ; 0         ; 0    ; 0            ; 1 (1)        ; 0 (0)             ; 4 (4)            ; |miniProject|upCounter:inst9|BCD_Counter:one                                                ; work         ;
;       |BCD_Counter:ten|                   ; 7 (7)       ; 4 (4)                     ; 0 (0)         ; 0           ; 0    ; 0            ; 0       ; 0         ; 0    ; 0            ; 3 (3)        ; 0 (0)             ; 4 (4)            ; |miniProject|upCounter:inst9|BCD_Counter:ten                                                ; work         ;
;       |bcd_Display:minDisp|               ; 14 (14)     ; 0 (0)                     ; 0 (0)         ; 0           ; 0    ; 0            ; 0       ; 0         ; 0    ; 0            ; 14 (14)      ; 0 (0)             ; 0 (0)            ; |miniProject|upCounter:inst9|bcd_Display:minDisp                                            ; work         ;
;       |bcd_Display:oneDisp|               ; 14 (14)     ; 0 (0)                     ; 0 (0)         ; 0           ; 0    ; 0            ; 0       ; 0         ; 0    ; 0            ; 14 (14)      ; 0 (0)             ; 0 (0)            ; |miniProject|upCounter:inst9|bcd_Display:oneDisp                                            ; work         ;
;       |bcd_Display:tenDisp|               ; 14 (14)     ; 0 (0)                     ; 0 (0)         ; 0           ; 0    ; 0            ; 0       ; 0         ; 0    ; 0            ; 14 (14)      ; 0 (0)             ; 0 (0)            ; |miniProject|upCounter:inst9|bcd_Display:tenDisp                                            ; work         ;
;       |converter:convert|                 ; 15 (15)     ; 1 (1)                     ; 0 (0)         ; 0           ; 0    ; 0            ; 0       ; 0         ; 0    ; 0            ; 14 (14)      ; 1 (1)             ; 0 (0)            ; |miniProject|upCounter:inst9|converter:convert                                              ; work         ;
+-------------------------------------------+-------------+---------------------------+---------------+-------------+------+--------------+---------+-----------+------+--------------+--------------+-------------------+------------------+---------------------------------------------------------------------------------------------+--------------+
Note: For table entries with two numbers listed, the numbers in parentheses indicate the number of resources of the given type used by the specific entity alone. The numbers listed outside of parentheses indicate the total resources of the given type used by the specific entity and all of its sub-entities in the hierarchy.


+--------------------------------------------------------------------------------------------------------+
; Delay Chain Summary                                                                                    ;
+------------------------+----------+---------------+---------------+-----------------------+-----+------+
; Name                   ; Pin Type ; Pad to Core 0 ; Pad to Core 1 ; Pad to Input Register ; TCO ; TCOE ;
+------------------------+----------+---------------+---------------+-----------------------+-----+------+
; red_out                ; Output   ; --            ; --            ; --                    ; --  ; --   ;
; green_out              ; Output   ; --            ; --            ; --                    ; --  ; --   ;
; blue_out               ; Output   ; --            ; --            ; --                    ; --  ; --   ;
; horiz_sync_out         ; Output   ; --            ; --            ; --                    ; --  ; --   ;
; vert_sync_out          ; Output   ; --            ; --            ; --                    ; --  ; --   ;
; right_button           ; Output   ; --            ; --            ; --                    ; --  ; --   ;
; mouse_cursor_column[9] ; Output   ; --            ; --            ; --                    ; --  ; --   ;
; mouse_cursor_column[8] ; Output   ; --            ; --            ; --                    ; --  ; --   ;
; mouse_cursor_column[7] ; Output   ; --            ; --            ; --                    ; --  ; --   ;
; mouse_cursor_column[6] ; Output   ; --            ; --            ; --                    ; --  ; --   ;
; mouse_cursor_column[5] ; Output   ; --            ; --            ; --                    ; --  ; --   ;
; mouse_cursor_column[4] ; Output   ; --            ; --            ; --                    ; --  ; --   ;
; mouse_cursor_column[3] ; Output   ; --            ; --            ; --                    ; --  ; --   ;
; mouse_cursor_column[2] ; Output   ; --            ; --            ; --                    ; --  ; --   ;
; mouse_cursor_column[1] ; Output   ; --            ; --            ; --                    ; --  ; --   ;
; mouse_cursor_column[0] ; Output   ; --            ; --            ; --                    ; --  ; --   ;
; mouse_cursor_row[9]    ; Output   ; --            ; --            ; --                    ; --  ; --   ;
; mouse_cursor_row[8]    ; Output   ; --            ; --            ; --                    ; --  ; --   ;
; mouse_cursor_row[7]    ; Output   ; --            ; --            ; --                    ; --  ; --   ;
; mouse_cursor_row[6]    ; Output   ; --            ; --            ; --                    ; --  ; --   ;
; mouse_cursor_row[5]    ; Output   ; --            ; --            ; --                    ; --  ; --   ;
; mouse_cursor_row[4]    ; Output   ; --            ; --            ; --                    ; --  ; --   ;
; mouse_cursor_row[3]    ; Output   ; --            ; --            ; --                    ; --  ; --   ;
; mouse_cursor_row[2]    ; Output   ; --            ; --            ; --                    ; --  ; --   ;
; mouse_cursor_row[1]    ; Output   ; --            ; --            ; --                    ; --  ; --   ;
; mouse_cursor_row[0]    ; Output   ; --            ; --            ; --                    ; --  ; --   ;
; seg0[7]                ; Output   ; --            ; --            ; --                    ; --  ; --   ;
; seg0[6]                ; Output   ; --            ; --            ; --                    ; --  ; --   ;
; seg0[5]                ; Output   ; --            ; --            ; --                    ; --  ; --   ;
; seg0[4]                ; Output   ; --            ; --            ; --                    ; --  ; --   ;
; seg0[3]                ; Output   ; --            ; --            ; --                    ; --  ; --   ;
; seg0[2]                ; Output   ; --            ; --            ; --                    ; --  ; --   ;
; seg0[1]                ; Output   ; --            ; --            ; --                    ; --  ; --   ;
; seg0[0]                ; Output   ; --            ; --            ; --                    ; --  ; --   ;
; seg1[7]                ; Output   ; --            ; --            ; --                    ; --  ; --   ;
; seg1[6]                ; Output   ; --            ; --            ; --                    ; --  ; --   ;
; seg1[5]                ; Output   ; --            ; --            ; --                    ; --  ; --   ;
; seg1[4]                ; Output   ; --            ; --            ; --                    ; --  ; --   ;
; seg1[3]                ; Output   ; --            ; --            ; --                    ; --  ; --   ;
; seg1[2]                ; Output   ; --            ; --            ; --                    ; --  ; --   ;
; seg1[1]                ; Output   ; --            ; --            ; --                    ; --  ; --   ;
; seg1[0]                ; Output   ; --            ; --            ; --                    ; --  ; --   ;
; seg2[7]                ; Output   ; --            ; --            ; --                    ; --  ; --   ;
; seg2[6]                ; Output   ; --            ; --            ; --                    ; --  ; --   ;
; seg2[5]                ; Output   ; --            ; --            ; --                    ; --  ; --   ;
; seg2[4]                ; Output   ; --            ; --            ; --                    ; --  ; --   ;
; seg2[3]                ; Output   ; --            ; --            ; --                    ; --  ; --   ;
; seg2[2]                ; Output   ; --            ; --            ; --                    ; --  ; --   ;
; seg2[1]                ; Output   ; --            ; --            ; --                    ; --  ; --   ;
; seg2[0]                ; Output   ; --            ; --            ; --                    ; --  ; --   ;
; mouse_data             ; Bidir    ; (6) 1314 ps   ; --            ; --                    ; --  ; --   ;
; mouse_clk              ; Bidir    ; (6) 1314 ps   ; --            ; --                    ; --  ; --   ;
; pb0                    ; Input    ; --            ; (6) 1314 ps   ; --                    ; --  ; --   ;
; training               ; Input    ; (6) 1314 ps   ; --            ; --                    ; --  ; --   ;
; game                   ; Input    ; (6) 1314 ps   ; --            ; --                    ; --  ; --   ;
; clk                    ; Input    ; --            ; --            ; --                    ; --  ; --   ;
+------------------------+----------+---------------+---------------+-----------------------+-----+------+


+---------------------------------------------------------------------------+
; Pad To Core Delay Chain Fanout                                            ;
+---------------------------------------------+-------------------+---------+
; Source Pin / Fanout                         ; Pad To Core Index ; Setting ;
+---------------------------------------------+-------------------+---------+
; mouse_data                                  ;                   ;         ;
;      - MOUSE:inst5|right_button~0           ; 0                 ; 6       ;
;      - MOUSE:inst5|READ_CHAR~0              ; 0                 ; 6       ;
;      - MOUSE:inst5|iready_set~0             ; 0                 ; 6       ;
;      - MOUSE:inst5|SHIFTIN[8]~feeder        ; 0                 ; 6       ;
; mouse_clk                                   ;                   ;         ;
;      - MOUSE:inst5|filter[0]~feeder         ; 0                 ; 6       ;
; pb0                                         ;                   ;         ;
;      - lfsr_9:inst13|v_lfsr[4]              ; 1                 ; 6       ;
;      - upCounter:inst9|LEDoff~0             ; 1                 ; 6       ;
;      - char_rom:inst12|process_0~10         ; 1                 ; 6       ;
;      - char_rom:inst12|character_address~9  ; 1                 ; 6       ;
;      - char_rom:inst12|rom_address[3]~1     ; 1                 ; 6       ;
;      - objects:inst7|ball_x_pos[2]~0        ; 1                 ; 6       ;
;      - objects:inst7|ball_x_pos[2]~1        ; 1                 ; 6       ;
;      - objects:inst7|ball_x_pos[10]~2       ; 1                 ; 6       ;
;      - lfsr_9:inst13|v_lfsr~0               ; 1                 ; 6       ;
;      - lfsr_9:inst13|v_lfsr~1               ; 1                 ; 6       ;
;      - lfsr_9:inst13|v_lfsr~2               ; 1                 ; 6       ;
;      - lfsr_9:inst13|v_lfsr~3               ; 1                 ; 6       ;
;      - lfsr_9:inst13|v_lfsr~5               ; 1                 ; 6       ;
;      - lfsr_9:inst13|v_lfsr~6               ; 1                 ; 6       ;
;      - lfsr_9:inst13|v_lfsr~7               ; 1                 ; 6       ;
;      - lfsr_9:inst13|v_lfsr~8               ; 1                 ; 6       ;
;      - objects:inst7|\Move_Pipe:added~0     ; 1                 ; 6       ;
;      - char_rom:inst12|mode~0               ; 1                 ; 6       ;
;      - char_rom:inst12|process_0~20         ; 1                 ; 6       ;
;      - objects:inst7|\Start_Ball:start~0    ; 1                 ; 6       ;
;      - objects:inst7|\Move_Pipe:start~0     ; 1                 ; 6       ;
;      - char_rom:inst12|process_0~21         ; 1                 ; 6       ;
;      - char_rom:inst12|character_address~69 ; 1                 ; 6       ;
; training                                    ;                   ;         ;
;      - char_rom:inst12|rom_mux_output~2     ; 0                 ; 6       ;
;      - objects:inst7|ball_x_pos[2]~0        ; 0                 ; 6       ;
;      - char_rom:inst12|mode~0               ; 0                 ; 6       ;
;      - char_rom:inst12|process_0~20         ; 0                 ; 6       ;
;      - objects:inst7|\Start_Ball:start~0    ; 0                 ; 6       ;
; game                                        ;                   ;         ;
;      - char_rom:inst12|rom_mux_output~2     ; 0                 ; 6       ;
;      - objects:inst7|ball_x_pos[2]~0        ; 0                 ; 6       ;
;      - char_rom:inst12|mode~0               ; 0                 ; 6       ;
;      - char_rom:inst12|process_0~20         ; 0                 ; 6       ;
;      - objects:inst7|\Start_Ball:start~0    ; 0                 ; 6       ;
; clk                                         ;                   ;         ;
+---------------------------------------------+-------------------+---------+


+----------------------------------------------------------------------------------------------------------------------------------------------------------------------------------------------------------------------------------+
; Control Signals                                                                                                                                                                                                                  ;
+--------------------------------------------------------------------------------------+--------------------+---------+-----------------------------+--------+----------------------+------------------+---------------------------+
; Name                                                                                 ; Location           ; Fan-Out ; Usage                       ; Global ; Global Resource Used ; Global Line Name ; Enable Signal Source Name ;
+--------------------------------------------------------------------------------------+--------------------+---------+-----------------------------+--------+----------------------+------------------+---------------------------+
; MOUSE:inst5|Equal4~0                                                                 ; LCCOMB_X32_Y19_N4  ; 21      ; Sync. load                  ; no     ; --                   ; --               ; --                        ;
; MOUSE:inst5|INCNT[3]~1                                                               ; LCCOMB_X32_Y19_N12 ; 4       ; Clock enable                ; no     ; --                   ; --               ; --                        ;
; MOUSE:inst5|MOUSE_CLK_FILTER                                                         ; FF_X22_Y2_N17      ; 92      ; Clock                       ; yes    ; Global Clock         ; GCLK16           ; --                        ;
; MOUSE:inst5|MOUSE_DATA_BUF~0                                                         ; LCCOMB_X33_Y21_N24 ; 10      ; Clock enable                ; no     ; --                   ; --               ; --                        ;
; MOUSE:inst5|PACKET_CHAR1[1]~1                                                        ; LCCOMB_X33_Y19_N16 ; 2       ; Clock enable                ; no     ; --                   ; --               ; --                        ;
; MOUSE:inst5|PACKET_CHAR2[7]~3                                                        ; LCCOMB_X28_Y19_N6  ; 8       ; Clock enable                ; no     ; --                   ; --               ; --                        ;
; MOUSE:inst5|PACKET_CHAR2[7]~4                                                        ; LCCOMB_X32_Y19_N2  ; 2       ; Clock enable                ; no     ; --                   ; --               ; --                        ;
; MOUSE:inst5|SHIFTIN[1]~0                                                             ; LCCOMB_X27_Y19_N28 ; 9       ; Clock enable                ; no     ; --                   ; --               ; --                        ;
; MOUSE:inst5|WideOr4                                                                  ; LCCOMB_X32_Y21_N6  ; 1       ; Output enable               ; no     ; --                   ; --               ; --                        ;
; MOUSE:inst5|cursor_column[9]~6                                                       ; LCCOMB_X32_Y19_N14 ; 19      ; Clock enable                ; no     ; --                   ; --               ; --                        ;
; MOUSE:inst5|mouse_state.INHIBIT_TRANS                                                ; FF_X32_Y18_N27     ; 17      ; Clock enable                ; no     ; --                   ; --               ; --                        ;
; MOUSE:inst5|mouse_state.WAIT_OUTPUT_READY                                            ; FF_X32_Y21_N29     ; 15      ; Clock enable, Output enable ; no     ; --                   ; --               ; --                        ;
; MOUSE:inst5|new_cursor_column[9]~30                                                  ; LCCOMB_X31_Y19_N22 ; 20      ; Clock enable                ; no     ; --                   ; --               ; --                        ;
; MOUSE:inst5|output_ready~0                                                           ; LCCOMB_X32_Y21_N8  ; 5       ; Clock enable                ; no     ; --                   ; --               ; --                        ;
; MOUSE:inst5|right_button~1                                                           ; LCCOMB_X32_Y19_N30 ; 10      ; Clock enable                ; no     ; --                   ; --               ; --                        ;
; MOUSE:inst5|send_data                                                                ; FF_X32_Y21_N31     ; 17      ; Async. clear                ; no     ; --                   ; --               ; --                        ;
; VGA_SYNC:inst|LessThan6~0                                                            ; LCCOMB_X20_Y20_N0  ; 11      ; Clock enable                ; no     ; --                   ; --               ; --                        ;
; VGA_SYNC:inst|LessThan7~1                                                            ; LCCOMB_X24_Y20_N18 ; 10      ; Clock enable                ; no     ; --                   ; --               ; --                        ;
; VGA_SYNC:inst|v_count[9]~1                                                           ; LCCOMB_X19_Y20_N6  ; 10      ; Clock enable                ; no     ; --                   ; --               ; --                        ;
; VGA_SYNC:inst|vert_sync_out                                                          ; FF_X40_Y15_N17     ; 40      ; Clock                       ; yes    ; Global Clock         ; GCLK6            ; --                        ;
; altpll0:inst2|altpll:altpll_component|altpll0_altpll:auto_generated|wire_pll1_clk[0] ; PLL_2              ; 129     ; Clock                       ; yes    ; Global Clock         ; GCLK8            ; --                        ;
; char_rom:inst12|character_address[2]~31                                              ; LCCOMB_X24_Y19_N8  ; 5       ; Clock enable                ; no     ; --                   ; --               ; --                        ;
; char_rom:inst12|character_address~30                                                 ; LCCOMB_X21_Y19_N24 ; 5       ; Sync. load                  ; no     ; --                   ; --               ; --                        ;
; char_rom:inst12|mode~0                                                               ; LCCOMB_X26_Y19_N20 ; 2       ; Clock enable                ; no     ; --                   ; --               ; --                        ;
; char_rom:inst12|rom_address[3]~4                                                     ; LCCOMB_X24_Y19_N14 ; 9       ; Clock enable                ; no     ; --                   ; --               ; --                        ;
; clk                                                                                  ; PIN_G21            ; 1       ; Clock                       ; no     ; --                   ; --               ; --                        ;
; lfsr_9:inst13|converter:convert|count~82                                             ; LCCOMB_X12_Y9_N0   ; 32      ; Sync. clear                 ; no     ; --                   ; --               ; --                        ;
; lfsr_9:inst13|converter:convert|vclkslow                                             ; FF_X19_Y28_N1      ; 9       ; Clock                       ; yes    ; Global Clock         ; GCLK14           ; --                        ;
; objects:inst7|\Move_Pipe:vscore_ten[0]~3                                             ; LCCOMB_X22_Y19_N0  ; 6       ; Clock enable                ; no     ; --                   ; --               ; --                        ;
; objects:inst7|\Move_Pipe:vscore_ten[0]~4                                             ; LCCOMB_X22_Y19_N22 ; 6       ; Clock enable                ; no     ; --                   ; --               ; --                        ;
; objects:inst7|ball_y_motion[1]~1                                                     ; LCCOMB_X31_Y18_N2  ; 2       ; Clock enable                ; no     ; --                   ; --               ; --                        ;
; pb0                                                                                  ; PIN_H2             ; 23      ; Sync. clear                 ; no     ; --                   ; --               ; --                        ;
; upCounter:inst9|BCD_Counter:ten|Q[2]~0                                               ; LCCOMB_X30_Y27_N16 ; 4       ; Clock enable                ; no     ; --                   ; --               ; --                        ;
; upCounter:inst9|LEDoff                                                               ; FF_X29_Y25_N5      ; 26      ; Clock enable                ; no     ; --                   ; --               ; --                        ;
; upCounter:inst9|converter:convert|vclkslow                                           ; FF_X40_Y15_N7      ; 13      ; Clock                       ; yes    ; Global Clock         ; GCLK5            ; --                        ;
; upCounter:inst9|v3Enable                                                             ; LCCOMB_X29_Y26_N18 ; 5       ; Clock enable                ; no     ; --                   ; --               ; --                        ;
+--------------------------------------------------------------------------------------+--------------------+---------+-----------------------------+--------+----------------------+------------------+---------------------------+


+------------------------------------------------------------------------------------------------------------------------------------------------------------------------------------------------------------------------------+
; Global & Other Fast Signals                                                                                                                                                                                                  ;
+--------------------------------------------------------------------------------------+----------------+---------+--------------------------------------+----------------------+------------------+---------------------------+
; Name                                                                                 ; Location       ; Fan-Out ; Fan-Out Using Intentional Clock Skew ; Global Resource Used ; Global Line Name ; Enable Signal Source Name ;
+--------------------------------------------------------------------------------------+----------------+---------+--------------------------------------+----------------------+------------------+---------------------------+
; MOUSE:inst5|MOUSE_CLK_FILTER                                                         ; FF_X22_Y2_N17  ; 92      ; 0                                    ; Global Clock         ; GCLK16           ; --                        ;
; VGA_SYNC:inst|vert_sync_out                                                          ; FF_X40_Y15_N17 ; 40      ; 2                                    ; Global Clock         ; GCLK6            ; --                        ;
; altpll0:inst2|altpll:altpll_component|altpll0_altpll:auto_generated|wire_pll1_clk[0] ; PLL_2          ; 129     ; 11                                   ; Global Clock         ; GCLK8            ; --                        ;
; lfsr_9:inst13|converter:convert|vclkslow                                             ; FF_X19_Y28_N1  ; 9       ; 0                                    ; Global Clock         ; GCLK14           ; --                        ;
; upCounter:inst9|converter:convert|vclkslow                                           ; FF_X40_Y15_N7  ; 13      ; 0                                    ; Global Clock         ; GCLK5            ; --                        ;
+--------------------------------------------------------------------------------------+----------------+---------+--------------------------------------+----------------------+------------------+---------------------------+


+-------------------------------------------------------------------------------------------------+
; Non-Global High Fan-Out Signals                                                                 ;
+---------------------------------------------------------------------------------------+---------+
; Name                                                                                  ; Fan-Out ;
+---------------------------------------------------------------------------------------+---------+
; VGA_SYNC:inst|pixel_column[6]                                                         ; 35      ;
; VGA_SYNC:inst|pixel_column[5]                                                         ; 33      ;
; lfsr_9:inst13|converter:convert|count~82                                              ; 32      ;
; upCounter:inst9|LEDoff                                                                ; 26      ;
; pb0~input                                                                             ; 23      ;
; MOUSE:inst5|Equal4~0                                                                  ; 21      ;
; MOUSE:inst5|new_cursor_column[9]~30                                                   ; 20      ;
; char_rom:inst12|Equal16~1                                                             ; 20      ;
; MOUSE:inst5|cursor_column[9]~6                                                        ; 19      ;
; char_rom:inst12|Equal18~1                                                             ; 18      ;
; MOUSE:inst5|send_data                                                                 ; 17      ;
; MOUSE:inst5|mouse_state.INHIBIT_TRANS                                                 ; 17      ;
; VGA_SYNC:inst|pixel_column[4]                                                         ; 16      ;
; MOUSE:inst5|mouse_state.WAIT_OUTPUT_READY                                             ; 15      ;
; ~GND                                                                                  ; 14      ;
; objects:inst7|pipe_x_pos[0]~0                                                         ; 13      ;
; char_rom:inst12|Equal17~0                                                             ; 13      ;
; upCounter:inst9|BCD_Counter:ten|Q[0]                                                  ; 13      ;
; MOUSE:inst5|Equal3~0                                                                  ; 12      ;
; upCounter:inst9|BCD_Counter:ten|Q[1]                                                  ; 12      ;
; upCounter:inst9|BCD_Counter:one|Q[0]                                                  ; 12      ;
; VGA_SYNC:inst|LessThan6~0                                                             ; 11      ;
; char_rom:inst12|Equal0~1                                                              ; 11      ;
; MOUSE:inst5|READ_CHAR                                                                 ; 11      ;
; upCounter:inst9|BCD_Counter:min|Q[0]                                                  ; 11      ;
; upCounter:inst9|BCD_Counter:ten|Q[3]                                                  ; 11      ;
; upCounter:inst9|BCD_Counter:ten|Q[2]                                                  ; 11      ;
; upCounter:inst9|BCD_Counter:one|Q[2]                                                  ; 11      ;
; upCounter:inst9|BCD_Counter:one|Q[1]                                                  ; 11      ;
; MOUSE:inst5|MOUSE_DATA_BUF~0                                                          ; 10      ;
; VGA_SYNC:inst|v_count[9]~1                                                            ; 10      ;
; VGA_SYNC:inst|LessThan7~1                                                             ; 10      ;
; char_rom:inst12|Equal20~0                                                             ; 10      ;
; char_rom:inst12|mode                                                                  ; 10      ;
; MOUSE:inst5|cursor_column[7]~4                                                        ; 10      ;
; MOUSE:inst5|cursor_column~3                                                           ; 10      ;
; MOUSE:inst5|right_button~1                                                            ; 10      ;
; VGA_SYNC:inst|pixel_row[7]                                                            ; 10      ;
; upCounter:inst9|BCD_Counter:min|Q[2]                                                  ; 10      ;
; upCounter:inst9|BCD_Counter:min|Q[1]                                                  ; 10      ;
; upCounter:inst9|BCD_Counter:one|Q[3]                                                  ; 10      ;
; char_rom:inst12|character_address[2]~27                                               ; 9       ;
; char_rom:inst12|rom_address[3]~4                                                      ; 9       ;
; MOUSE:inst5|SHIFTIN[1]~0                                                              ; 9       ;
; char_rom:inst12|Equal24~0                                                             ; 9       ;
; MOUSE:inst5|RECV_UART~4                                                               ; 9       ;
; MOUSE:inst5|cursor_row~0                                                              ; 9       ;
; MOUSE:inst5|LessThan1~0                                                               ; 9       ;
; objects:inst7|pipe_x_pos[10]                                                          ; 9       ;
; VGA_SYNC:inst|pixel_column[8]                                                         ; 9       ;
; VGA_SYNC:inst|pixel_row[6]                                                            ; 9       ;
; VGA_SYNC:inst|pixel_row[8]                                                            ; 9       ;
; upCounter:inst9|BCD_Counter:min|Q[3]                                                  ; 9       ;
; MOUSE:inst5|PACKET_CHAR2[7]~3                                                         ; 8       ;
; VGA_SYNC:inst|v_count[2]~0                                                            ; 8       ;
; objects:inst7|ball_y_motion[0]                                                        ; 8       ;
; char_rom:inst12|Equal19~0                                                             ; 8       ;
; char_rom:inst12|Equal1~1                                                              ; 8       ;
; char_rom:inst12|Equal21~0                                                             ; 8       ;
; char_rom:inst12|Equal16~0                                                             ; 8       ;
; VGA_SYNC:inst|pixel_column[9]                                                         ; 8       ;
; VGA_SYNC:inst|pixel_column[7]                                                         ; 8       ;
; VGA_SYNC:inst|pixel_row[4]                                                            ; 8       ;
; VGA_SYNC:inst|h_count[7]                                                              ; 7       ;
; VGA_SYNC:inst|h_count[8]                                                              ; 7       ;
; char_rom:inst12|process_0~12                                                          ; 7       ;
; char_rom:inst12|start_Play                                                            ; 7       ;
; objects:inst7|pipe_x_pos[3]                                                           ; 7       ;
; VGA_SYNC:inst|pixel_column[1]                                                         ; 7       ;
; VGA_SYNC:inst|pixel_column[3]                                                         ; 7       ;
; VGA_SYNC:inst|pixel_row[5]                                                            ; 7       ;
; objects:inst7|ball_y_pos[8]                                                           ; 7       ;
; upCounter:inst9|v2Init                                                                ; 6       ;
; objects:inst7|\Move_Pipe:vscore_ten[0]~4                                              ; 6       ;
; objects:inst7|\Move_Pipe:vscore_ten[0]~3                                              ; 6       ;
; char_rom:inst12|process_0~21                                                          ; 6       ;
; VGA_SYNC:inst|h_count[2]                                                              ; 6       ;
; VGA_SYNC:inst|h_count[5]                                                              ; 6       ;
; VGA_SYNC:inst|h_count[6]                                                              ; 6       ;
; VGA_SYNC:inst|h_count[9]                                                              ; 6       ;
; MOUSE:inst5|PACKET_COUNT[1]                                                           ; 6       ;
; objects:inst7|pipe_x_pos[4]                                                           ; 6       ;
; VGA_SYNC:inst|pixel_column[2]                                                         ; 6       ;
; game~input                                                                            ; 5       ;
; training~input                                                                        ; 5       ;
; upCounter:inst9|v3Enable                                                              ; 5       ;
; objects:inst7|\Move_Pipe:vscore_one[5]                                                ; 5       ;
; objects:inst7|\Move_Pipe:vscore_one[4]                                                ; 5       ;
; char_rom:inst12|character_address[2]~31                                               ; 5       ;
; char_rom:inst12|character_address~30                                                  ; 5       ;
; MOUSE:inst5|output_ready~0                                                            ; 5       ;
; MOUSE:inst5|OUTCNT[1]                                                                 ; 5       ;
; MOUSE:inst5|OUTCNT[2]                                                                 ; 5       ;
; MOUSE:inst5|OUTCNT[3]                                                                 ; 5       ;
; VGA_SYNC:inst|Equal0~1                                                                ; 5       ;
; VGA_SYNC:inst|Equal0~0                                                                ; 5       ;
; VGA_SYNC:inst|h_count[1]                                                              ; 5       ;
; VGA_SYNC:inst|h_count[0]                                                              ; 5       ;
; VGA_SYNC:inst|h_count[3]                                                              ; 5       ;
; VGA_SYNC:inst|h_count[4]                                                              ; 5       ;
; VGA_SYNC:inst|v_count[2]                                                              ; 5       ;
; VGA_SYNC:inst|v_count[3]                                                              ; 5       ;
; VGA_SYNC:inst|v_count[4]                                                              ; 5       ;
; VGA_SYNC:inst|v_count[7]                                                              ; 5       ;
; VGA_SYNC:inst|v_count[6]                                                              ; 5       ;
; VGA_SYNC:inst|v_count[5]                                                              ; 5       ;
; VGA_SYNC:inst|v_count[9]                                                              ; 5       ;
; VGA_SYNC:inst|v_count[8]                                                              ; 5       ;
; MOUSE:inst5|INCNT[3]                                                                  ; 5       ;
; MOUSE:inst5|INCNT[0]                                                                  ; 5       ;
; MOUSE:inst5|INCNT[1]                                                                  ; 5       ;
; MOUSE:inst5|PACKET_COUNT[0]                                                           ; 5       ;
; objects:inst7|pipe_x_pos[0]                                                           ; 5       ;
; objects:inst7|pipe_x_pos[1]                                                           ; 5       ;
; objects:inst7|pipe_x_pos[2]                                                           ; 5       ;
; objects:inst7|pipe_x_pos[5]                                                           ; 5       ;
; objects:inst7|pipe_x_pos[6]                                                           ; 5       ;
; objects:inst7|pipe_x_pos[7]                                                           ; 5       ;
; objects:inst7|pipe_x_pos[8]                                                           ; 5       ;
; objects:inst7|pipe_x_pos[9]                                                           ; 5       ;
; lfsr_9:inst13|v_lfsr[1]                                                               ; 5       ;
; lfsr_9:inst13|v_lfsr[0]                                                               ; 5       ;
; lfsr_9:inst13|v_lfsr[6]                                                               ; 5       ;
; lfsr_9:inst13|v_lfsr[8]                                                               ; 5       ;
; objects:inst7|ball_x_pos[2]                                                           ; 5       ;
; VGA_SYNC:inst|pixel_row[1]                                                            ; 5       ;
; VGA_SYNC:inst|pixel_row[2]                                                            ; 5       ;
; VGA_SYNC:inst|pixel_row[3]                                                            ; 5       ;
; char_rom:inst12|rom_mux_output                                                        ; 5       ;
; objects:inst7|ball_y_pos[9]                                                           ; 5       ;
; objects:inst7|ball_y_pos[0]                                                           ; 5       ;
; objects:inst7|ball_y_pos[1]                                                           ; 5       ;
; objects:inst7|ball_y_pos[2]                                                           ; 5       ;
; objects:inst7|ball_y_pos[3]                                                           ; 5       ;
; objects:inst7|ball_y_pos[4]                                                           ; 5       ;
; objects:inst7|ball_y_pos[5]                                                           ; 5       ;
; objects:inst7|ball_y_pos[6]                                                           ; 5       ;
; objects:inst7|ball_y_pos[7]                                                           ; 5       ;
; mouse_data~input                                                                      ; 4       ;
; char_rom:inst12|Equal18~2                                                             ; 4       ;
; MOUSE:inst5|OUTCNT[0]                                                                 ; 4       ;
; VGA_SYNC:inst|process_0~11                                                            ; 4       ;
; MOUSE:inst5|INCNT[3]~1                                                                ; 4       ;
; MOUSE:inst5|SHIFTIN[1]                                                                ; 4       ;
; char_rom:inst12|character_address~15                                                  ; 4       ;
; char_rom:inst12|process_0~16                                                          ; 4       ;
; char_rom:inst12|process_0~14                                                          ; 4       ;
; char_rom:inst12|rom_mux_output~7                                                      ; 4       ;
; char_rom:inst12|character_address~11                                                  ; 4       ;
; char_rom:inst12|character_address[2]~10                                               ; 4       ;
; char_rom:inst12|Equal18~0                                                             ; 4       ;
; char_rom:inst12|character_address~9                                                   ; 4       ;
; upCounter:inst9|BCD_Counter:ten|Q[2]~0                                                ; 4       ;
; MOUSE:inst5|INCNT[2]                                                                  ; 4       ;
; lfsr_9:inst13|v_lfsr[2]                                                               ; 4       ;
; lfsr_9:inst13|v_lfsr[7]                                                               ; 4       ;
; VGA_SYNC:inst|pixel_row[0]                                                            ; 4       ;
; MOUSE:inst5|new_cursor_column[8]                                                      ; 4       ;
; objects:inst7|LessThan12~5                                                            ; 3       ;
; objects:inst7|\Move_Pipe:added                                                        ; 3       ;
; objects:inst7|Equal0~0                                                                ; 3       ;
; MOUSE:inst5|iready_set                                                                ; 3       ;
; objects:inst7|\Move_Pipe:vscore_one[3]                                                ; 3       ;
; objects:inst7|\Move_Pipe:vscore_one[2]                                                ; 3       ;
; objects:inst7|\Move_Pipe:vscore_one[1]                                                ; 3       ;
; char_rom:inst12|character_address~21                                                  ; 3       ;
; objects:inst7|\Move_Pipe:vscore_one[0]                                                ; 3       ;
; char_rom:inst12|character_address[5]                                                  ; 3       ;
; MOUSE:inst5|SHIFTIN[0]                                                                ; 3       ;
; MOUSE:inst5|SHIFTIN[3]                                                                ; 3       ;
; MOUSE:inst5|SHIFTIN[4]                                                                ; 3       ;
; MOUSE:inst5|SHIFTIN[5]                                                                ; 3       ;
; MOUSE:inst5|SHIFTIN[6]                                                                ; 3       ;
; MOUSE:inst5|SHIFTIN[7]                                                                ; 3       ;
; MOUSE:inst5|send_char                                                                 ; 3       ;
; MOUSE:inst5|LessThan0~0                                                               ; 3       ;
; MOUSE:inst5|SHIFTIN[2]                                                                ; 3       ;
; VGA_SYNC:inst|Equal0~2                                                                ; 3       ;
; MOUSE:inst5|mouse_state.LOAD_COMMAND                                                  ; 3       ;
; upCounter:inst9|Equal1~0                                                              ; 3       ;
; upCounter:inst9|BCD_Counter:one|Equal0~0                                              ; 3       ;
; MOUSE:inst5|PACKET_CHAR3[7]                                                           ; 3       ;
; MOUSE:inst5|PACKET_CHAR2[7]                                                           ; 3       ;
; MOUSE:inst5|mouse_state.LOAD_COMMAND2                                                 ; 3       ;
; MOUSE:inst5|filter[2]                                                                 ; 3       ;
; objects:inst7|\Start_Ball:start                                                       ; 3       ;
; VGA_SYNC:inst|v_count[0]                                                              ; 3       ;
; VGA_SYNC:inst|v_count[1]                                                              ; 3       ;
; char_rom:inst12|rom_address[3]~1                                                      ; 3       ;
; char_rom:inst12|process_0~19                                                          ; 3       ;
; char_rom:inst12|Equal13~0                                                             ; 3       ;
; char_rom:inst12|Equal22~0                                                             ; 3       ;
; char_rom:inst12|Equal0~0                                                              ; 3       ;
; MOUSE:inst5|MOUSE_CLK_FILTER                                                          ; 3       ;
; lfsr_9:inst13|v_lfsr[3]                                                               ; 3       ;
; lfsr_9:inst13|v_lfsr[5]                                                               ; 3       ;
; VGA_SYNC:inst|red_out~6                                                               ; 3       ;
; objects:inst7|ball_x_pos[10]                                                          ; 3       ;
; VGA_SYNC:inst|pixel_column[0]                                                         ; 3       ;
; MOUSE:inst5|cursor_row[7]                                                             ; 3       ;
; MOUSE:inst5|cursor_row[8]                                                             ; 3       ;
; MOUSE:inst5|cursor_column[7]                                                          ; 3       ;
; MOUSE:inst5|cursor_column[8]                                                          ; 3       ;
; MOUSE:inst5|cursor_column[9]                                                          ; 3       ;
; MOUSE:inst5|inhibit_wait_count[11]                                                    ; 3       ;
; MOUSE:inst5|inhibit_wait_count[10]                                                    ; 3       ;
; lfsr_9:inst13|converter:convert|count[31]                                             ; 3       ;
; lfsr_9:inst13|converter:convert|count[17]                                             ; 3       ;
; lfsr_9:inst13|converter:convert|count[10]                                             ; 3       ;
; lfsr_9:inst13|converter:convert|count[14]                                             ; 3       ;
; lfsr_9:inst13|converter:convert|count[15]                                             ; 3       ;
; lfsr_9:inst13|converter:convert|count[16]                                             ; 3       ;
; lfsr_9:inst13|converter:convert|count[22]                                             ; 3       ;
; lfsr_9:inst13|converter:convert|count[23]                                             ; 3       ;
; lfsr_9:inst13|converter:convert|count[24]                                             ; 3       ;
; MOUSE:inst5|new_cursor_row[7]                                                         ; 3       ;
; MOUSE:inst5|new_cursor_row[6]                                                         ; 3       ;
; MOUSE:inst5|new_cursor_row[5]                                                         ; 3       ;
; MOUSE:inst5|new_cursor_row[0]                                                         ; 3       ;
; MOUSE:inst5|new_cursor_row[8]                                                         ; 3       ;
; MOUSE:inst5|new_cursor_column[6]                                                      ; 3       ;
; MOUSE:inst5|new_cursor_column[7]                                                      ; 3       ;
; MOUSE:inst5|new_cursor_column[0]                                                      ; 3       ;
; MOUSE:inst5|new_cursor_column[5]                                                      ; 3       ;
; MOUSE:inst5|new_cursor_column[9]                                                      ; 3       ;
; lfsr_9:inst13|v_lfsr[4]                                                               ; 3       ;
; upCounter:inst9|v2Enable                                                              ; 2       ;
; char_rom:inst12|process_0~25                                                          ; 2       ;
; MOUSE:inst5|PACKET_CHAR2[7]~4                                                         ; 2       ;
; char_rom:inst12|process_0~24                                                          ; 2       ;
; char_rom:inst12|process_0~23                                                          ; 2       ;
; MOUSE:inst5|mouse_state.WAIT_CMD_ACK                                                  ; 2       ;
; char_rom:inst12|character_address~61                                                  ; 2       ;
; char_rom:inst12|character_address[2]~25                                               ; 2       ;
; char_rom:inst12|character_address[2]~23                                               ; 2       ;
; char_rom:inst12|character_address~16                                                  ; 2       ;
; MOUSE:inst5|inhibit_wait_count[0]                                                     ; 2       ;
; MOUSE:inst5|mouse_state.INPUT_PACKETS                                                 ; 2       ;
; VGA_SYNC:inst|Equal1~0                                                                ; 2       ;
; objects:inst7|ball_y_motion[1]~1                                                      ; 2       ;
; objects:inst7|LessThan10~1                                                            ; 2       ;
; objects:inst7|LessThan10~0                                                            ; 2       ;
; objects:inst7|LessThan9~3                                                             ; 2       ;
; objects:inst7|LessThan9~2                                                             ; 2       ;
; char_rom:inst12|mode~0                                                                ; 2       ;
; upCounter:inst9|converter:convert|vclkslow~3                                          ; 2       ;
; upCounter:inst9|converter:convert|vclkslow~2                                          ; 2       ;
; upCounter:inst9|converter:convert|LessThan0~4                                         ; 2       ;
; upCounter:inst9|converter:convert|LessThan0~1                                         ; 2       ;
; upCounter:inst9|converter:convert|LessThan0~0                                         ; 2       ;
; MOUSE:inst5|output_ready                                                              ; 2       ;
; MOUSE:inst5|Add3~0                                                                    ; 2       ;
; MOUSE:inst5|filter[6]                                                                 ; 2       ;
; MOUSE:inst5|filter[1]                                                                 ; 2       ;
; MOUSE:inst5|filter[0]                                                                 ; 2       ;
; MOUSE:inst5|filter[5]                                                                 ; 2       ;
; MOUSE:inst5|filter[3]                                                                 ; 2       ;
; MOUSE:inst5|filter[4]                                                                 ; 2       ;
; MOUSE:inst5|PACKET_CHAR1[1]~1                                                         ; 2       ;
; MOUSE:inst5|PACKET_CHAR1[1]~0                                                         ; 2       ;
; objects:inst7|\Move_Pipe:added~0                                                      ; 2       ;
; objects:inst7|\Move_Pipe:start                                                        ; 2       ;
; objects:inst7|LessThan11~2                                                            ; 2       ;
; objects:inst7|LessThan11~1                                                            ; 2       ;
; objects:inst7|LessThan11~0                                                            ; 2       ;
; objects:inst7|ball_x_pos[2]~0                                                         ; 2       ;
; VGA_SYNC:inst|LessThan7~0                                                             ; 2       ;
; char_rom:inst12|rom_mux_output~13                                                     ; 2       ;
; char_rom:inst12|character_address~14                                                  ; 2       ;
; char_rom:inst12|character_address~13                                                  ; 2       ;
; char_rom:inst12|Equal13~1                                                             ; 2       ;
; char_rom:inst12|character_address~12                                                  ; 2       ;
; char_rom:inst12|process_0~17                                                          ; 2       ;
; char_rom:inst12|process_0~15                                                          ; 2       ;
; char_rom:inst12|rom_mux_output~9                                                      ; 2       ;
; char_rom:inst12|process_0~13                                                          ; 2       ;
; char_rom:inst12|rom_mux_output~5                                                      ; 2       ;
; char_rom:inst12|rom_address[3]~0                                                      ; 2       ;
; char_rom:inst12|Equal1~0                                                              ; 2       ;
; MOUSE:inst5|RECV_UART~1                                                               ; 2       ;
; MOUSE:inst5|RECV_UART~0                                                               ; 2       ;
; MOUSE:inst5|right_button~0                                                            ; 2       ;
; objects:inst7|LessThan8~0                                                             ; 2       ;
; VGA_SYNC:inst|red_out~10                                                              ; 2       ;
; VGA_SYNC:inst|green_out~0                                                             ; 2       ;
; VGA_SYNC:inst|video_on_h                                                              ; 2       ;
; VGA_SYNC:inst|video_on_v                                                              ; 2       ;
; MOUSE:inst5|cursor_row[0]                                                             ; 2       ;
; MOUSE:inst5|cursor_row[1]                                                             ; 2       ;
; MOUSE:inst5|cursor_row[2]                                                             ; 2       ;
; MOUSE:inst5|cursor_row[3]                                                             ; 2       ;
; MOUSE:inst5|cursor_row[4]                                                             ; 2       ;
; MOUSE:inst5|cursor_row[5]                                                             ; 2       ;
; MOUSE:inst5|cursor_row[6]                                                             ; 2       ;
; MOUSE:inst5|cursor_column[0]                                                          ; 2       ;
; MOUSE:inst5|cursor_column[1]                                                          ; 2       ;
; MOUSE:inst5|cursor_column[2]                                                          ; 2       ;
; MOUSE:inst5|cursor_column[3]                                                          ; 2       ;
; MOUSE:inst5|cursor_column[4]                                                          ; 2       ;
; MOUSE:inst5|cursor_column[5]                                                          ; 2       ;
; MOUSE:inst5|cursor_column[6]                                                          ; 2       ;
; objects:inst7|\Move_Pipe:vscore_ten[5]                                                ; 2       ;
; objects:inst7|\Move_Pipe:vscore_ten[4]                                                ; 2       ;
; objects:inst7|\Move_Pipe:vscore_ten[3]                                                ; 2       ;
; objects:inst7|\Move_Pipe:vscore_ten[2]                                                ; 2       ;
; objects:inst7|\Move_Pipe:vscore_ten[1]                                                ; 2       ;
; objects:inst7|\Move_Pipe:vscore_ten[0]                                                ; 2       ;
; lfsr_9:inst13|converter:convert|count[30]                                             ; 2       ;
; lfsr_9:inst13|converter:convert|count[29]                                             ; 2       ;
; lfsr_9:inst13|converter:convert|count[28]                                             ; 2       ;
; lfsr_9:inst13|converter:convert|count[27]                                             ; 2       ;
; lfsr_9:inst13|converter:convert|count[26]                                             ; 2       ;
; lfsr_9:inst13|converter:convert|count[25]                                             ; 2       ;
; lfsr_9:inst13|converter:convert|count[21]                                             ; 2       ;
; lfsr_9:inst13|converter:convert|count[20]                                             ; 2       ;
; lfsr_9:inst13|converter:convert|count[19]                                             ; 2       ;
; lfsr_9:inst13|converter:convert|count[18]                                             ; 2       ;
; lfsr_9:inst13|converter:convert|count[9]                                              ; 2       ;
; lfsr_9:inst13|converter:convert|count[8]                                              ; 2       ;
; lfsr_9:inst13|converter:convert|count[7]                                              ; 2       ;
; lfsr_9:inst13|converter:convert|count[6]                                              ; 2       ;
; lfsr_9:inst13|converter:convert|count[5]                                              ; 2       ;
; lfsr_9:inst13|converter:convert|count[13]                                             ; 2       ;
; lfsr_9:inst13|converter:convert|count[12]                                             ; 2       ;
; lfsr_9:inst13|converter:convert|count[11]                                             ; 2       ;
; MOUSE:inst5|new_cursor_row[9]                                                         ; 2       ;
; MOUSE:inst5|new_cursor_row[4]                                                         ; 2       ;
; MOUSE:inst5|new_cursor_row[3]                                                         ; 2       ;
; MOUSE:inst5|new_cursor_row[2]                                                         ; 2       ;
; MOUSE:inst5|new_cursor_row[1]                                                         ; 2       ;
; MOUSE:inst5|new_cursor_column[4]                                                      ; 2       ;
; MOUSE:inst5|new_cursor_column[3]                                                      ; 2       ;
; MOUSE:inst5|new_cursor_column[2]                                                      ; 2       ;
; MOUSE:inst5|new_cursor_column[1]                                                      ; 2       ;
; objects:inst7|Add4~14                                                                 ; 2       ;
; objects:inst7|lfsr_gap_centre[9]~18                                                   ; 2       ;
; objects:inst7|lfsr_gap_centre[8]~16                                                   ; 2       ;
; objects:inst7|lfsr_gap_centre[7]~14                                                   ; 2       ;
; objects:inst7|lfsr_gap_centre[6]~12                                                   ; 2       ;
; objects:inst7|lfsr_gap_centre[5]~10                                                   ; 2       ;
; objects:inst7|lfsr_gap_centre[4]~8                                                    ; 2       ;
; objects:inst7|lfsr_gap_centre[3]~6                                                    ; 2       ;
; objects:inst7|lfsr_gap_centre[2]~4                                                    ; 2       ;
; objects:inst7|lfsr_gap_centre[1]~2                                                    ; 2       ;
; objects:inst7|lfsr_gap_centre[0]~0                                                    ; 2       ;
; objects:inst7|Add0~12                                                                 ; 2       ;
; objects:inst7|Add0~10                                                                 ; 2       ;
; objects:inst7|Add0~8                                                                  ; 2       ;
; objects:inst7|Add2~12                                                                 ; 2       ;
; MOUSE:inst5|SHIFTOUT[9]~feeder                                                        ; 1       ;
; char_rom:inst12|start_Play~feeder                                                     ; 1       ;
; clk~input                                                                             ; 1       ;
; mouse_clk~input                                                                       ; 1       ;
; MOUSE:inst5|SHIFTOUT[8]~3                                                             ; 1       ;
; MOUSE:inst5|SHIFTOUT[4]~2                                                             ; 1       ;
; MOUSE:inst5|SHIFTOUT[3]~1                                                             ; 1       ;
; MOUSE:inst5|SHIFTOUT[2]~0                                                             ; 1       ;
; upCounter:inst9|BCD_Counter:min|Q[0]~1                                                ; 1       ;
; upCounter:inst9|BCD_Counter:one|Q[0]~1                                                ; 1       ;
; char_rom:inst12|character_address~69                                                  ; 1       ;
; char_rom:inst12|process_0~26                                                          ; 1       ;
; char_rom:inst12|rom_mux_output~15                                                     ; 1       ;
; char_rom:inst12|character_address~68                                                  ; 1       ;
; objects:inst7|lfsr_gap[8]~4                                                           ; 1       ;
; MOUSE:inst5|SHIFTOUT[9]                                                               ; 1       ;
; MOUSE:inst5|SHIFTOUT[8]                                                               ; 1       ;
; MOUSE:inst5|SHIFTOUT[7]                                                               ; 1       ;
; MOUSE:inst5|SHIFTOUT[6]                                                               ; 1       ;
; MOUSE:inst5|SHIFTOUT[5]                                                               ; 1       ;
; objects:inst7|\Move_Pipe:added~1                                                      ; 1       ;
; objects:inst7|pipe_x_pos[0]~1                                                         ; 1       ;
; MOUSE:inst5|SHIFTOUT[4]                                                               ; 1       ;
; MOUSE:inst5|Selector4~0                                                               ; 1       ;
; MOUSE:inst5|iready_set~0                                                              ; 1       ;
; objects:inst7|vscore_one~1                                                            ; 1       ;
; objects:inst7|vscore_one~0                                                            ; 1       ;
; objects:inst7|LessThan12~4                                                            ; 1       ;
; objects:inst7|LessThan12~3                                                            ; 1       ;
; objects:inst7|LessThan12~2                                                            ; 1       ;
; objects:inst7|LessThan12~1                                                            ; 1       ;
; objects:inst7|LessThan12~0                                                            ; 1       ;
; objects:inst7|Equal0~1                                                                ; 1       ;
; MOUSE:inst5|inhibit_wait_count[0]~33                                                  ; 1       ;
; MOUSE:inst5|SHIFTOUT[3]                                                               ; 1       ;
; MOUSE:inst5|mouse_state.INPUT_PACKETS~0                                               ; 1       ;
; MOUSE:inst5|OUTCNT~3                                                                  ; 1       ;
; char_rom:inst12|character_address~67                                                  ; 1       ;
; char_rom:inst12|character_address~66                                                  ; 1       ;
; char_rom:inst12|Add0~0                                                                ; 1       ;
; char_rom:inst12|character_address~65                                                  ; 1       ;
; char_rom:inst12|character_address~64                                                  ; 1       ;
; char_rom:inst12|character_address~63                                                  ; 1       ;
; char_rom:inst12|character_address~62                                                  ; 1       ;
; char_rom:inst12|character_address~60                                                  ; 1       ;
; char_rom:inst12|character_address~59                                                  ; 1       ;
; char_rom:inst12|character_address~58                                                  ; 1       ;
; char_rom:inst12|character_address~57                                                  ; 1       ;
; char_rom:inst12|character_address~56                                                  ; 1       ;
; char_rom:inst12|character_address~55                                                  ; 1       ;
; char_rom:inst12|character_address~54                                                  ; 1       ;
; char_rom:inst12|character_address~53                                                  ; 1       ;
; char_rom:inst12|character_address~52                                                  ; 1       ;
; char_rom:inst12|character_address~51                                                  ; 1       ;
; char_rom:inst12|character_address~50                                                  ; 1       ;
; char_rom:inst12|character_address~49                                                  ; 1       ;
; char_rom:inst12|character_address~48                                                  ; 1       ;
; char_rom:inst12|character_address~47                                                  ; 1       ;
; char_rom:inst12|character_address~46                                                  ; 1       ;
; char_rom:inst12|character_address~45                                                  ; 1       ;
; char_rom:inst12|character_address~44                                                  ; 1       ;
; char_rom:inst12|character_address~43                                                  ; 1       ;
; char_rom:inst12|character_address~42                                                  ; 1       ;
; char_rom:inst12|character_address~41                                                  ; 1       ;
; char_rom:inst12|character_address~40                                                  ; 1       ;
; char_rom:inst12|character_address~39                                                  ; 1       ;
; char_rom:inst12|character_address~38                                                  ; 1       ;
; char_rom:inst12|character_address~37                                                  ; 1       ;
; char_rom:inst12|character_address~36                                                  ; 1       ;
; char_rom:inst12|character_address~35                                                  ; 1       ;
; char_rom:inst12|character_address~34                                                  ; 1       ;
; char_rom:inst12|character_address~33                                                  ; 1       ;
; char_rom:inst12|process_0~22                                                          ; 1       ;
; char_rom:inst12|character_address~32                                                  ; 1       ;
; char_rom:inst12|character_address~29                                                  ; 1       ;
; char_rom:inst12|character_address~28                                                  ; 1       ;
; char_rom:inst12|character_address[2]~26                                               ; 1       ;
; char_rom:inst12|character_address[2]~24                                               ; 1       ;
; char_rom:inst12|character_address~22                                                  ; 1       ;
; char_rom:inst12|character_address~20                                                  ; 1       ;
; char_rom:inst12|character_address~19                                                  ; 1       ;
; char_rom:inst12|character_address~18                                                  ; 1       ;
; char_rom:inst12|character_address~17                                                  ; 1       ;
; MOUSE:inst5|SHIFTOUT[2]                                                               ; 1       ;
; MOUSE:inst5|SHIFTIN[8]                                                                ; 1       ;
; MOUSE:inst5|send_char~0                                                               ; 1       ;
; MOUSE:inst5|Selector6~1                                                               ; 1       ;
; MOUSE:inst5|Selector6~0                                                               ; 1       ;
; MOUSE:inst5|OUTCNT~2                                                                  ; 1       ;
; MOUSE:inst5|OUTCNT~1                                                                  ; 1       ;
; MOUSE:inst5|OUTCNT~0                                                                  ; 1       ;
; MOUSE:inst5|PACKET_CHAR1[0]                                                           ; 1       ;
; char_rom:inst12|rom_address[3]~3                                                      ; 1       ;
; char_rom:inst12|rom_address[3]~2                                                      ; 1       ;
; MOUSE:inst5|Selector1~0                                                               ; 1       ;
; MOUSE:inst5|Selector0~0                                                               ; 1       ;
; MOUSE:inst5|SHIFTOUT[1]                                                               ; 1       ;
; MOUSE:inst5|PACKET_CHAR2[7]~2                                                         ; 1       ;
; objects:inst7|\Move_Pipe:start~0                                                      ; 1       ;
; objects:inst7|\Start_Ball:start~0                                                     ; 1       ;
; VGA_SYNC:inst|h_count~2                                                               ; 1       ;
; VGA_SYNC:inst|h_count~1                                                               ; 1       ;
; VGA_SYNC:inst|h_count~0                                                               ; 1       ;
; VGA_SYNC:inst|v_count~11                                                              ; 1       ;
; VGA_SYNC:inst|v_count~10                                                              ; 1       ;
; VGA_SYNC:inst|v_count[2]~9                                                            ; 1       ;
; VGA_SYNC:inst|v_count[3]~8                                                            ; 1       ;
; VGA_SYNC:inst|v_count[4]~7                                                            ; 1       ;
; VGA_SYNC:inst|v_count[7]~6                                                            ; 1       ;
; VGA_SYNC:inst|v_count[6]~5                                                            ; 1       ;
; VGA_SYNC:inst|v_count[5]~4                                                            ; 1       ;
; VGA_SYNC:inst|v_count[9]~3                                                            ; 1       ;
; VGA_SYNC:inst|v_count[8]~2                                                            ; 1       ;
; VGA_SYNC:inst|process_0~10                                                            ; 1       ;
; VGA_SYNC:inst|process_0~9                                                             ; 1       ;
; VGA_SYNC:inst|process_0~8                                                             ; 1       ;
; VGA_SYNC:inst|process_0~7                                                             ; 1       ;
; VGA_SYNC:inst|process_0~6                                                             ; 1       ;
; objects:inst7|ball_y_motion~2                                                         ; 1       ;
; objects:inst7|ball_y_motion[1]~0                                                      ; 1       ;
; MOUSE:inst5|left_button                                                               ; 1       ;
; objects:inst7|LessThan9~1                                                             ; 1       ;
; objects:inst7|LessThan9~0                                                             ; 1       ;
; char_rom:inst12|process_0~20                                                          ; 1       ;
; char_rom:inst12|rom_address[8]                                                        ; 1       ;
; char_rom:inst12|rom_address[7]                                                        ; 1       ;
; char_rom:inst12|rom_address[6]                                                        ; 1       ;
; char_rom:inst12|rom_address[5]                                                        ; 1       ;
; char_rom:inst12|rom_address[4]                                                        ; 1       ;
; char_rom:inst12|rom_address[3]                                                        ; 1       ;
; char_rom:inst12|rom_address[2]                                                        ; 1       ;
; char_rom:inst12|rom_address[1]                                                        ; 1       ;
; char_rom:inst12|rom_address[0]                                                        ; 1       ;
; MOUSE:inst5|WideOr4                                                                   ; 1       ;
; MOUSE:inst5|MOUSE_DATA_BUF                                                            ; 1       ;
; upCounter:inst9|converter:convert|LessThan1~2                                         ; 1       ;
; upCounter:inst9|converter:convert|LessThan1~1                                         ; 1       ;
; upCounter:inst9|converter:convert|LessThan1~0                                         ; 1       ;
; upCounter:inst9|converter:convert|vclkslow~1                                          ; 1       ;
; upCounter:inst9|converter:convert|vclkslow~0                                          ; 1       ;
; upCounter:inst9|converter:convert|LessThan0~6                                         ; 1       ;
; upCounter:inst9|converter:convert|LessThan0~5                                         ; 1       ;
; upCounter:inst9|converter:convert|LessThan0~3                                         ; 1       ;
; upCounter:inst9|converter:convert|LessThan0~2                                         ; 1       ;
; MOUSE:inst5|PACKET_CHAR3[0]                                                           ; 1       ;
; MOUSE:inst5|PACKET_CHAR3[1]                                                           ; 1       ;
; MOUSE:inst5|PACKET_CHAR3[2]                                                           ; 1       ;
; MOUSE:inst5|PACKET_CHAR3[3]                                                           ; 1       ;
; MOUSE:inst5|PACKET_CHAR3[4]                                                           ; 1       ;
; MOUSE:inst5|PACKET_CHAR3[5]                                                           ; 1       ;
; MOUSE:inst5|PACKET_CHAR3[6]                                                           ; 1       ;
; MOUSE:inst5|PACKET_CHAR2[0]                                                           ; 1       ;
; MOUSE:inst5|PACKET_CHAR2[1]                                                           ; 1       ;
; MOUSE:inst5|PACKET_CHAR2[2]                                                           ; 1       ;
; MOUSE:inst5|PACKET_CHAR2[3]                                                           ; 1       ;
; MOUSE:inst5|PACKET_CHAR2[4]                                                           ; 1       ;
; MOUSE:inst5|PACKET_CHAR2[5]                                                           ; 1       ;
; MOUSE:inst5|PACKET_CHAR2[6]                                                           ; 1       ;
; MOUSE:inst5|INCNT~4                                                                   ; 1       ;
; MOUSE:inst5|INCNT~3                                                                   ; 1       ;
; MOUSE:inst5|INCNT~2                                                                   ; 1       ;
; MOUSE:inst5|INCNT~0                                                                   ; 1       ;
; MOUSE:inst5|Selector3~0                                                               ; 1       ;
; MOUSE:inst5|READ_CHAR~0                                                               ; 1       ;
; MOUSE:inst5|MOUSE_CLK_FILTER~3                                                        ; 1       ;
; MOUSE:inst5|MOUSE_CLK_FILTER~2                                                        ; 1       ;
; MOUSE:inst5|MOUSE_CLK_FILTER~1                                                        ; 1       ;
; MOUSE:inst5|MOUSE_CLK_FILTER~0                                                        ; 1       ;
; MOUSE:inst5|filter[7]                                                                 ; 1       ;
; VGA_SYNC:inst|process_0~5                                                             ; 1       ;
; VGA_SYNC:inst|process_0~4                                                             ; 1       ;
; VGA_SYNC:inst|process_0~3                                                             ; 1       ;
; VGA_SYNC:inst|process_0~2                                                             ; 1       ;
; VGA_SYNC:inst|process_0~1                                                             ; 1       ;
; VGA_SYNC:inst|process_0~0                                                             ; 1       ;
; objects:inst7|Add14~32                                                                ; 1       ;
; objects:inst7|Add14~31                                                                ; 1       ;
; objects:inst7|Add14~30                                                                ; 1       ;
; objects:inst7|Add14~29                                                                ; 1       ;
; objects:inst7|Add14~28                                                                ; 1       ;
; objects:inst7|Add14~27                                                                ; 1       ;
; objects:inst7|Add14~26                                                                ; 1       ;
; objects:inst7|Add14~25                                                                ; 1       ;
; objects:inst7|Add14~24                                                                ; 1       ;
; objects:inst7|Add14~23                                                                ; 1       ;
; objects:inst7|Add14~22                                                                ; 1       ;
; lfsr_9:inst13|v_lfsr~8                                                                ; 1       ;
; lfsr_9:inst13|v_lfsr~7                                                                ; 1       ;
; lfsr_9:inst13|v_lfsr~6                                                                ; 1       ;
; lfsr_9:inst13|v_lfsr~5                                                                ; 1       ;
; lfsr_9:inst13|v_lfsr~4                                                                ; 1       ;
; lfsr_9:inst13|v_lfsr~3                                                                ; 1       ;
; lfsr_9:inst13|v_lfsr~2                                                                ; 1       ;
; lfsr_9:inst13|v_lfsr~1                                                                ; 1       ;
; lfsr_9:inst13|v_lfsr~0                                                                ; 1       ;
; objects:inst7|ball_x_pos[10]~2                                                        ; 1       ;
; objects:inst7|ball_x_pos[2]~1                                                         ; 1       ;
; objects:inst7|ball_y_motion[3]                                                        ; 1       ;
; char_rom:inst12|rom_mux_output~14                                                     ; 1       ;
; char_rom:inst12|rom_mux_output~12                                                     ; 1       ;
; char_rom:inst12|rom_mux_output~11                                                     ; 1       ;
; char_rom:inst12|process_0~18                                                          ; 1       ;
; char_rom:inst12|rom_mux_output~10                                                     ; 1       ;
; char_rom:inst12|rom_mux_output~8                                                      ; 1       ;
; char_rom:inst12|rom_mux_output~6                                                      ; 1       ;
; char_rom:inst12|Equal24~1                                                             ; 1       ;
; char_rom:inst12|process_0~11                                                          ; 1       ;
; char_rom:inst12|rom_mux_output~4                                                      ; 1       ;
; char_rom:inst12|rom_mux_output~3                                                      ; 1       ;
; char_rom:inst12|Mux0~4                                                                ; 1       ;
; char_rom:inst12|Mux0~3                                                                ; 1       ;
; char_rom:inst12|Mux0~2                                                                ; 1       ;
; char_rom:inst12|Mux0~1                                                                ; 1       ;
; char_rom:inst12|Mux0~0                                                                ; 1       ;
; char_rom:inst12|rom_mux_output~2                                                      ; 1       ;
; char_rom:inst12|process_0~10                                                          ; 1       ;
; upCounter:inst9|BCD_Counter:min|v_Q~1                                                 ; 1       ;
; upCounter:inst9|BCD_Counter:min|Q[2]~0                                                ; 1       ;
; upCounter:inst9|BCD_Counter:min|v_Q~0                                                 ; 1       ;
; upCounter:inst9|BCD_Counter:ten|v_Q~4                                                 ; 1       ;
; upCounter:inst9|BCD_Counter:ten|v_Q~3                                                 ; 1       ;
; upCounter:inst9|BCD_Counter:ten|v_Q~2                                                 ; 1       ;
; upCounter:inst9|BCD_Counter:ten|v_Q~1                                                 ; 1       ;
; upCounter:inst9|BCD_Counter:ten|Q[2]~1                                                ; 1       ;
; upCounter:inst9|BCD_Counter:ten|v_Q~0                                                 ; 1       ;
; upCounter:inst9|BCD_Counter:one|v_Q~1                                                 ; 1       ;
; upCounter:inst9|BCD_Counter:one|Q[2]~0                                                ; 1       ;
; upCounter:inst9|BCD_Counter:one|v_Q~0                                                 ; 1       ;
; upCounter:inst9|LEDoff~0                                                              ; 1       ;
; MOUSE:inst5|cursor_row~9                                                              ; 1       ;
; MOUSE:inst5|cursor_row~8                                                              ; 1       ;
; MOUSE:inst5|cursor_row~7                                                              ; 1       ;
; MOUSE:inst5|cursor_row~6                                                              ; 1       ;
; MOUSE:inst5|cursor_row~5                                                              ; 1       ;
; MOUSE:inst5|cursor_row~4                                                              ; 1       ;
; MOUSE:inst5|cursor_row~3                                                              ; 1       ;
; MOUSE:inst5|cursor_row~2                                                              ; 1       ;
; MOUSE:inst5|cursor_row~1                                                              ; 1       ;
; MOUSE:inst5|RECV_UART~3                                                               ; 1       ;
; MOUSE:inst5|RECV_UART~2                                                               ; 1       ;
; MOUSE:inst5|LessThan5~0                                                               ; 1       ;
; MOUSE:inst5|cursor_column~15                                                          ; 1       ;
; MOUSE:inst5|cursor_column~14                                                          ; 1       ;
; MOUSE:inst5|cursor_column~13                                                          ; 1       ;
; MOUSE:inst5|cursor_column~12                                                          ; 1       ;
; MOUSE:inst5|cursor_column~11                                                          ; 1       ;
; MOUSE:inst5|cursor_column~10                                                          ; 1       ;
; MOUSE:inst5|cursor_column~9                                                           ; 1       ;
; MOUSE:inst5|cursor_column~8                                                           ; 1       ;
; MOUSE:inst5|cursor_column~7                                                           ; 1       ;
; MOUSE:inst5|cursor_column~5                                                           ; 1       ;
; MOUSE:inst5|LessThan9~0                                                               ; 1       ;
; MOUSE:inst5|cursor_column~2                                                           ; 1       ;
; MOUSE:inst5|cursor_column~1                                                           ; 1       ;
; MOUSE:inst5|cursor_column~0                                                           ; 1       ;
; MOUSE:inst5|PACKET_CHAR1[1]                                                           ; 1       ;
; VGA_SYNC:inst|vert_sync                                                               ; 1       ;
; VGA_SYNC:inst|horiz_sync                                                              ; 1       ;
; VGA_SYNC:inst|green_out~3                                                             ; 1       ;
; VGA_SYNC:inst|green_out~2                                                             ; 1       ;
; VGA_SYNC:inst|green_out~1                                                             ; 1       ;
; objects:inst7|pipe_on~0                                                               ; 1       ;
; objects:inst7|lfsr_gap[7]~3                                                           ; 1       ;
; objects:inst7|LessThan8~1                                                             ; 1       ;
; objects:inst7|lfsr_gap[8]~2                                                           ; 1       ;
; VGA_SYNC:inst|red_out~9                                                               ; 1       ;
; VGA_SYNC:inst|red_out~8                                                               ; 1       ;
; VGA_SYNC:inst|red_out~7                                                               ; 1       ;
; VGA_SYNC:inst|red_out~5                                                               ; 1       ;
; VGA_SYNC:inst|red_out~4                                                               ; 1       ;
; objects:inst7|LessThan0~0                                                             ; 1       ;
; VGA_SYNC:inst|red_out~3                                                               ; 1       ;
; objects:inst7|LessThan1~0                                                             ; 1       ;
; VGA_SYNC:inst|red_out~2                                                               ; 1       ;
; VGA_SYNC:inst|red_out~1                                                               ; 1       ;
; VGA_SYNC:inst|red_out~0                                                               ; 1       ;
; upCounter:inst9|bcd_Display:minDisp|Mux6~1                                            ; 1       ;
; upCounter:inst9|bcd_Display:minDisp|Mux6~0                                            ; 1       ;
; upCounter:inst9|bcd_Display:minDisp|Mux5~1                                            ; 1       ;
; upCounter:inst9|bcd_Display:minDisp|Mux5~0                                            ; 1       ;
; upCounter:inst9|bcd_Display:minDisp|Mux4~1                                            ; 1       ;
; upCounter:inst9|bcd_Display:minDisp|Mux4~0                                            ; 1       ;
; upCounter:inst9|bcd_Display:minDisp|Mux3~1                                            ; 1       ;
; upCounter:inst9|bcd_Display:minDisp|Mux3~0                                            ; 1       ;
; upCounter:inst9|bcd_Display:minDisp|Mux2~1                                            ; 1       ;
; upCounter:inst9|bcd_Display:minDisp|Mux2~0                                            ; 1       ;
; upCounter:inst9|bcd_Display:minDisp|Mux1~1                                            ; 1       ;
; upCounter:inst9|bcd_Display:minDisp|Mux1~0                                            ; 1       ;
; upCounter:inst9|bcd_Display:minDisp|Mux0~1                                            ; 1       ;
; upCounter:inst9|bcd_Display:minDisp|Mux0~0                                            ; 1       ;
; upCounter:inst9|bcd_Display:tenDisp|Mux6~1                                            ; 1       ;
; upCounter:inst9|bcd_Display:tenDisp|Mux6~0                                            ; 1       ;
; upCounter:inst9|bcd_Display:tenDisp|Mux5~1                                            ; 1       ;
; upCounter:inst9|bcd_Display:tenDisp|Mux5~0                                            ; 1       ;
; upCounter:inst9|bcd_Display:tenDisp|Mux4~1                                            ; 1       ;
; upCounter:inst9|bcd_Display:tenDisp|Mux4~0                                            ; 1       ;
; upCounter:inst9|bcd_Display:tenDisp|Mux3~1                                            ; 1       ;
; upCounter:inst9|bcd_Display:tenDisp|Mux3~0                                            ; 1       ;
; upCounter:inst9|bcd_Display:tenDisp|Mux2~1                                            ; 1       ;
; upCounter:inst9|bcd_Display:tenDisp|Mux2~0                                            ; 1       ;
; upCounter:inst9|bcd_Display:tenDisp|Mux1~1                                            ; 1       ;
; upCounter:inst9|bcd_Display:tenDisp|Mux1~0                                            ; 1       ;
; upCounter:inst9|bcd_Display:tenDisp|Mux0~1                                            ; 1       ;
; upCounter:inst9|bcd_Display:tenDisp|Mux0~0                                            ; 1       ;
; upCounter:inst9|bcd_Display:oneDisp|Mux6~1                                            ; 1       ;
; upCounter:inst9|bcd_Display:oneDisp|Mux6~0                                            ; 1       ;
; upCounter:inst9|bcd_Display:oneDisp|Mux5~1                                            ; 1       ;
; upCounter:inst9|bcd_Display:oneDisp|Mux5~0                                            ; 1       ;
; upCounter:inst9|bcd_Display:oneDisp|Mux4~1                                            ; 1       ;
; upCounter:inst9|bcd_Display:oneDisp|Mux4~0                                            ; 1       ;
; upCounter:inst9|bcd_Display:oneDisp|Mux3~1                                            ; 1       ;
; upCounter:inst9|bcd_Display:oneDisp|Mux3~0                                            ; 1       ;
; upCounter:inst9|bcd_Display:oneDisp|Mux2~1                                            ; 1       ;
; upCounter:inst9|bcd_Display:oneDisp|Mux2~0                                            ; 1       ;
; upCounter:inst9|bcd_Display:oneDisp|Mux1~1                                            ; 1       ;
; upCounter:inst9|bcd_Display:oneDisp|Mux1~0                                            ; 1       ;
; upCounter:inst9|bcd_Display:oneDisp|Mux0~1                                            ; 1       ;
; upCounter:inst9|bcd_Display:oneDisp|Mux0~0                                            ; 1       ;
; MOUSE:inst5|right_button                                                              ; 1       ;
; VGA_SYNC:inst|vert_sync_out                                                           ; 1       ;
; VGA_SYNC:inst|horiz_sync_out                                                          ; 1       ;
; VGA_SYNC:inst|blue_out                                                                ; 1       ;
; VGA_SYNC:inst|green_out                                                               ; 1       ;
; VGA_SYNC:inst|red_out                                                                 ; 1       ;
; objects:inst7|\Move_Pipe:vscore_ten[5]~1                                              ; 1       ;
; objects:inst7|Add13~10                                                                ; 1       ;
; objects:inst7|Add13~9                                                                 ; 1       ;
; objects:inst7|Add13~8                                                                 ; 1       ;
; objects:inst7|\Move_Pipe:vscore_ten[4]~2                                              ; 1       ;
; objects:inst7|\Move_Pipe:vscore_ten[4]~1                                              ; 1       ;
; objects:inst7|Add13~7                                                                 ; 1       ;
; objects:inst7|Add13~6                                                                 ; 1       ;
; objects:inst7|\Move_Pipe:vscore_ten[3]~2                                              ; 1       ;
; objects:inst7|\Move_Pipe:vscore_ten[3]~1                                              ; 1       ;
; objects:inst7|Add13~5                                                                 ; 1       ;
; objects:inst7|Add13~4                                                                 ; 1       ;
; objects:inst7|\Move_Pipe:vscore_ten[2]~2                                              ; 1       ;
; objects:inst7|\Move_Pipe:vscore_ten[2]~1                                              ; 1       ;
; objects:inst7|Add13~3                                                                 ; 1       ;
; objects:inst7|Add13~2                                                                 ; 1       ;
; objects:inst7|\Move_Pipe:vscore_ten[1]~2                                              ; 1       ;
; objects:inst7|\Move_Pipe:vscore_ten[1]~1                                              ; 1       ;
; objects:inst7|Add13~1                                                                 ; 1       ;
; objects:inst7|Add13~0                                                                 ; 1       ;
; objects:inst7|\Move_Pipe:vscore_ten[0]~2                                              ; 1       ;
; objects:inst7|\Move_Pipe:vscore_ten[0]~1                                              ; 1       ;
; char_rom:inst12|character_address[4]~4                                                ; 1       ;
; char_rom:inst12|character_address[3]~3                                                ; 1       ;
; char_rom:inst12|character_address[2]~2                                                ; 1       ;
; char_rom:inst12|character_address[1]~1                                                ; 1       ;
; char_rom:inst12|character_address[0]~0                                                ; 1       ;
; MOUSE:inst5|inhibit_wait_count[11]~31                                                 ; 1       ;
; MOUSE:inst5|inhibit_wait_count[10]~30                                                 ; 1       ;
; MOUSE:inst5|inhibit_wait_count[10]~29                                                 ; 1       ;
; MOUSE:inst5|inhibit_wait_count[9]~28                                                  ; 1       ;
; MOUSE:inst5|inhibit_wait_count[9]~27                                                  ; 1       ;
; MOUSE:inst5|inhibit_wait_count[8]~26                                                  ; 1       ;
; MOUSE:inst5|inhibit_wait_count[8]~25                                                  ; 1       ;
; MOUSE:inst5|inhibit_wait_count[7]~24                                                  ; 1       ;
; MOUSE:inst5|inhibit_wait_count[7]~23                                                  ; 1       ;
; MOUSE:inst5|inhibit_wait_count[6]~22                                                  ; 1       ;
; MOUSE:inst5|inhibit_wait_count[6]~21                                                  ; 1       ;
; MOUSE:inst5|inhibit_wait_count[5]~20                                                  ; 1       ;
; MOUSE:inst5|inhibit_wait_count[5]~19                                                  ; 1       ;
; MOUSE:inst5|inhibit_wait_count[4]~18                                                  ; 1       ;
; MOUSE:inst5|inhibit_wait_count[4]~17                                                  ; 1       ;
; MOUSE:inst5|inhibit_wait_count[3]~16                                                  ; 1       ;
; MOUSE:inst5|inhibit_wait_count[3]~15                                                  ; 1       ;
; MOUSE:inst5|inhibit_wait_count[2]~14                                                  ; 1       ;
; MOUSE:inst5|inhibit_wait_count[2]~13                                                  ; 1       ;
; MOUSE:inst5|inhibit_wait_count[1]~12                                                  ; 1       ;
; MOUSE:inst5|inhibit_wait_count[1]~11                                                  ; 1       ;
; MOUSE:inst5|inhibit_wait_count[1]                                                     ; 1       ;
; MOUSE:inst5|inhibit_wait_count[2]                                                     ; 1       ;
; MOUSE:inst5|inhibit_wait_count[3]                                                     ; 1       ;
; MOUSE:inst5|inhibit_wait_count[4]                                                     ; 1       ;
; MOUSE:inst5|inhibit_wait_count[5]                                                     ; 1       ;
; MOUSE:inst5|inhibit_wait_count[6]                                                     ; 1       ;
; MOUSE:inst5|inhibit_wait_count[7]                                                     ; 1       ;
; MOUSE:inst5|inhibit_wait_count[8]                                                     ; 1       ;
; MOUSE:inst5|inhibit_wait_count[9]                                                     ; 1       ;
; char_rom:inst12|character_address[4]                                                  ; 1       ;
; char_rom:inst12|character_address[3]                                                  ; 1       ;
; char_rom:inst12|character_address[2]                                                  ; 1       ;
; char_rom:inst12|character_address[1]                                                  ; 1       ;
; char_rom:inst12|character_address[0]                                                  ; 1       ;
; lfsr_9:inst13|converter:convert|count[31]~95                                          ; 1       ;
; lfsr_9:inst13|converter:convert|count[30]~94                                          ; 1       ;
; lfsr_9:inst13|converter:convert|count[30]~93                                          ; 1       ;
; lfsr_9:inst13|converter:convert|count[29]~92                                          ; 1       ;
; lfsr_9:inst13|converter:convert|count[29]~91                                          ; 1       ;
; lfsr_9:inst13|converter:convert|count[28]~90                                          ; 1       ;
; lfsr_9:inst13|converter:convert|count[28]~89                                          ; 1       ;
; lfsr_9:inst13|converter:convert|count[27]~88                                          ; 1       ;
; lfsr_9:inst13|converter:convert|count[27]~87                                          ; 1       ;
; lfsr_9:inst13|converter:convert|count[26]~86                                          ; 1       ;
; lfsr_9:inst13|converter:convert|count[26]~85                                          ; 1       ;
; lfsr_9:inst13|converter:convert|count[25]~84                                          ; 1       ;
; lfsr_9:inst13|converter:convert|count[25]~83                                          ; 1       ;
; lfsr_9:inst13|converter:convert|count[24]~81                                          ; 1       ;
; lfsr_9:inst13|converter:convert|count[24]~80                                          ; 1       ;
; lfsr_9:inst13|converter:convert|count[23]~79                                          ; 1       ;
; lfsr_9:inst13|converter:convert|count[23]~78                                          ; 1       ;
; lfsr_9:inst13|converter:convert|count[22]~77                                          ; 1       ;
; lfsr_9:inst13|converter:convert|count[22]~76                                          ; 1       ;
; lfsr_9:inst13|converter:convert|count[21]~75                                          ; 1       ;
; lfsr_9:inst13|converter:convert|count[21]~74                                          ; 1       ;
; lfsr_9:inst13|converter:convert|count[20]~73                                          ; 1       ;
; lfsr_9:inst13|converter:convert|count[20]~72                                          ; 1       ;
; lfsr_9:inst13|converter:convert|count[19]~71                                          ; 1       ;
; lfsr_9:inst13|converter:convert|count[19]~70                                          ; 1       ;
; lfsr_9:inst13|converter:convert|count[18]~69                                          ; 1       ;
; lfsr_9:inst13|converter:convert|count[18]~68                                          ; 1       ;
; lfsr_9:inst13|converter:convert|count[17]~67                                          ; 1       ;
; lfsr_9:inst13|converter:convert|count[17]~66                                          ; 1       ;
; lfsr_9:inst13|converter:convert|count[16]~65                                          ; 1       ;
; lfsr_9:inst13|converter:convert|count[16]~64                                          ; 1       ;
; lfsr_9:inst13|converter:convert|count[15]~63                                          ; 1       ;
; lfsr_9:inst13|converter:convert|count[15]~62                                          ; 1       ;
; lfsr_9:inst13|converter:convert|count[14]~61                                          ; 1       ;
; lfsr_9:inst13|converter:convert|count[14]~60                                          ; 1       ;
; lfsr_9:inst13|converter:convert|count[13]~59                                          ; 1       ;
; lfsr_9:inst13|converter:convert|count[13]~58                                          ; 1       ;
; lfsr_9:inst13|converter:convert|count[12]~57                                          ; 1       ;
; lfsr_9:inst13|converter:convert|count[12]~56                                          ; 1       ;
; lfsr_9:inst13|converter:convert|count[11]~55                                          ; 1       ;
; lfsr_9:inst13|converter:convert|count[11]~54                                          ; 1       ;
; lfsr_9:inst13|converter:convert|count[10]~53                                          ; 1       ;
; lfsr_9:inst13|converter:convert|count[10]~52                                          ; 1       ;
; lfsr_9:inst13|converter:convert|count[9]~51                                           ; 1       ;
; lfsr_9:inst13|converter:convert|count[9]~50                                           ; 1       ;
; lfsr_9:inst13|converter:convert|count[8]~49                                           ; 1       ;
; lfsr_9:inst13|converter:convert|count[8]~48                                           ; 1       ;
; lfsr_9:inst13|converter:convert|count[7]~47                                           ; 1       ;
; lfsr_9:inst13|converter:convert|count[7]~46                                           ; 1       ;
; lfsr_9:inst13|converter:convert|count[6]~45                                           ; 1       ;
; lfsr_9:inst13|converter:convert|count[6]~44                                           ; 1       ;
; lfsr_9:inst13|converter:convert|count[5]~43                                           ; 1       ;
; lfsr_9:inst13|converter:convert|count[5]~42                                           ; 1       ;
; lfsr_9:inst13|converter:convert|count[4]~41                                           ; 1       ;
; lfsr_9:inst13|converter:convert|count[4]~40                                           ; 1       ;
; lfsr_9:inst13|converter:convert|count[3]~39                                           ; 1       ;
; lfsr_9:inst13|converter:convert|count[3]~38                                           ; 1       ;
; lfsr_9:inst13|converter:convert|count[2]~37                                           ; 1       ;
; lfsr_9:inst13|converter:convert|count[2]~36                                           ; 1       ;
; lfsr_9:inst13|converter:convert|count[1]~35                                           ; 1       ;
; lfsr_9:inst13|converter:convert|count[1]~34                                           ; 1       ;
; lfsr_9:inst13|converter:convert|count[0]~33                                           ; 1       ;
; lfsr_9:inst13|converter:convert|count[0]~32                                           ; 1       ;
; lfsr_9:inst13|converter:convert|count[0]                                              ; 1       ;
; lfsr_9:inst13|converter:convert|count[1]                                              ; 1       ;
; lfsr_9:inst13|converter:convert|count[2]                                              ; 1       ;
; lfsr_9:inst13|converter:convert|count[3]                                              ; 1       ;
; lfsr_9:inst13|converter:convert|count[4]                                              ; 1       ;
; VGA_SYNC:inst|Add0~18                                                                 ; 1       ;
; VGA_SYNC:inst|Add0~17                                                                 ; 1       ;
; VGA_SYNC:inst|Add0~16                                                                 ; 1       ;
; VGA_SYNC:inst|Add0~15                                                                 ; 1       ;
; VGA_SYNC:inst|Add0~14                                                                 ; 1       ;
; VGA_SYNC:inst|Add0~13                                                                 ; 1       ;
; VGA_SYNC:inst|Add0~12                                                                 ; 1       ;
; VGA_SYNC:inst|Add0~11                                                                 ; 1       ;
; VGA_SYNC:inst|Add0~10                                                                 ; 1       ;
; VGA_SYNC:inst|Add0~9                                                                  ; 1       ;
; VGA_SYNC:inst|Add0~8                                                                  ; 1       ;
; VGA_SYNC:inst|Add0~7                                                                  ; 1       ;
; VGA_SYNC:inst|Add0~6                                                                  ; 1       ;
; VGA_SYNC:inst|Add0~5                                                                  ; 1       ;
; VGA_SYNC:inst|Add0~4                                                                  ; 1       ;
; VGA_SYNC:inst|Add0~3                                                                  ; 1       ;
; VGA_SYNC:inst|Add0~2                                                                  ; 1       ;
; VGA_SYNC:inst|Add0~1                                                                  ; 1       ;
; VGA_SYNC:inst|Add0~0                                                                  ; 1       ;
; VGA_SYNC:inst|Add1~18                                                                 ; 1       ;
; VGA_SYNC:inst|Add1~17                                                                 ; 1       ;
; VGA_SYNC:inst|Add1~16                                                                 ; 1       ;
; VGA_SYNC:inst|Add1~15                                                                 ; 1       ;
; VGA_SYNC:inst|Add1~14                                                                 ; 1       ;
; VGA_SYNC:inst|Add1~13                                                                 ; 1       ;
; VGA_SYNC:inst|Add1~12                                                                 ; 1       ;
; VGA_SYNC:inst|Add1~11                                                                 ; 1       ;
; VGA_SYNC:inst|Add1~10                                                                 ; 1       ;
; VGA_SYNC:inst|Add1~9                                                                  ; 1       ;
; VGA_SYNC:inst|Add1~8                                                                  ; 1       ;
; VGA_SYNC:inst|Add1~7                                                                  ; 1       ;
; VGA_SYNC:inst|Add1~6                                                                  ; 1       ;
; VGA_SYNC:inst|Add1~5                                                                  ; 1       ;
; VGA_SYNC:inst|Add1~4                                                                  ; 1       ;
; VGA_SYNC:inst|Add1~3                                                                  ; 1       ;
; VGA_SYNC:inst|Add1~2                                                                  ; 1       ;
; VGA_SYNC:inst|Add1~1                                                                  ; 1       ;
; VGA_SYNC:inst|Add1~0                                                                  ; 1       ;
; MOUSE:inst5|new_cursor_row[9]~28                                                      ; 1       ;
; MOUSE:inst5|new_cursor_row[8]~27                                                      ; 1       ;
; MOUSE:inst5|new_cursor_row[8]~26                                                      ; 1       ;
; MOUSE:inst5|new_cursor_row[7]~25                                                      ; 1       ;
; MOUSE:inst5|new_cursor_row[7]~24                                                      ; 1       ;
; MOUSE:inst5|new_cursor_row[6]~23                                                      ; 1       ;
; MOUSE:inst5|new_cursor_row[6]~22                                                      ; 1       ;
; MOUSE:inst5|new_cursor_row[5]~21                                                      ; 1       ;
; MOUSE:inst5|new_cursor_row[5]~20                                                      ; 1       ;
; MOUSE:inst5|new_cursor_row[4]~19                                                      ; 1       ;
; MOUSE:inst5|new_cursor_row[4]~18                                                      ; 1       ;
; MOUSE:inst5|new_cursor_row[3]~17                                                      ; 1       ;
; MOUSE:inst5|new_cursor_row[3]~16                                                      ; 1       ;
; MOUSE:inst5|new_cursor_row[2]~15                                                      ; 1       ;
; MOUSE:inst5|new_cursor_row[2]~14                                                      ; 1       ;
; MOUSE:inst5|new_cursor_row[1]~13                                                      ; 1       ;
; MOUSE:inst5|new_cursor_row[1]~12                                                      ; 1       ;
; MOUSE:inst5|new_cursor_row[0]~11                                                      ; 1       ;
; MOUSE:inst5|new_cursor_row[0]~10                                                      ; 1       ;
; MOUSE:inst5|new_cursor_column[9]~28                                                   ; 1       ;
; MOUSE:inst5|new_cursor_column[8]~27                                                   ; 1       ;
; MOUSE:inst5|new_cursor_column[8]~26                                                   ; 1       ;
; MOUSE:inst5|new_cursor_column[7]~25                                                   ; 1       ;
; MOUSE:inst5|new_cursor_column[7]~24                                                   ; 1       ;
; MOUSE:inst5|new_cursor_column[6]~23                                                   ; 1       ;
; MOUSE:inst5|new_cursor_column[6]~22                                                   ; 1       ;
; MOUSE:inst5|new_cursor_column[5]~21                                                   ; 1       ;
; MOUSE:inst5|new_cursor_column[5]~20                                                   ; 1       ;
; MOUSE:inst5|new_cursor_column[4]~19                                                   ; 1       ;
; MOUSE:inst5|new_cursor_column[4]~18                                                   ; 1       ;
; MOUSE:inst5|new_cursor_column[3]~17                                                   ; 1       ;
; MOUSE:inst5|new_cursor_column[3]~16                                                   ; 1       ;
; MOUSE:inst5|new_cursor_column[2]~15                                                   ; 1       ;
; MOUSE:inst5|new_cursor_column[2]~14                                                   ; 1       ;
; MOUSE:inst5|new_cursor_column[1]~13                                                   ; 1       ;
; MOUSE:inst5|new_cursor_column[1]~12                                                   ; 1       ;
; MOUSE:inst5|new_cursor_column[0]~11                                                   ; 1       ;
; MOUSE:inst5|new_cursor_column[0]~10                                                   ; 1       ;
; objects:inst7|Add14~20                                                                ; 1       ;
; objects:inst7|Add14~19                                                                ; 1       ;
; objects:inst7|Add14~18                                                                ; 1       ;
; objects:inst7|Add14~17                                                                ; 1       ;
; objects:inst7|Add14~16                                                                ; 1       ;
; objects:inst7|Add14~15                                                                ; 1       ;
; objects:inst7|Add14~14                                                                ; 1       ;
; objects:inst7|Add14~13                                                                ; 1       ;
; objects:inst7|Add14~12                                                                ; 1       ;
; objects:inst7|Add14~11                                                                ; 1       ;
; objects:inst7|Add14~10                                                                ; 1       ;
; objects:inst7|Add14~9                                                                 ; 1       ;
; objects:inst7|Add14~8                                                                 ; 1       ;
; objects:inst7|Add14~7                                                                 ; 1       ;
; objects:inst7|Add14~6                                                                 ; 1       ;
; objects:inst7|Add14~5                                                                 ; 1       ;
; objects:inst7|Add14~4                                                                 ; 1       ;
; objects:inst7|Add14~3                                                                 ; 1       ;
; objects:inst7|Add14~2                                                                 ; 1       ;
; objects:inst7|Add14~1                                                                 ; 1       ;
; objects:inst7|Add14~0                                                                 ; 1       ;
; objects:inst7|ball_y_pos[9]~28                                                        ; 1       ;
; objects:inst7|ball_y_pos[8]~27                                                        ; 1       ;
; objects:inst7|ball_y_pos[8]~26                                                        ; 1       ;
; objects:inst7|ball_y_pos[7]~25                                                        ; 1       ;
; objects:inst7|ball_y_pos[7]~24                                                        ; 1       ;
; objects:inst7|ball_y_pos[6]~23                                                        ; 1       ;
; objects:inst7|ball_y_pos[6]~22                                                        ; 1       ;
; objects:inst7|ball_y_pos[5]~21                                                        ; 1       ;
; objects:inst7|ball_y_pos[5]~20                                                        ; 1       ;
; objects:inst7|ball_y_pos[4]~19                                                        ; 1       ;
; objects:inst7|ball_y_pos[4]~18                                                        ; 1       ;
; objects:inst7|ball_y_pos[3]~17                                                        ; 1       ;
; objects:inst7|ball_y_pos[3]~16                                                        ; 1       ;
; objects:inst7|ball_y_pos[2]~15                                                        ; 1       ;
; objects:inst7|ball_y_pos[2]~14                                                        ; 1       ;
; objects:inst7|ball_y_pos[1]~13                                                        ; 1       ;
; objects:inst7|ball_y_pos[1]~12                                                        ; 1       ;
; objects:inst7|ball_y_pos[0]~11                                                        ; 1       ;
; objects:inst7|ball_y_pos[0]~10                                                        ; 1       ;
; char_rom:inst12|altsyncram:altsyncram_component|altsyncram_kt91:auto_generated|q_a[1] ; 1       ;
; char_rom:inst12|altsyncram:altsyncram_component|altsyncram_kt91:auto_generated|q_a[2] ; 1       ;
; char_rom:inst12|altsyncram:altsyncram_component|altsyncram_kt91:auto_generated|q_a[3] ; 1       ;
; char_rom:inst12|altsyncram:altsyncram_component|altsyncram_kt91:auto_generated|q_a[4] ; 1       ;
; char_rom:inst12|altsyncram:altsyncram_component|altsyncram_kt91:auto_generated|q_a[5] ; 1       ;
; char_rom:inst12|altsyncram:altsyncram_component|altsyncram_kt91:auto_generated|q_a[6] ; 1       ;
; char_rom:inst12|altsyncram:altsyncram_component|altsyncram_kt91:auto_generated|q_a[7] ; 1       ;
; char_rom:inst12|altsyncram:altsyncram_component|altsyncram_kt91:auto_generated|q_a[0] ; 1       ;
; objects:inst7|Add5~16                                                                 ; 1       ;
; objects:inst7|LessThan5~18                                                            ; 1       ;
; objects:inst7|LessThan5~17                                                            ; 1       ;
; objects:inst7|LessThan5~15                                                            ; 1       ;
; objects:inst7|LessThan5~13                                                            ; 1       ;
; objects:inst7|LessThan5~11                                                            ; 1       ;
; objects:inst7|LessThan5~9                                                             ; 1       ;
; objects:inst7|LessThan5~7                                                             ; 1       ;
; objects:inst7|LessThan5~5                                                             ; 1       ;
; objects:inst7|LessThan5~3                                                             ; 1       ;
; objects:inst7|LessThan5~1                                                             ; 1       ;
; objects:inst7|Add5~15                                                                 ; 1       ;
; objects:inst7|Add5~14                                                                 ; 1       ;
; objects:inst7|Add5~13                                                                 ; 1       ;
; objects:inst7|Add5~12                                                                 ; 1       ;
; objects:inst7|Add5~11                                                                 ; 1       ;
; objects:inst7|Add5~10                                                                 ; 1       ;
; objects:inst7|Add5~9                                                                  ; 1       ;
; objects:inst7|Add5~8                                                                  ; 1       ;
; objects:inst7|Add5~7                                                                  ; 1       ;
; objects:inst7|Add5~6                                                                  ; 1       ;
; objects:inst7|Add5~5                                                                  ; 1       ;
; objects:inst7|Add5~4                                                                  ; 1       ;
; objects:inst7|Add5~3                                                                  ; 1       ;
; objects:inst7|Add5~2                                                                  ; 1       ;
; objects:inst7|Add5~1                                                                  ; 1       ;
; objects:inst7|LessThan4~20                                                            ; 1       ;
; objects:inst7|LessThan4~19                                                            ; 1       ;
; objects:inst7|LessThan4~17                                                            ; 1       ;
; objects:inst7|LessThan4~15                                                            ; 1       ;
; objects:inst7|LessThan4~13                                                            ; 1       ;
; objects:inst7|LessThan4~11                                                            ; 1       ;
; objects:inst7|LessThan4~9                                                             ; 1       ;
; objects:inst7|LessThan4~7                                                             ; 1       ;
; objects:inst7|LessThan4~5                                                             ; 1       ;
; objects:inst7|LessThan4~3                                                             ; 1       ;
; objects:inst7|LessThan4~1                                                             ; 1       ;
; objects:inst7|Add4~13                                                                 ; 1       ;
; objects:inst7|Add4~12                                                                 ; 1       ;
; objects:inst7|Add4~11                                                                 ; 1       ;
; objects:inst7|Add4~10                                                                 ; 1       ;
; objects:inst7|Add4~9                                                                  ; 1       ;
; objects:inst7|Add4~8                                                                  ; 1       ;
; objects:inst7|Add4~7                                                                  ; 1       ;
; objects:inst7|Add4~6                                                                  ; 1       ;
; objects:inst7|Add4~5                                                                  ; 1       ;
; objects:inst7|Add4~4                                                                  ; 1       ;
; objects:inst7|Add4~3                                                                  ; 1       ;
; objects:inst7|Add4~2                                                                  ; 1       ;
; objects:inst7|Add4~1                                                                  ; 1       ;
; objects:inst7|LessThan7~16                                                            ; 1       ;
; objects:inst7|LessThan7~15                                                            ; 1       ;
; objects:inst7|LessThan7~13                                                            ; 1       ;
; objects:inst7|LessThan7~11                                                            ; 1       ;
; objects:inst7|LessThan7~9                                                             ; 1       ;
; objects:inst7|LessThan7~7                                                             ; 1       ;
; objects:inst7|LessThan7~5                                                             ; 1       ;
; objects:inst7|LessThan7~3                                                             ; 1       ;
; objects:inst7|LessThan7~1                                                             ; 1       ;
; objects:inst7|Add6~16                                                                 ; 1       ;
; objects:inst7|LessThan6~16                                                            ; 1       ;
; objects:inst7|LessThan6~15                                                            ; 1       ;
; objects:inst7|LessThan6~13                                                            ; 1       ;
; objects:inst7|LessThan6~11                                                            ; 1       ;
; objects:inst7|LessThan6~9                                                             ; 1       ;
; objects:inst7|LessThan6~7                                                             ; 1       ;
; objects:inst7|LessThan6~5                                                             ; 1       ;
; objects:inst7|LessThan6~3                                                             ; 1       ;
; objects:inst7|LessThan6~1                                                             ; 1       ;
; objects:inst7|Add6~15                                                                 ; 1       ;
; objects:inst7|Add6~14                                                                 ; 1       ;
; objects:inst7|Add6~13                                                                 ; 1       ;
; objects:inst7|Add6~12                                                                 ; 1       ;
+---------------------------------------------------------------------------------------+---------+


+-----------------------------------------------------------------------------------------------------------------------------------------------------------------------------------------------------------------------------------------------------------------------------------------------------------------------------------------------------------------------------------------------------------------------------------------------------------------------------------------------------------------------------------------------+
; Fitter RAM Summary                                                                                                                                                                                                                                                                                                                                                                                                                                                                                                                            ;
+-------------------------------------------------------------------------------------------+------+------+--------------+--------------+--------------+--------------+--------------+------------------------+-------------------------+------------------------+-------------------------+------+-----------------------------+-----------------------------+-----------------------------+-----------------------------+---------------------+------+------------+----------------+----------------------+-----------------+-----------------+
; Name                                                                                      ; Type ; Mode ; Clock Mode   ; Port A Depth ; Port A Width ; Port B Depth ; Port B Width ; Port A Input Registers ; Port A Output Registers ; Port B Input Registers ; Port B Output Registers ; Size ; Implementation Port A Depth ; Implementation Port A Width ; Implementation Port B Depth ; Implementation Port B Width ; Implementation Bits ; M9Ks ; MIF        ; Location       ; Mixed Width RDW Mode ; Port A RDW Mode ; Port B RDW Mode ;
+-------------------------------------------------------------------------------------------+------+------+--------------+--------------+--------------+--------------+--------------+------------------------+-------------------------+------------------------+-------------------------+------+-----------------------------+-----------------------------+-----------------------------+-----------------------------+---------------------+------+------------+----------------+----------------------+-----------------+-----------------+
; char_rom:inst12|altsyncram:altsyncram_component|altsyncram_kt91:auto_generated|ALTSYNCRAM ; AUTO ; ROM  ; Single Clock ; 512          ; 8            ; --           ; --           ; yes                    ; no                      ; --                     ; --                      ; 4096 ; 512                         ; 8                           ; --                          ; --                          ; 4096                ; 1    ; tcgrom.mif ; M9K_X25_Y18_N0 ; Don't care           ; Old data        ; Old data        ;
+-------------------------------------------------------------------------------------------+------+------+--------------+--------------+--------------+--------------+--------------+------------------------+-------------------------+------------------------+-------------------------+------+-----------------------------+-----------------------------+-----------------------------+-----------------------------+---------------------+------+------------+----------------+----------------------+-----------------+-----------------+
Note: Fitter may spread logical memories into multiple blocks to improve timing. The actual required RAM blocks can be found in the Fitter Resource Usage section.


RAM content values are presented in the following format: (Binary) (Octal) (Decimal) (Hexadecimal) 
+------------------------------------------------------------------------------------------------------------------------------------------------------------------------------------------------------------------------------------------------------------------+
; |miniProject|char_rom:inst12|altsyncram:altsyncram_component|altsyncram_kt91:auto_generated|ALTSYNCRAM                                                                                                                                                           ;
+------------------------------------------------------------------------------------------------------------------------------------------------------------------------------------------------------------------------------------------------------------------+
;   Addr   ;              +0              ;              +1              ;              +2              ;              +3              ;              +4              ;              +5              ;              +6              ;              +7              ;
+----------+------------------------------+------------------------------+------------------------------+------------------------------+------------------------------+------------------------------+------------------------------+------------------------------+
;0;(00111100) (74) (60) (3C)    ;(01100110) (146) (102) (66)   ;(01101110) (156) (110) (6E)   ;(01101110) (156) (110) (6E)   ;(01100000) (140) (96) (60)   ;(01100010) (142) (98) (62)   ;(00111100) (74) (60) (3C)   ;(00000000) (0) (0) (00)   ;
;8;(00011000) (30) (24) (18)    ;(00111100) (74) (60) (3C)   ;(01100110) (146) (102) (66)   ;(01111110) (176) (126) (7E)   ;(01100110) (146) (102) (66)   ;(01100110) (146) (102) (66)   ;(01100110) (146) (102) (66)   ;(00000000) (0) (0) (00)   ;
;16;(01111100) (174) (124) (7C)    ;(01100110) (146) (102) (66)   ;(01100110) (146) (102) (66)   ;(01111100) (174) (124) (7C)   ;(01100110) (146) (102) (66)   ;(01100110) (146) (102) (66)   ;(01111100) (174) (124) (7C)   ;(00000000) (0) (0) (00)   ;
;24;(00111100) (74) (60) (3C)    ;(01100110) (146) (102) (66)   ;(01100000) (140) (96) (60)   ;(01100000) (140) (96) (60)   ;(01100000) (140) (96) (60)   ;(01100110) (146) (102) (66)   ;(00111100) (74) (60) (3C)   ;(00000000) (0) (0) (00)   ;
;32;(01111000) (170) (120) (78)    ;(01101100) (154) (108) (6C)   ;(01100110) (146) (102) (66)   ;(01100110) (146) (102) (66)   ;(01100110) (146) (102) (66)   ;(01101100) (154) (108) (6C)   ;(01111000) (170) (120) (78)   ;(00000000) (0) (0) (00)   ;
;40;(01111110) (176) (126) (7E)    ;(01100000) (140) (96) (60)   ;(01100000) (140) (96) (60)   ;(01111000) (170) (120) (78)   ;(01100000) (140) (96) (60)   ;(01100000) (140) (96) (60)   ;(01111110) (176) (126) (7E)   ;(00000000) (0) (0) (00)   ;
;48;(01111110) (176) (126) (7E)    ;(01100000) (140) (96) (60)   ;(01100000) (140) (96) (60)   ;(01111000) (170) (120) (78)   ;(01100000) (140) (96) (60)   ;(01100000) (140) (96) (60)   ;(01100000) (140) (96) (60)   ;(00000000) (0) (0) (00)   ;
;56;(00111100) (74) (60) (3C)    ;(01100110) (146) (102) (66)   ;(01100000) (140) (96) (60)   ;(01101110) (156) (110) (6E)   ;(01100110) (146) (102) (66)   ;(01100110) (146) (102) (66)   ;(00111100) (74) (60) (3C)   ;(00000000) (0) (0) (00)   ;
;64;(01100110) (146) (102) (66)    ;(01100110) (146) (102) (66)   ;(01100110) (146) (102) (66)   ;(01111110) (176) (126) (7E)   ;(01100110) (146) (102) (66)   ;(01100110) (146) (102) (66)   ;(01100110) (146) (102) (66)   ;(00000000) (0) (0) (00)   ;
;72;(00111100) (74) (60) (3C)    ;(00011000) (30) (24) (18)   ;(00011000) (30) (24) (18)   ;(00011000) (30) (24) (18)   ;(00011000) (30) (24) (18)   ;(00011000) (30) (24) (18)   ;(00111100) (74) (60) (3C)   ;(00000000) (0) (0) (00)   ;
;80;(00011110) (36) (30) (1E)    ;(00001100) (14) (12) (0C)   ;(00001100) (14) (12) (0C)   ;(00001100) (14) (12) (0C)   ;(00001100) (14) (12) (0C)   ;(01101100) (154) (108) (6C)   ;(00111000) (70) (56) (38)   ;(00000000) (0) (0) (00)   ;
;88;(01100110) (146) (102) (66)    ;(01101100) (154) (108) (6C)   ;(01111000) (170) (120) (78)   ;(01110000) (160) (112) (70)   ;(01111000) (170) (120) (78)   ;(01101100) (154) (108) (6C)   ;(01100110) (146) (102) (66)   ;(00000000) (0) (0) (00)   ;
;96;(01100000) (140) (96) (60)    ;(01100000) (140) (96) (60)   ;(01100000) (140) (96) (60)   ;(01100000) (140) (96) (60)   ;(01100000) (140) (96) (60)   ;(01100000) (140) (96) (60)   ;(01111110) (176) (126) (7E)   ;(00000000) (0) (0) (00)   ;
;104;(01100011) (143) (99) (63)    ;(01110111) (167) (119) (77)   ;(01111111) (177) (127) (7F)   ;(01101011) (153) (107) (6B)   ;(01100011) (143) (99) (63)   ;(01100011) (143) (99) (63)   ;(01100011) (143) (99) (63)   ;(00000000) (0) (0) (00)   ;
;112;(01100110) (146) (102) (66)    ;(01110110) (166) (118) (76)   ;(01111110) (176) (126) (7E)   ;(01111110) (176) (126) (7E)   ;(01101110) (156) (110) (6E)   ;(01100110) (146) (102) (66)   ;(01100110) (146) (102) (66)   ;(00000000) (0) (0) (00)   ;
;120;(00111100) (74) (60) (3C)    ;(01100110) (146) (102) (66)   ;(01100110) (146) (102) (66)   ;(01100110) (146) (102) (66)   ;(01100110) (146) (102) (66)   ;(01100110) (146) (102) (66)   ;(00111100) (74) (60) (3C)   ;(00000000) (0) (0) (00)   ;
;128;(01111100) (174) (124) (7C)    ;(01100110) (146) (102) (66)   ;(01100110) (146) (102) (66)   ;(01111100) (174) (124) (7C)   ;(01100000) (140) (96) (60)   ;(01100000) (140) (96) (60)   ;(01100000) (140) (96) (60)   ;(00000000) (0) (0) (00)   ;
;136;(00111100) (74) (60) (3C)    ;(01100110) (146) (102) (66)   ;(01100110) (146) (102) (66)   ;(01100110) (146) (102) (66)   ;(01100110) (146) (102) (66)   ;(00111100) (74) (60) (3C)   ;(00001110) (16) (14) (0E)   ;(00000000) (0) (0) (00)   ;
;144;(01111100) (174) (124) (7C)    ;(01100110) (146) (102) (66)   ;(01100110) (146) (102) (66)   ;(01111100) (174) (124) (7C)   ;(01111000) (170) (120) (78)   ;(01101100) (154) (108) (6C)   ;(01100110) (146) (102) (66)   ;(00000000) (0) (0) (00)   ;
;152;(00111100) (74) (60) (3C)    ;(01100110) (146) (102) (66)   ;(01100000) (140) (96) (60)   ;(00111100) (74) (60) (3C)   ;(00000110) (6) (6) (06)   ;(01100110) (146) (102) (66)   ;(00111100) (74) (60) (3C)   ;(00000000) (0) (0) (00)   ;
;160;(01111110) (176) (126) (7E)    ;(00011000) (30) (24) (18)   ;(00011000) (30) (24) (18)   ;(00011000) (30) (24) (18)   ;(00011000) (30) (24) (18)   ;(00011000) (30) (24) (18)   ;(00011000) (30) (24) (18)   ;(00000000) (0) (0) (00)   ;
;168;(01100110) (146) (102) (66)    ;(01100110) (146) (102) (66)   ;(01100110) (146) (102) (66)   ;(01100110) (146) (102) (66)   ;(01100110) (146) (102) (66)   ;(01100110) (146) (102) (66)   ;(00111100) (74) (60) (3C)   ;(00000000) (0) (0) (00)   ;
;176;(01100110) (146) (102) (66)    ;(01100110) (146) (102) (66)   ;(01100110) (146) (102) (66)   ;(01100110) (146) (102) (66)   ;(01100110) (146) (102) (66)   ;(00111100) (74) (60) (3C)   ;(00011000) (30) (24) (18)   ;(00000000) (0) (0) (00)   ;
;184;(01100011) (143) (99) (63)    ;(01100011) (143) (99) (63)   ;(01100011) (143) (99) (63)   ;(01101011) (153) (107) (6B)   ;(01111111) (177) (127) (7F)   ;(01110111) (167) (119) (77)   ;(01100011) (143) (99) (63)   ;(00000000) (0) (0) (00)   ;
;192;(01100110) (146) (102) (66)    ;(01100110) (146) (102) (66)   ;(00111100) (74) (60) (3C)   ;(00011000) (30) (24) (18)   ;(00111100) (74) (60) (3C)   ;(01100110) (146) (102) (66)   ;(01100110) (146) (102) (66)   ;(00000000) (0) (0) (00)   ;
;200;(01100110) (146) (102) (66)    ;(01100110) (146) (102) (66)   ;(01100110) (146) (102) (66)   ;(00111100) (74) (60) (3C)   ;(00011000) (30) (24) (18)   ;(00011000) (30) (24) (18)   ;(00011000) (30) (24) (18)   ;(00000000) (0) (0) (00)   ;
;208;(01111110) (176) (126) (7E)    ;(00000110) (6) (6) (06)   ;(00001100) (14) (12) (0C)   ;(00011000) (30) (24) (18)   ;(00110000) (60) (48) (30)   ;(01100000) (140) (96) (60)   ;(01111110) (176) (126) (7E)   ;(00000000) (0) (0) (00)   ;
;216;(00111100) (74) (60) (3C)    ;(00110000) (60) (48) (30)   ;(00110000) (60) (48) (30)   ;(00110000) (60) (48) (30)   ;(00110000) (60) (48) (30)   ;(00110000) (60) (48) (30)   ;(00111100) (74) (60) (3C)   ;(00000000) (0) (0) (00)   ;
;224;(00011000) (30) (24) (18)    ;(00011000) (30) (24) (18)   ;(00011000) (30) (24) (18)   ;(00011000) (30) (24) (18)   ;(01111110) (176) (126) (7E)   ;(00111100) (74) (60) (3C)   ;(00011000) (30) (24) (18)   ;(00000000) (0) (0) (00)   ;
;232;(00111100) (74) (60) (3C)    ;(00001100) (14) (12) (0C)   ;(00001100) (14) (12) (0C)   ;(00001100) (14) (12) (0C)   ;(00001100) (14) (12) (0C)   ;(00001100) (14) (12) (0C)   ;(00111100) (74) (60) (3C)   ;(00000000) (0) (0) (00)   ;
;240;(00000000) (0) (0) (00)    ;(00011000) (30) (24) (18)   ;(00111100) (74) (60) (3C)   ;(01111110) (176) (126) (7E)   ;(00011000) (30) (24) (18)   ;(00011000) (30) (24) (18)   ;(00011000) (30) (24) (18)   ;(00011000) (30) (24) (18)   ;
;248;(00000000) (0) (0) (00)    ;(00010000) (20) (16) (10)   ;(00110000) (60) (48) (30)   ;(01111111) (177) (127) (7F)   ;(01111111) (177) (127) (7F)   ;(00110000) (60) (48) (30)   ;(00010000) (20) (16) (10)   ;(00000000) (0) (0) (00)   ;
;256;(00000000) (0) (0) (00)    ;(00000000) (0) (0) (00)   ;(00000000) (0) (0) (00)   ;(00000000) (0) (0) (00)   ;(00000000) (0) (0) (00)   ;(00000000) (0) (0) (00)   ;(00000000) (0) (0) (00)   ;(00000000) (0) (0) (00)   ;
;264;(00011000) (30) (24) (18)    ;(00011000) (30) (24) (18)   ;(00011000) (30) (24) (18)   ;(00011000) (30) (24) (18)   ;(00000000) (0) (0) (00)   ;(00000000) (0) (0) (00)   ;(00011000) (30) (24) (18)   ;(00000000) (0) (0) (00)   ;
;272;(01100110) (146) (102) (66)    ;(01100110) (146) (102) (66)   ;(01100110) (146) (102) (66)   ;(00000000) (0) (0) (00)   ;(00000000) (0) (0) (00)   ;(00000000) (0) (0) (00)   ;(00000000) (0) (0) (00)   ;(00000000) (0) (0) (00)   ;
;280;(01100110) (146) (102) (66)    ;(01100110) (146) (102) (66)   ;(11111111) (377) (255) (FF)   ;(01100110) (146) (102) (66)   ;(11111111) (377) (255) (FF)   ;(01100110) (146) (102) (66)   ;(01100110) (146) (102) (66)   ;(00000000) (0) (0) (00)   ;
;288;(00011000) (30) (24) (18)    ;(00111110) (76) (62) (3E)   ;(01100000) (140) (96) (60)   ;(00111100) (74) (60) (3C)   ;(00000110) (6) (6) (06)   ;(01111100) (174) (124) (7C)   ;(00011000) (30) (24) (18)   ;(00000000) (0) (0) (00)   ;
;296;(01100010) (142) (98) (62)    ;(01100110) (146) (102) (66)   ;(00001100) (14) (12) (0C)   ;(00011000) (30) (24) (18)   ;(00110000) (60) (48) (30)   ;(01100110) (146) (102) (66)   ;(01000110) (106) (70) (46)   ;(00000000) (0) (0) (00)   ;
;304;(00111100) (74) (60) (3C)    ;(01100110) (146) (102) (66)   ;(00111100) (74) (60) (3C)   ;(00111000) (70) (56) (38)   ;(01100111) (147) (103) (67)   ;(01100110) (146) (102) (66)   ;(00111111) (77) (63) (3F)   ;(00000000) (0) (0) (00)   ;
;312;(00000110) (6) (6) (06)    ;(00001100) (14) (12) (0C)   ;(00011000) (30) (24) (18)   ;(00000000) (0) (0) (00)   ;(00000000) (0) (0) (00)   ;(00000000) (0) (0) (00)   ;(00000000) (0) (0) (00)   ;(00000000) (0) (0) (00)   ;
;320;(00001100) (14) (12) (0C)    ;(00011000) (30) (24) (18)   ;(00110000) (60) (48) (30)   ;(00110000) (60) (48) (30)   ;(00110000) (60) (48) (30)   ;(00011000) (30) (24) (18)   ;(00001100) (14) (12) (0C)   ;(00000000) (0) (0) (00)   ;
;328;(00110000) (60) (48) (30)    ;(00011000) (30) (24) (18)   ;(00001100) (14) (12) (0C)   ;(00001100) (14) (12) (0C)   ;(00001100) (14) (12) (0C)   ;(00011000) (30) (24) (18)   ;(00110000) (60) (48) (30)   ;(00000000) (0) (0) (00)   ;
;336;(00000000) (0) (0) (00)    ;(01100110) (146) (102) (66)   ;(00111100) (74) (60) (3C)   ;(11111111) (377) (255) (FF)   ;(00111100) (74) (60) (3C)   ;(01100110) (146) (102) (66)   ;(00000000) (0) (0) (00)   ;(00000000) (0) (0) (00)   ;
;344;(00000000) (0) (0) (00)    ;(00011000) (30) (24) (18)   ;(00011000) (30) (24) (18)   ;(01111110) (176) (126) (7E)   ;(00011000) (30) (24) (18)   ;(00011000) (30) (24) (18)   ;(00000000) (0) (0) (00)   ;(00000000) (0) (0) (00)   ;
;352;(00000000) (0) (0) (00)    ;(00000000) (0) (0) (00)   ;(00000000) (0) (0) (00)   ;(00000000) (0) (0) (00)   ;(00000000) (0) (0) (00)   ;(00011000) (30) (24) (18)   ;(00011000) (30) (24) (18)   ;(00110000) (60) (48) (30)   ;
;360;(00000000) (0) (0) (00)    ;(00000000) (0) (0) (00)   ;(00000000) (0) (0) (00)   ;(01111110) (176) (126) (7E)   ;(00000000) (0) (0) (00)   ;(00000000) (0) (0) (00)   ;(00000000) (0) (0) (00)   ;(00000000) (0) (0) (00)   ;
;368;(00000000) (0) (0) (00)    ;(00000000) (0) (0) (00)   ;(00000000) (0) (0) (00)   ;(00000000) (0) (0) (00)   ;(00000000) (0) (0) (00)   ;(00011000) (30) (24) (18)   ;(00011000) (30) (24) (18)   ;(00000000) (0) (0) (00)   ;
;376;(00000000) (0) (0) (00)    ;(00000011) (3) (3) (03)   ;(00000110) (6) (6) (06)   ;(00001100) (14) (12) (0C)   ;(00011000) (30) (24) (18)   ;(00110000) (60) (48) (30)   ;(01100000) (140) (96) (60)   ;(00000000) (0) (0) (00)   ;
;384;(00111100) (74) (60) (3C)    ;(01100110) (146) (102) (66)   ;(01101110) (156) (110) (6E)   ;(01110110) (166) (118) (76)   ;(01100110) (146) (102) (66)   ;(01100110) (146) (102) (66)   ;(00111100) (74) (60) (3C)   ;(00000000) (0) (0) (00)   ;
;392;(00011000) (30) (24) (18)    ;(00011000) (30) (24) (18)   ;(00111000) (70) (56) (38)   ;(00011000) (30) (24) (18)   ;(00011000) (30) (24) (18)   ;(00011000) (30) (24) (18)   ;(01111110) (176) (126) (7E)   ;(00000000) (0) (0) (00)   ;
;400;(00111100) (74) (60) (3C)    ;(01100110) (146) (102) (66)   ;(00000110) (6) (6) (06)   ;(00001100) (14) (12) (0C)   ;(00110000) (60) (48) (30)   ;(01100000) (140) (96) (60)   ;(01111110) (176) (126) (7E)   ;(00000000) (0) (0) (00)   ;
;408;(00111100) (74) (60) (3C)    ;(01100110) (146) (102) (66)   ;(00000110) (6) (6) (06)   ;(00011100) (34) (28) (1C)   ;(00000110) (6) (6) (06)   ;(01100110) (146) (102) (66)   ;(00111100) (74) (60) (3C)   ;(00000000) (0) (0) (00)   ;
;416;(00000110) (6) (6) (06)    ;(00001110) (16) (14) (0E)   ;(00011110) (36) (30) (1E)   ;(01100110) (146) (102) (66)   ;(01111111) (177) (127) (7F)   ;(00000110) (6) (6) (06)   ;(00000110) (6) (6) (06)   ;(00000000) (0) (0) (00)   ;
;424;(01111110) (176) (126) (7E)    ;(01100000) (140) (96) (60)   ;(01111100) (174) (124) (7C)   ;(00000110) (6) (6) (06)   ;(00000110) (6) (6) (06)   ;(01100110) (146) (102) (66)   ;(00111100) (74) (60) (3C)   ;(00000000) (0) (0) (00)   ;
;432;(00111100) (74) (60) (3C)    ;(01100110) (146) (102) (66)   ;(01100000) (140) (96) (60)   ;(01111100) (174) (124) (7C)   ;(01100110) (146) (102) (66)   ;(01100110) (146) (102) (66)   ;(00111100) (74) (60) (3C)   ;(00000000) (0) (0) (00)   ;
;440;(01111110) (176) (126) (7E)    ;(01100110) (146) (102) (66)   ;(00001100) (14) (12) (0C)   ;(00011000) (30) (24) (18)   ;(00011000) (30) (24) (18)   ;(00011000) (30) (24) (18)   ;(00011000) (30) (24) (18)   ;(00000000) (0) (0) (00)   ;
;448;(00111100) (74) (60) (3C)    ;(01100110) (146) (102) (66)   ;(01100110) (146) (102) (66)   ;(00111100) (74) (60) (3C)   ;(01100110) (146) (102) (66)   ;(01100110) (146) (102) (66)   ;(00111100) (74) (60) (3C)   ;(00000000) (0) (0) (00)   ;
;456;(00111100) (74) (60) (3C)    ;(01100110) (146) (102) (66)   ;(01100110) (146) (102) (66)   ;(00111110) (76) (62) (3E)   ;(00000110) (6) (6) (06)   ;(01100110) (146) (102) (66)   ;(00111100) (74) (60) (3C)   ;(00000000) (0) (0) (00)   ;
;464;(00011000) (30) (24) (18)    ;(00111100) (74) (60) (3C)   ;(01100110) (146) (102) (66)   ;(01111110) (176) (126) (7E)   ;(01100110) (146) (102) (66)   ;(01100110) (146) (102) (66)   ;(01100110) (146) (102) (66)   ;(00000000) (0) (0) (00)   ;
;472;(01111100) (174) (124) (7C)    ;(01100110) (146) (102) (66)   ;(01100110) (146) (102) (66)   ;(01111100) (174) (124) (7C)   ;(01100110) (146) (102) (66)   ;(01100110) (146) (102) (66)   ;(01111100) (174) (124) (7C)   ;(00000000) (0) (0) (00)   ;
;480;(00111100) (74) (60) (3C)    ;(01100110) (146) (102) (66)   ;(01100000) (140) (96) (60)   ;(01100000) (140) (96) (60)   ;(01100000) (140) (96) (60)   ;(01100110) (146) (102) (66)   ;(00111100) (74) (60) (3C)   ;(00000000) (0) (0) (00)   ;
;488;(01111000) (170) (120) (78)    ;(01101100) (154) (108) (6C)   ;(01100110) (146) (102) (66)   ;(01100110) (146) (102) (66)   ;(01100110) (146) (102) (66)   ;(01101100) (154) (108) (6C)   ;(01111000) (170) (120) (78)   ;(00000000) (0) (0) (00)   ;
;496;(01111110) (176) (126) (7E)    ;(01100000) (140) (96) (60)   ;(01100000) (140) (96) (60)   ;(01111000) (170) (120) (78)   ;(01100000) (140) (96) (60)   ;(01100000) (140) (96) (60)   ;(01111110) (176) (126) (7E)   ;(00000000) (0) (0) (00)   ;
;504;(01111110) (176) (126) (7E)    ;(01100000) (140) (96) (60)   ;(01100000) (140) (96) (60)   ;(01111000) (170) (120) (78)   ;(01100000) (140) (96) (60)   ;(01100000) (140) (96) (60)   ;(01100000) (140) (96) (60)   ;(00000000) (0) (0) (00)   ;


+------------------------------------------------------+
; Other Routing Usage Summary                          ;
+-----------------------------+------------------------+
; Other Routing Resource Type ; Usage                  ;
+-----------------------------+------------------------+
; Block interconnects         ; 852 / 47,787 ( 2 % )   ;
; C16 interconnects           ; 3 / 1,804 ( < 1 % )    ;
; C4 interconnects            ; 336 / 31,272 ( 1 % )   ;
; Direct links                ; 250 / 47,787 ( < 1 % ) ;
; Global clocks               ; 5 / 20 ( 25 % )        ;
; Local interconnects         ; 342 / 15,408 ( 2 % )   ;
; R24 interconnects           ; 19 / 1,775 ( 1 % )     ;
; R4 interconnects            ; 477 / 41,310 ( 1 % )   ;
+-----------------------------+------------------------+


+----------------------------------------------------------------------------+
; LAB Logic Elements                                                         ;
+---------------------------------------------+------------------------------+
; Number of Logic Elements  (Average = 10.65) ; Number of LABs  (Total = 66) ;
+---------------------------------------------+------------------------------+
; 1                                           ; 9                            ;
; 2                                           ; 4                            ;
; 3                                           ; 1                            ;
; 4                                           ; 2                            ;
; 5                                           ; 2                            ;
; 6                                           ; 0                            ;
; 7                                           ; 0                            ;
; 8                                           ; 2                            ;
; 9                                           ; 1                            ;
; 10                                          ; 2                            ;
; 11                                          ; 8                            ;
; 12                                          ; 2                            ;
; 13                                          ; 4                            ;
; 14                                          ; 3                            ;
; 15                                          ; 2                            ;
; 16                                          ; 24                           ;
+---------------------------------------------+------------------------------+


+-------------------------------------------------------------------+
; LAB-wide Signals                                                  ;
+------------------------------------+------------------------------+
; LAB-wide Signals  (Average = 1.03) ; Number of LABs  (Total = 66) ;
+------------------------------------+------------------------------+
; 1 Async. clear                     ; 1                            ;
; 1 Clock                            ; 34                           ;
; 1 Clock enable                     ; 14                           ;
; 1 Sync. clear                      ; 2                            ;
; 1 Sync. load                       ; 3                            ;
; 2 Clock enables                    ; 4                            ;
; 2 Clocks                           ; 10                           ;
+------------------------------------+------------------------------+


+-----------------------------------------------------------------------------+
; LAB Signals Sourced                                                         ;
+----------------------------------------------+------------------------------+
; Number of Signals Sourced  (Average = 13.88) ; Number of LABs  (Total = 66) ;
+----------------------------------------------+------------------------------+
; 0                                            ; 0                            ;
; 1                                            ; 6                            ;
; 2                                            ; 8                            ;
; 3                                            ; 1                            ;
; 4                                            ; 2                            ;
; 5                                            ; 0                            ;
; 6                                            ; 1                            ;
; 7                                            ; 3                            ;
; 8                                            ; 3                            ;
; 9                                            ; 4                            ;
; 10                                           ; 0                            ;
; 11                                           ; 0                            ;
; 12                                           ; 1                            ;
; 13                                           ; 2                            ;
; 14                                           ; 1                            ;
; 15                                           ; 2                            ;
; 16                                           ; 4                            ;
; 17                                           ; 2                            ;
; 18                                           ; 1                            ;
; 19                                           ; 2                            ;
; 20                                           ; 3                            ;
; 21                                           ; 4                            ;
; 22                                           ; 4                            ;
; 23                                           ; 2                            ;
; 24                                           ; 0                            ;
; 25                                           ; 2                            ;
; 26                                           ; 0                            ;
; 27                                           ; 1                            ;
; 28                                           ; 4                            ;
; 29                                           ; 1                            ;
; 30                                           ; 0                            ;
; 31                                           ; 0                            ;
; 32                                           ; 2                            ;
+----------------------------------------------+------------------------------+


+--------------------------------------------------------------------------------+
; LAB Signals Sourced Out                                                        ;
+-------------------------------------------------+------------------------------+
; Number of Signals Sourced Out  (Average = 6.88) ; Number of LABs  (Total = 66) ;
+-------------------------------------------------+------------------------------+
; 0                                               ; 0                            ;
; 1                                               ; 12                           ;
; 2                                               ; 11                           ;
; 3                                               ; 1                            ;
; 4                                               ; 1                            ;
; 5                                               ; 4                            ;
; 6                                               ; 4                            ;
; 7                                               ; 2                            ;
; 8                                               ; 4                            ;
; 9                                               ; 9                            ;
; 10                                              ; 3                            ;
; 11                                              ; 2                            ;
; 12                                              ; 2                            ;
; 13                                              ; 2                            ;
; 14                                              ; 1                            ;
; 15                                              ; 4                            ;
; 16                                              ; 2                            ;
; 17                                              ; 2                            ;
+-------------------------------------------------+------------------------------+


+-----------------------------------------------------------------------------+
; LAB Distinct Inputs                                                         ;
+----------------------------------------------+------------------------------+
; Number of Distinct Inputs  (Average = 11.17) ; Number of LABs  (Total = 66) ;
+----------------------------------------------+------------------------------+
; 0                                            ; 0                            ;
; 1                                            ; 1                            ;
; 2                                            ; 8                            ;
; 3                                            ; 8                            ;
; 4                                            ; 7                            ;
; 5                                            ; 2                            ;
; 6                                            ; 2                            ;
; 7                                            ; 1                            ;
; 8                                            ; 2                            ;
; 9                                            ; 2                            ;
; 10                                           ; 5                            ;
; 11                                           ; 1                            ;
; 12                                           ; 2                            ;
; 13                                           ; 2                            ;
; 14                                           ; 3                            ;
; 15                                           ; 1                            ;
; 16                                           ; 0                            ;
; 17                                           ; 0                            ;
; 18                                           ; 2                            ;
; 19                                           ; 2                            ;
; 20                                           ; 0                            ;
; 21                                           ; 0                            ;
; 22                                           ; 4                            ;
; 23                                           ; 2                            ;
; 24                                           ; 2                            ;
; 25                                           ; 5                            ;
; 26                                           ; 1                            ;
; 27                                           ; 0                            ;
; 28                                           ; 0                            ;
; 29                                           ; 0                            ;
; 30                                           ; 1                            ;
+----------------------------------------------+------------------------------+


+------------------------------------------+
; I/O Rules Summary                        ;
+----------------------------------+-------+
; I/O Rules Statistic              ; Total ;
+----------------------------------+-------+
; Total I/O Rules                  ; 30    ;
; Number of I/O Rules Passed       ; 12    ;
; Number of I/O Rules Failed       ; 0     ;
; Number of I/O Rules Unchecked    ; 0     ;
; Number of I/O Rules Inapplicable ; 18    ;
+----------------------------------+-------+


+-----------------------------------------------------------------------------------------------------------------------------------------------------------------------------------------------------------------------------------------------------------------------------------------------------+
; I/O Rules Details                                                                                                                                                                                                                                                                                   ;
+--------------+-----------+-----------------------------------+------------------------------------------------------------------------------------------------------+----------+--------------------------------------------------------------------------+---------------------+-------------------+
; Status       ; ID        ; Category                          ; Rule Description                                                                                     ; Severity ; Information                                                              ; Area                ; Extra Information ;
+--------------+-----------+-----------------------------------+------------------------------------------------------------------------------------------------------+----------+--------------------------------------------------------------------------+---------------------+-------------------+
; Pass         ; IO_000001 ; Capacity Checks                   ; Number of pins in an I/O bank should not exceed the number of locations available.                   ; Critical ; 0 such failures found.                                                   ; I/O                 ;                   ;
; Inapplicable ; IO_000002 ; Capacity Checks                   ; Number of clocks in an I/O bank should not exceed the number of clocks available.                    ; Critical ; No Global Signal assignments found.                                      ; I/O                 ;                   ;
; Pass         ; IO_000003 ; Capacity Checks                   ; Number of pins in a Vrefgroup should not exceed the number of locations available.                   ; Critical ; 0 such failures found.                                                   ; I/O                 ;                   ;
; Inapplicable ; IO_000004 ; Voltage Compatibility Checks      ; The I/O bank should support the requested VCCIO.                                                     ; Critical ; No IOBANK_VCCIO assignments found.                                       ; I/O                 ;                   ;
; Inapplicable ; IO_000005 ; Voltage Compatibility Checks      ; The I/O bank should not have competing VREF values.                                                  ; Critical ; No VREF I/O Standard assignments found.                                  ; I/O                 ;                   ;
; Pass         ; IO_000006 ; Voltage Compatibility Checks      ; The I/O bank should not have competing VCCIO values.                                                 ; Critical ; 0 such failures found.                                                   ; I/O                 ;                   ;
; Pass         ; IO_000007 ; Valid Location Checks             ; Checks for unavailable locations.                                                                    ; Critical ; 0 such failures found.                                                   ; I/O                 ;                   ;
; Inapplicable ; IO_000008 ; Valid Location Checks             ; Checks for reserved locations.                                                                       ; Critical ; No reserved LogicLock region found.                                      ; I/O                 ;                   ;
; Pass         ; IO_000009 ; I/O Properties Checks for One I/O ; The location should support the requested I/O standard.                                              ; Critical ; 0 such failures found.                                                   ; I/O                 ;                   ;
; Pass         ; IO_000010 ; I/O Properties Checks for One I/O ; The location should support the requested I/O direction.                                             ; Critical ; 0 such failures found.                                                   ; I/O                 ;                   ;
; Inapplicable ; IO_000011 ; I/O Properties Checks for One I/O ; The location should support the requested Current Strength.                                          ; Critical ; No Current Strength assignments found.                                   ; I/O                 ;                   ;
; Pass         ; IO_000012 ; I/O Properties Checks for One I/O ; The location should support the requested On Chip Termination value.                                 ; Critical ; 0 such failures found.                                                   ; I/O                 ;                   ;
; Inapplicable ; IO_000013 ; I/O Properties Checks for One I/O ; The location should support the requested Bus Hold value.                                            ; Critical ; No Enable Bus-Hold Circuitry assignments found.                          ; I/O                 ;                   ;
; Inapplicable ; IO_000014 ; I/O Properties Checks for One I/O ; The location should support the requested Weak Pull Up value.                                        ; Critical ; No Weak Pull-Up Resistor assignments found.                              ; I/O                 ;                   ;
; Pass         ; IO_000015 ; I/O Properties Checks for One I/O ; The location should support the requested PCI Clamp Diode.                                           ; Critical ; 0 such failures found.                                                   ; I/O                 ;                   ;
; Inapplicable ; IO_000018 ; I/O Properties Checks for One I/O ; The I/O standard should support the requested Current Strength.                                      ; Critical ; No Current Strength assignments found.                                   ; I/O                 ;                   ;
; Pass         ; IO_000019 ; I/O Properties Checks for One I/O ; The I/O standard should support the requested On Chip Termination value.                             ; Critical ; 0 such failures found.                                                   ; I/O                 ;                   ;
; Pass         ; IO_000020 ; I/O Properties Checks for One I/O ; The I/O standard should support the requested PCI Clamp Diode.                                       ; Critical ; 0 such failures found.                                                   ; I/O                 ;                   ;
; Inapplicable ; IO_000021 ; I/O Properties Checks for One I/O ; The I/O standard should support the requested Weak Pull Up value.                                    ; Critical ; No Weak Pull-Up Resistor assignments found.                              ; I/O                 ;                   ;
; Inapplicable ; IO_000022 ; I/O Properties Checks for One I/O ; The I/O standard should support the requested Bus Hold value.                                        ; Critical ; No Enable Bus-Hold Circuitry assignments found.                          ; I/O                 ;                   ;
; Inapplicable ; IO_000023 ; I/O Properties Checks for One I/O ; The I/O standard should support the Open Drain value.                                                ; Critical ; No open drain assignments found.                                         ; I/O                 ;                   ;
; Pass         ; IO_000024 ; I/O Properties Checks for One I/O ; The I/O direction should support the On Chip Termination value.                                      ; Critical ; 0 such failures found.                                                   ; I/O                 ;                   ;
; Inapplicable ; IO_000026 ; I/O Properties Checks for One I/O ; On Chip Termination and Current Strength should not be used at the same time.                        ; Critical ; No Current Strength assignments found.                                   ; I/O                 ;                   ;
; Inapplicable ; IO_000027 ; I/O Properties Checks for One I/O ; Weak Pull Up and Bus Hold should not be used at the same time.                                       ; Critical ; No Enable Bus-Hold Circuitry or Weak Pull-Up Resistor assignments found. ; I/O                 ;                   ;
; Inapplicable ; IO_000045 ; I/O Properties Checks for One I/O ; The I/O standard should support the requested Slew Rate value.                                       ; Critical ; No Slew Rate assignments found.                                          ; I/O                 ;                   ;
; Inapplicable ; IO_000046 ; I/O Properties Checks for One I/O ; The location should support the requested Slew Rate value.                                           ; Critical ; No Slew Rate assignments found.                                          ; I/O                 ;                   ;
; Inapplicable ; IO_000047 ; I/O Properties Checks for One I/O ; On Chip Termination and Slew Rate should not be used at the same time.                               ; Critical ; No Slew Rate assignments found.                                          ; I/O                 ;                   ;
; Pass         ; IO_000033 ; Electromigration Checks           ; Current density for consecutive I/Os should not exceed 240mA for row I/Os and 240mA for column I/Os. ; Critical ; 0 such failures found.                                                   ; I/O                 ;                   ;
; Inapplicable ; IO_000034 ; SI Related Distance Checks        ; Single-ended outputs should be 5 LAB row(s) away from a differential I/O.                            ; High     ; No Differential I/O Standard assignments found.                          ; I/O                 ;                   ;
; Inapplicable ; IO_000042 ; SI Related SSO Limit Checks       ; No more than 20 outputs are allowed in a VREF group when VREF is being read from.                    ; High     ; No VREF I/O Standard assignments found.                                  ; I/O                 ;                   ;
; ----         ; ----      ; Disclaimer                        ; OCT rules are checked but not reported.                                                              ; None     ; ----                                                                     ; On Chip Termination ;                   ;
+--------------+-----------+-----------------------------------+------------------------------------------------------------------------------------------------------+----------+--------------------------------------------------------------------------+---------------------+-------------------+


+------------------------------------------------------------------------------------------------------------------------------------------------------------------------------------------------------------------------------------------------------------------------------------------------------------------------------------------------------------------------------------------------------------------------------------------------------------------------------+
; I/O Rules Matrix                                                                                                                                                                                                                                                                                                                                                                                                                                                             ;
+------------------------+--------------+--------------+--------------+--------------+--------------+-----------+--------------+--------------+-----------+-----------+--------------+--------------+--------------+--------------+--------------+--------------+--------------+--------------+--------------+--------------+--------------+--------------+--------------+--------------+--------------+--------------+--------------+-----------+--------------+--------------+
; Pin/Rules              ; IO_000001    ; IO_000002    ; IO_000003    ; IO_000004    ; IO_000005    ; IO_000006 ; IO_000007    ; IO_000008    ; IO_000009 ; IO_000010 ; IO_000011    ; IO_000012    ; IO_000013    ; IO_000014    ; IO_000015    ; IO_000018    ; IO_000019    ; IO_000020    ; IO_000021    ; IO_000022    ; IO_000023    ; IO_000024    ; IO_000026    ; IO_000027    ; IO_000045    ; IO_000046    ; IO_000047    ; IO_000033 ; IO_000034    ; IO_000042    ;
+------------------------+--------------+--------------+--------------+--------------+--------------+-----------+--------------+--------------+-----------+-----------+--------------+--------------+--------------+--------------+--------------+--------------+--------------+--------------+--------------+--------------+--------------+--------------+--------------+--------------+--------------+--------------+--------------+-----------+--------------+--------------+
; Total Pass             ; 35           ; 0            ; 35           ; 0            ; 0            ; 56        ; 35           ; 0            ; 56        ; 56        ; 0            ; 52           ; 0            ; 0            ; 6            ; 0            ; 52           ; 6            ; 0            ; 0            ; 0            ; 52           ; 0            ; 0            ; 0            ; 0            ; 0            ; 56        ; 0            ; 0            ;
; Total Unchecked        ; 0            ; 0            ; 0            ; 0            ; 0            ; 0         ; 0            ; 0            ; 0         ; 0         ; 0            ; 0            ; 0            ; 0            ; 0            ; 0            ; 0            ; 0            ; 0            ; 0            ; 0            ; 0            ; 0            ; 0            ; 0            ; 0            ; 0            ; 0         ; 0            ; 0            ;
; Total Inapplicable     ; 21           ; 56           ; 21           ; 56           ; 56           ; 0         ; 21           ; 56           ; 0         ; 0         ; 56           ; 4            ; 56           ; 56           ; 50           ; 56           ; 4            ; 50           ; 56           ; 56           ; 56           ; 4            ; 56           ; 56           ; 56           ; 56           ; 56           ; 0         ; 56           ; 56           ;
; Total Fail             ; 0            ; 0            ; 0            ; 0            ; 0            ; 0         ; 0            ; 0            ; 0         ; 0         ; 0            ; 0            ; 0            ; 0            ; 0            ; 0            ; 0            ; 0            ; 0            ; 0            ; 0            ; 0            ; 0            ; 0            ; 0            ; 0            ; 0            ; 0         ; 0            ; 0            ;
; red_out                ; Pass         ; Inapplicable ; Pass         ; Inapplicable ; Inapplicable ; Pass      ; Pass         ; Inapplicable ; Pass      ; Pass      ; Inapplicable ; Pass         ; Inapplicable ; Inapplicable ; Inapplicable ; Inapplicable ; Pass         ; Inapplicable ; Inapplicable ; Inapplicable ; Inapplicable ; Pass         ; Inapplicable ; Inapplicable ; Inapplicable ; Inapplicable ; Inapplicable ; Pass      ; Inapplicable ; Inapplicable ;
; green_out              ; Pass         ; Inapplicable ; Pass         ; Inapplicable ; Inapplicable ; Pass      ; Pass         ; Inapplicable ; Pass      ; Pass      ; Inapplicable ; Pass         ; Inapplicable ; Inapplicable ; Inapplicable ; Inapplicable ; Pass         ; Inapplicable ; Inapplicable ; Inapplicable ; Inapplicable ; Pass         ; Inapplicable ; Inapplicable ; Inapplicable ; Inapplicable ; Inapplicable ; Pass      ; Inapplicable ; Inapplicable ;
; blue_out               ; Pass         ; Inapplicable ; Pass         ; Inapplicable ; Inapplicable ; Pass      ; Pass         ; Inapplicable ; Pass      ; Pass      ; Inapplicable ; Pass         ; Inapplicable ; Inapplicable ; Inapplicable ; Inapplicable ; Pass         ; Inapplicable ; Inapplicable ; Inapplicable ; Inapplicable ; Pass         ; Inapplicable ; Inapplicable ; Inapplicable ; Inapplicable ; Inapplicable ; Pass      ; Inapplicable ; Inapplicable ;
; horiz_sync_out         ; Pass         ; Inapplicable ; Pass         ; Inapplicable ; Inapplicable ; Pass      ; Pass         ; Inapplicable ; Pass      ; Pass      ; Inapplicable ; Pass         ; Inapplicable ; Inapplicable ; Inapplicable ; Inapplicable ; Pass         ; Inapplicable ; Inapplicable ; Inapplicable ; Inapplicable ; Pass         ; Inapplicable ; Inapplicable ; Inapplicable ; Inapplicable ; Inapplicable ; Pass      ; Inapplicable ; Inapplicable ;
; vert_sync_out          ; Pass         ; Inapplicable ; Pass         ; Inapplicable ; Inapplicable ; Pass      ; Pass         ; Inapplicable ; Pass      ; Pass      ; Inapplicable ; Pass         ; Inapplicable ; Inapplicable ; Inapplicable ; Inapplicable ; Pass         ; Inapplicable ; Inapplicable ; Inapplicable ; Inapplicable ; Pass         ; Inapplicable ; Inapplicable ; Inapplicable ; Inapplicable ; Inapplicable ; Pass      ; Inapplicable ; Inapplicable ;
; right_button           ; Inapplicable ; Inapplicable ; Inapplicable ; Inapplicable ; Inapplicable ; Pass      ; Inapplicable ; Inapplicable ; Pass      ; Pass      ; Inapplicable ; Pass         ; Inapplicable ; Inapplicable ; Inapplicable ; Inapplicable ; Pass         ; Inapplicable ; Inapplicable ; Inapplicable ; Inapplicable ; Pass         ; Inapplicable ; Inapplicable ; Inapplicable ; Inapplicable ; Inapplicable ; Pass      ; Inapplicable ; Inapplicable ;
; mouse_cursor_column[9] ; Inapplicable ; Inapplicable ; Inapplicable ; Inapplicable ; Inapplicable ; Pass      ; Inapplicable ; Inapplicable ; Pass      ; Pass      ; Inapplicable ; Pass         ; Inapplicable ; Inapplicable ; Inapplicable ; Inapplicable ; Pass         ; Inapplicable ; Inapplicable ; Inapplicable ; Inapplicable ; Pass         ; Inapplicable ; Inapplicable ; Inapplicable ; Inapplicable ; Inapplicable ; Pass      ; Inapplicable ; Inapplicable ;
; mouse_cursor_column[8] ; Inapplicable ; Inapplicable ; Inapplicable ; Inapplicable ; Inapplicable ; Pass      ; Inapplicable ; Inapplicable ; Pass      ; Pass      ; Inapplicable ; Pass         ; Inapplicable ; Inapplicable ; Inapplicable ; Inapplicable ; Pass         ; Inapplicable ; Inapplicable ; Inapplicable ; Inapplicable ; Pass         ; Inapplicable ; Inapplicable ; Inapplicable ; Inapplicable ; Inapplicable ; Pass      ; Inapplicable ; Inapplicable ;
; mouse_cursor_column[7] ; Inapplicable ; Inapplicable ; Inapplicable ; Inapplicable ; Inapplicable ; Pass      ; Inapplicable ; Inapplicable ; Pass      ; Pass      ; Inapplicable ; Pass         ; Inapplicable ; Inapplicable ; Inapplicable ; Inapplicable ; Pass         ; Inapplicable ; Inapplicable ; Inapplicable ; Inapplicable ; Pass         ; Inapplicable ; Inapplicable ; Inapplicable ; Inapplicable ; Inapplicable ; Pass      ; Inapplicable ; Inapplicable ;
; mouse_cursor_column[6] ; Inapplicable ; Inapplicable ; Inapplicable ; Inapplicable ; Inapplicable ; Pass      ; Inapplicable ; Inapplicable ; Pass      ; Pass      ; Inapplicable ; Pass         ; Inapplicable ; Inapplicable ; Inapplicable ; Inapplicable ; Pass         ; Inapplicable ; Inapplicable ; Inapplicable ; Inapplicable ; Pass         ; Inapplicable ; Inapplicable ; Inapplicable ; Inapplicable ; Inapplicable ; Pass      ; Inapplicable ; Inapplicable ;
; mouse_cursor_column[5] ; Inapplicable ; Inapplicable ; Inapplicable ; Inapplicable ; Inapplicable ; Pass      ; Inapplicable ; Inapplicable ; Pass      ; Pass      ; Inapplicable ; Pass         ; Inapplicable ; Inapplicable ; Inapplicable ; Inapplicable ; Pass         ; Inapplicable ; Inapplicable ; Inapplicable ; Inapplicable ; Pass         ; Inapplicable ; Inapplicable ; Inapplicable ; Inapplicable ; Inapplicable ; Pass      ; Inapplicable ; Inapplicable ;
; mouse_cursor_column[4] ; Inapplicable ; Inapplicable ; Inapplicable ; Inapplicable ; Inapplicable ; Pass      ; Inapplicable ; Inapplicable ; Pass      ; Pass      ; Inapplicable ; Pass         ; Inapplicable ; Inapplicable ; Inapplicable ; Inapplicable ; Pass         ; Inapplicable ; Inapplicable ; Inapplicable ; Inapplicable ; Pass         ; Inapplicable ; Inapplicable ; Inapplicable ; Inapplicable ; Inapplicable ; Pass      ; Inapplicable ; Inapplicable ;
; mouse_cursor_column[3] ; Inapplicable ; Inapplicable ; Inapplicable ; Inapplicable ; Inapplicable ; Pass      ; Inapplicable ; Inapplicable ; Pass      ; Pass      ; Inapplicable ; Pass         ; Inapplicable ; Inapplicable ; Inapplicable ; Inapplicable ; Pass         ; Inapplicable ; Inapplicable ; Inapplicable ; Inapplicable ; Pass         ; Inapplicable ; Inapplicable ; Inapplicable ; Inapplicable ; Inapplicable ; Pass      ; Inapplicable ; Inapplicable ;
; mouse_cursor_column[2] ; Inapplicable ; Inapplicable ; Inapplicable ; Inapplicable ; Inapplicable ; Pass      ; Inapplicable ; Inapplicable ; Pass      ; Pass      ; Inapplicable ; Pass         ; Inapplicable ; Inapplicable ; Inapplicable ; Inapplicable ; Pass         ; Inapplicable ; Inapplicable ; Inapplicable ; Inapplicable ; Pass         ; Inapplicable ; Inapplicable ; Inapplicable ; Inapplicable ; Inapplicable ; Pass      ; Inapplicable ; Inapplicable ;
; mouse_cursor_column[1] ; Inapplicable ; Inapplicable ; Inapplicable ; Inapplicable ; Inapplicable ; Pass      ; Inapplicable ; Inapplicable ; Pass      ; Pass      ; Inapplicable ; Pass         ; Inapplicable ; Inapplicable ; Inapplicable ; Inapplicable ; Pass         ; Inapplicable ; Inapplicable ; Inapplicable ; Inapplicable ; Pass         ; Inapplicable ; Inapplicable ; Inapplicable ; Inapplicable ; Inapplicable ; Pass      ; Inapplicable ; Inapplicable ;
; mouse_cursor_column[0] ; Inapplicable ; Inapplicable ; Inapplicable ; Inapplicable ; Inapplicable ; Pass      ; Inapplicable ; Inapplicable ; Pass      ; Pass      ; Inapplicable ; Pass         ; Inapplicable ; Inapplicable ; Inapplicable ; Inapplicable ; Pass         ; Inapplicable ; Inapplicable ; Inapplicable ; Inapplicable ; Pass         ; Inapplicable ; Inapplicable ; Inapplicable ; Inapplicable ; Inapplicable ; Pass      ; Inapplicable ; Inapplicable ;
; mouse_cursor_row[9]    ; Inapplicable ; Inapplicable ; Inapplicable ; Inapplicable ; Inapplicable ; Pass      ; Inapplicable ; Inapplicable ; Pass      ; Pass      ; Inapplicable ; Pass         ; Inapplicable ; Inapplicable ; Inapplicable ; Inapplicable ; Pass         ; Inapplicable ; Inapplicable ; Inapplicable ; Inapplicable ; Pass         ; Inapplicable ; Inapplicable ; Inapplicable ; Inapplicable ; Inapplicable ; Pass      ; Inapplicable ; Inapplicable ;
; mouse_cursor_row[8]    ; Inapplicable ; Inapplicable ; Inapplicable ; Inapplicable ; Inapplicable ; Pass      ; Inapplicable ; Inapplicable ; Pass      ; Pass      ; Inapplicable ; Pass         ; Inapplicable ; Inapplicable ; Inapplicable ; Inapplicable ; Pass         ; Inapplicable ; Inapplicable ; Inapplicable ; Inapplicable ; Pass         ; Inapplicable ; Inapplicable ; Inapplicable ; Inapplicable ; Inapplicable ; Pass      ; Inapplicable ; Inapplicable ;
; mouse_cursor_row[7]    ; Inapplicable ; Inapplicable ; Inapplicable ; Inapplicable ; Inapplicable ; Pass      ; Inapplicable ; Inapplicable ; Pass      ; Pass      ; Inapplicable ; Pass         ; Inapplicable ; Inapplicable ; Inapplicable ; Inapplicable ; Pass         ; Inapplicable ; Inapplicable ; Inapplicable ; Inapplicable ; Pass         ; Inapplicable ; Inapplicable ; Inapplicable ; Inapplicable ; Inapplicable ; Pass      ; Inapplicable ; Inapplicable ;
; mouse_cursor_row[6]    ; Inapplicable ; Inapplicable ; Inapplicable ; Inapplicable ; Inapplicable ; Pass      ; Inapplicable ; Inapplicable ; Pass      ; Pass      ; Inapplicable ; Pass         ; Inapplicable ; Inapplicable ; Inapplicable ; Inapplicable ; Pass         ; Inapplicable ; Inapplicable ; Inapplicable ; Inapplicable ; Pass         ; Inapplicable ; Inapplicable ; Inapplicable ; Inapplicable ; Inapplicable ; Pass      ; Inapplicable ; Inapplicable ;
; mouse_cursor_row[5]    ; Inapplicable ; Inapplicable ; Inapplicable ; Inapplicable ; Inapplicable ; Pass      ; Inapplicable ; Inapplicable ; Pass      ; Pass      ; Inapplicable ; Pass         ; Inapplicable ; Inapplicable ; Inapplicable ; Inapplicable ; Pass         ; Inapplicable ; Inapplicable ; Inapplicable ; Inapplicable ; Pass         ; Inapplicable ; Inapplicable ; Inapplicable ; Inapplicable ; Inapplicable ; Pass      ; Inapplicable ; Inapplicable ;
; mouse_cursor_row[4]    ; Inapplicable ; Inapplicable ; Inapplicable ; Inapplicable ; Inapplicable ; Pass      ; Inapplicable ; Inapplicable ; Pass      ; Pass      ; Inapplicable ; Pass         ; Inapplicable ; Inapplicable ; Inapplicable ; Inapplicable ; Pass         ; Inapplicable ; Inapplicable ; Inapplicable ; Inapplicable ; Pass         ; Inapplicable ; Inapplicable ; Inapplicable ; Inapplicable ; Inapplicable ; Pass      ; Inapplicable ; Inapplicable ;
; mouse_cursor_row[3]    ; Inapplicable ; Inapplicable ; Inapplicable ; Inapplicable ; Inapplicable ; Pass      ; Inapplicable ; Inapplicable ; Pass      ; Pass      ; Inapplicable ; Pass         ; Inapplicable ; Inapplicable ; Inapplicable ; Inapplicable ; Pass         ; Inapplicable ; Inapplicable ; Inapplicable ; Inapplicable ; Pass         ; Inapplicable ; Inapplicable ; Inapplicable ; Inapplicable ; Inapplicable ; Pass      ; Inapplicable ; Inapplicable ;
; mouse_cursor_row[2]    ; Inapplicable ; Inapplicable ; Inapplicable ; Inapplicable ; Inapplicable ; Pass      ; Inapplicable ; Inapplicable ; Pass      ; Pass      ; Inapplicable ; Pass         ; Inapplicable ; Inapplicable ; Inapplicable ; Inapplicable ; Pass         ; Inapplicable ; Inapplicable ; Inapplicable ; Inapplicable ; Pass         ; Inapplicable ; Inapplicable ; Inapplicable ; Inapplicable ; Inapplicable ; Pass      ; Inapplicable ; Inapplicable ;
; mouse_cursor_row[1]    ; Inapplicable ; Inapplicable ; Inapplicable ; Inapplicable ; Inapplicable ; Pass      ; Inapplicable ; Inapplicable ; Pass      ; Pass      ; Inapplicable ; Pass         ; Inapplicable ; Inapplicable ; Inapplicable ; Inapplicable ; Pass         ; Inapplicable ; Inapplicable ; Inapplicable ; Inapplicable ; Pass         ; Inapplicable ; Inapplicable ; Inapplicable ; Inapplicable ; Inapplicable ; Pass      ; Inapplicable ; Inapplicable ;
; mouse_cursor_row[0]    ; Inapplicable ; Inapplicable ; Inapplicable ; Inapplicable ; Inapplicable ; Pass      ; Inapplicable ; Inapplicable ; Pass      ; Pass      ; Inapplicable ; Pass         ; Inapplicable ; Inapplicable ; Inapplicable ; Inapplicable ; Pass         ; Inapplicable ; Inapplicable ; Inapplicable ; Inapplicable ; Pass         ; Inapplicable ; Inapplicable ; Inapplicable ; Inapplicable ; Inapplicable ; Pass      ; Inapplicable ; Inapplicable ;
; seg0[7]                ; Pass         ; Inapplicable ; Pass         ; Inapplicable ; Inapplicable ; Pass      ; Pass         ; Inapplicable ; Pass      ; Pass      ; Inapplicable ; Pass         ; Inapplicable ; Inapplicable ; Inapplicable ; Inapplicable ; Pass         ; Inapplicable ; Inapplicable ; Inapplicable ; Inapplicable ; Pass         ; Inapplicable ; Inapplicable ; Inapplicable ; Inapplicable ; Inapplicable ; Pass      ; Inapplicable ; Inapplicable ;
; seg0[6]                ; Pass         ; Inapplicable ; Pass         ; Inapplicable ; Inapplicable ; Pass      ; Pass         ; Inapplicable ; Pass      ; Pass      ; Inapplicable ; Pass         ; Inapplicable ; Inapplicable ; Inapplicable ; Inapplicable ; Pass         ; Inapplicable ; Inapplicable ; Inapplicable ; Inapplicable ; Pass         ; Inapplicable ; Inapplicable ; Inapplicable ; Inapplicable ; Inapplicable ; Pass      ; Inapplicable ; Inapplicable ;
; seg0[5]                ; Pass         ; Inapplicable ; Pass         ; Inapplicable ; Inapplicable ; Pass      ; Pass         ; Inapplicable ; Pass      ; Pass      ; Inapplicable ; Pass         ; Inapplicable ; Inapplicable ; Inapplicable ; Inapplicable ; Pass         ; Inapplicable ; Inapplicable ; Inapplicable ; Inapplicable ; Pass         ; Inapplicable ; Inapplicable ; Inapplicable ; Inapplicable ; Inapplicable ; Pass      ; Inapplicable ; Inapplicable ;
; seg0[4]                ; Pass         ; Inapplicable ; Pass         ; Inapplicable ; Inapplicable ; Pass      ; Pass         ; Inapplicable ; Pass      ; Pass      ; Inapplicable ; Pass         ; Inapplicable ; Inapplicable ; Inapplicable ; Inapplicable ; Pass         ; Inapplicable ; Inapplicable ; Inapplicable ; Inapplicable ; Pass         ; Inapplicable ; Inapplicable ; Inapplicable ; Inapplicable ; Inapplicable ; Pass      ; Inapplicable ; Inapplicable ;
; seg0[3]                ; Pass         ; Inapplicable ; Pass         ; Inapplicable ; Inapplicable ; Pass      ; Pass         ; Inapplicable ; Pass      ; Pass      ; Inapplicable ; Pass         ; Inapplicable ; Inapplicable ; Inapplicable ; Inapplicable ; Pass         ; Inapplicable ; Inapplicable ; Inapplicable ; Inapplicable ; Pass         ; Inapplicable ; Inapplicable ; Inapplicable ; Inapplicable ; Inapplicable ; Pass      ; Inapplicable ; Inapplicable ;
; seg0[2]                ; Pass         ; Inapplicable ; Pass         ; Inapplicable ; Inapplicable ; Pass      ; Pass         ; Inapplicable ; Pass      ; Pass      ; Inapplicable ; Pass         ; Inapplicable ; Inapplicable ; Inapplicable ; Inapplicable ; Pass         ; Inapplicable ; Inapplicable ; Inapplicable ; Inapplicable ; Pass         ; Inapplicable ; Inapplicable ; Inapplicable ; Inapplicable ; Inapplicable ; Pass      ; Inapplicable ; Inapplicable ;
; seg0[1]                ; Pass         ; Inapplicable ; Pass         ; Inapplicable ; Inapplicable ; Pass      ; Pass         ; Inapplicable ; Pass      ; Pass      ; Inapplicable ; Pass         ; Inapplicable ; Inapplicable ; Inapplicable ; Inapplicable ; Pass         ; Inapplicable ; Inapplicable ; Inapplicable ; Inapplicable ; Pass         ; Inapplicable ; Inapplicable ; Inapplicable ; Inapplicable ; Inapplicable ; Pass      ; Inapplicable ; Inapplicable ;
; seg0[0]                ; Pass         ; Inapplicable ; Pass         ; Inapplicable ; Inapplicable ; Pass      ; Pass         ; Inapplicable ; Pass      ; Pass      ; Inapplicable ; Pass         ; Inapplicable ; Inapplicable ; Inapplicable ; Inapplicable ; Pass         ; Inapplicable ; Inapplicable ; Inapplicable ; Inapplicable ; Pass         ; Inapplicable ; Inapplicable ; Inapplicable ; Inapplicable ; Inapplicable ; Pass      ; Inapplicable ; Inapplicable ;
; seg1[7]                ; Pass         ; Inapplicable ; Pass         ; Inapplicable ; Inapplicable ; Pass      ; Pass         ; Inapplicable ; Pass      ; Pass      ; Inapplicable ; Pass         ; Inapplicable ; Inapplicable ; Inapplicable ; Inapplicable ; Pass         ; Inapplicable ; Inapplicable ; Inapplicable ; Inapplicable ; Pass         ; Inapplicable ; Inapplicable ; Inapplicable ; Inapplicable ; Inapplicable ; Pass      ; Inapplicable ; Inapplicable ;
; seg1[6]                ; Pass         ; Inapplicable ; Pass         ; Inapplicable ; Inapplicable ; Pass      ; Pass         ; Inapplicable ; Pass      ; Pass      ; Inapplicable ; Pass         ; Inapplicable ; Inapplicable ; Inapplicable ; Inapplicable ; Pass         ; Inapplicable ; Inapplicable ; Inapplicable ; Inapplicable ; Pass         ; Inapplicable ; Inapplicable ; Inapplicable ; Inapplicable ; Inapplicable ; Pass      ; Inapplicable ; Inapplicable ;
; seg1[5]                ; Pass         ; Inapplicable ; Pass         ; Inapplicable ; Inapplicable ; Pass      ; Pass         ; Inapplicable ; Pass      ; Pass      ; Inapplicable ; Pass         ; Inapplicable ; Inapplicable ; Inapplicable ; Inapplicable ; Pass         ; Inapplicable ; Inapplicable ; Inapplicable ; Inapplicable ; Pass         ; Inapplicable ; Inapplicable ; Inapplicable ; Inapplicable ; Inapplicable ; Pass      ; Inapplicable ; Inapplicable ;
; seg1[4]                ; Pass         ; Inapplicable ; Pass         ; Inapplicable ; Inapplicable ; Pass      ; Pass         ; Inapplicable ; Pass      ; Pass      ; Inapplicable ; Pass         ; Inapplicable ; Inapplicable ; Inapplicable ; Inapplicable ; Pass         ; Inapplicable ; Inapplicable ; Inapplicable ; Inapplicable ; Pass         ; Inapplicable ; Inapplicable ; Inapplicable ; Inapplicable ; Inapplicable ; Pass      ; Inapplicable ; Inapplicable ;
; seg1[3]                ; Pass         ; Inapplicable ; Pass         ; Inapplicable ; Inapplicable ; Pass      ; Pass         ; Inapplicable ; Pass      ; Pass      ; Inapplicable ; Pass         ; Inapplicable ; Inapplicable ; Inapplicable ; Inapplicable ; Pass         ; Inapplicable ; Inapplicable ; Inapplicable ; Inapplicable ; Pass         ; Inapplicable ; Inapplicable ; Inapplicable ; Inapplicable ; Inapplicable ; Pass      ; Inapplicable ; Inapplicable ;
; seg1[2]                ; Pass         ; Inapplicable ; Pass         ; Inapplicable ; Inapplicable ; Pass      ; Pass         ; Inapplicable ; Pass      ; Pass      ; Inapplicable ; Pass         ; Inapplicable ; Inapplicable ; Inapplicable ; Inapplicable ; Pass         ; Inapplicable ; Inapplicable ; Inapplicable ; Inapplicable ; Pass         ; Inapplicable ; Inapplicable ; Inapplicable ; Inapplicable ; Inapplicable ; Pass      ; Inapplicable ; Inapplicable ;
; seg1[1]                ; Pass         ; Inapplicable ; Pass         ; Inapplicable ; Inapplicable ; Pass      ; Pass         ; Inapplicable ; Pass      ; Pass      ; Inapplicable ; Pass         ; Inapplicable ; Inapplicable ; Inapplicable ; Inapplicable ; Pass         ; Inapplicable ; Inapplicable ; Inapplicable ; Inapplicable ; Pass         ; Inapplicable ; Inapplicable ; Inapplicable ; Inapplicable ; Inapplicable ; Pass      ; Inapplicable ; Inapplicable ;
; seg1[0]                ; Pass         ; Inapplicable ; Pass         ; Inapplicable ; Inapplicable ; Pass      ; Pass         ; Inapplicable ; Pass      ; Pass      ; Inapplicable ; Pass         ; Inapplicable ; Inapplicable ; Inapplicable ; Inapplicable ; Pass         ; Inapplicable ; Inapplicable ; Inapplicable ; Inapplicable ; Pass         ; Inapplicable ; Inapplicable ; Inapplicable ; Inapplicable ; Inapplicable ; Pass      ; Inapplicable ; Inapplicable ;
; seg2[7]                ; Pass         ; Inapplicable ; Pass         ; Inapplicable ; Inapplicable ; Pass      ; Pass         ; Inapplicable ; Pass      ; Pass      ; Inapplicable ; Pass         ; Inapplicable ; Inapplicable ; Inapplicable ; Inapplicable ; Pass         ; Inapplicable ; Inapplicable ; Inapplicable ; Inapplicable ; Pass         ; Inapplicable ; Inapplicable ; Inapplicable ; Inapplicable ; Inapplicable ; Pass      ; Inapplicable ; Inapplicable ;
; seg2[6]                ; Pass         ; Inapplicable ; Pass         ; Inapplicable ; Inapplicable ; Pass      ; Pass         ; Inapplicable ; Pass      ; Pass      ; Inapplicable ; Pass         ; Inapplicable ; Inapplicable ; Inapplicable ; Inapplicable ; Pass         ; Inapplicable ; Inapplicable ; Inapplicable ; Inapplicable ; Pass         ; Inapplicable ; Inapplicable ; Inapplicable ; Inapplicable ; Inapplicable ; Pass      ; Inapplicable ; Inapplicable ;
; seg2[5]                ; Pass         ; Inapplicable ; Pass         ; Inapplicable ; Inapplicable ; Pass      ; Pass         ; Inapplicable ; Pass      ; Pass      ; Inapplicable ; Pass         ; Inapplicable ; Inapplicable ; Inapplicable ; Inapplicable ; Pass         ; Inapplicable ; Inapplicable ; Inapplicable ; Inapplicable ; Pass         ; Inapplicable ; Inapplicable ; Inapplicable ; Inapplicable ; Inapplicable ; Pass      ; Inapplicable ; Inapplicable ;
; seg2[4]                ; Pass         ; Inapplicable ; Pass         ; Inapplicable ; Inapplicable ; Pass      ; Pass         ; Inapplicable ; Pass      ; Pass      ; Inapplicable ; Pass         ; Inapplicable ; Inapplicable ; Inapplicable ; Inapplicable ; Pass         ; Inapplicable ; Inapplicable ; Inapplicable ; Inapplicable ; Pass         ; Inapplicable ; Inapplicable ; Inapplicable ; Inapplicable ; Inapplicable ; Pass      ; Inapplicable ; Inapplicable ;
; seg2[3]                ; Pass         ; Inapplicable ; Pass         ; Inapplicable ; Inapplicable ; Pass      ; Pass         ; Inapplicable ; Pass      ; Pass      ; Inapplicable ; Pass         ; Inapplicable ; Inapplicable ; Inapplicable ; Inapplicable ; Pass         ; Inapplicable ; Inapplicable ; Inapplicable ; Inapplicable ; Pass         ; Inapplicable ; Inapplicable ; Inapplicable ; Inapplicable ; Inapplicable ; Pass      ; Inapplicable ; Inapplicable ;
; seg2[2]                ; Pass         ; Inapplicable ; Pass         ; Inapplicable ; Inapplicable ; Pass      ; Pass         ; Inapplicable ; Pass      ; Pass      ; Inapplicable ; Pass         ; Inapplicable ; Inapplicable ; Inapplicable ; Inapplicable ; Pass         ; Inapplicable ; Inapplicable ; Inapplicable ; Inapplicable ; Pass         ; Inapplicable ; Inapplicable ; Inapplicable ; Inapplicable ; Inapplicable ; Pass      ; Inapplicable ; Inapplicable ;
; seg2[1]                ; Pass         ; Inapplicable ; Pass         ; Inapplicable ; Inapplicable ; Pass      ; Pass         ; Inapplicable ; Pass      ; Pass      ; Inapplicable ; Pass         ; Inapplicable ; Inapplicable ; Inapplicable ; Inapplicable ; Pass         ; Inapplicable ; Inapplicable ; Inapplicable ; Inapplicable ; Pass         ; Inapplicable ; Inapplicable ; Inapplicable ; Inapplicable ; Inapplicable ; Pass      ; Inapplicable ; Inapplicable ;
; seg2[0]                ; Pass         ; Inapplicable ; Pass         ; Inapplicable ; Inapplicable ; Pass      ; Pass         ; Inapplicable ; Pass      ; Pass      ; Inapplicable ; Pass         ; Inapplicable ; Inapplicable ; Inapplicable ; Inapplicable ; Pass         ; Inapplicable ; Inapplicable ; Inapplicable ; Inapplicable ; Pass         ; Inapplicable ; Inapplicable ; Inapplicable ; Inapplicable ; Inapplicable ; Pass      ; Inapplicable ; Inapplicable ;
; mouse_data             ; Pass         ; Inapplicable ; Pass         ; Inapplicable ; Inapplicable ; Pass      ; Pass         ; Inapplicable ; Pass      ; Pass      ; Inapplicable ; Pass         ; Inapplicable ; Inapplicable ; Pass         ; Inapplicable ; Pass         ; Pass         ; Inapplicable ; Inapplicable ; Inapplicable ; Pass         ; Inapplicable ; Inapplicable ; Inapplicable ; Inapplicable ; Inapplicable ; Pass      ; Inapplicable ; Inapplicable ;
; mouse_clk              ; Pass         ; Inapplicable ; Pass         ; Inapplicable ; Inapplicable ; Pass      ; Pass         ; Inapplicable ; Pass      ; Pass      ; Inapplicable ; Pass         ; Inapplicable ; Inapplicable ; Pass         ; Inapplicable ; Pass         ; Pass         ; Inapplicable ; Inapplicable ; Inapplicable ; Pass         ; Inapplicable ; Inapplicable ; Inapplicable ; Inapplicable ; Inapplicable ; Pass      ; Inapplicable ; Inapplicable ;
; pb0                    ; Pass         ; Inapplicable ; Pass         ; Inapplicable ; Inapplicable ; Pass      ; Pass         ; Inapplicable ; Pass      ; Pass      ; Inapplicable ; Inapplicable ; Inapplicable ; Inapplicable ; Pass         ; Inapplicable ; Inapplicable ; Pass         ; Inapplicable ; Inapplicable ; Inapplicable ; Inapplicable ; Inapplicable ; Inapplicable ; Inapplicable ; Inapplicable ; Inapplicable ; Pass      ; Inapplicable ; Inapplicable ;
; training               ; Pass         ; Inapplicable ; Pass         ; Inapplicable ; Inapplicable ; Pass      ; Pass         ; Inapplicable ; Pass      ; Pass      ; Inapplicable ; Inapplicable ; Inapplicable ; Inapplicable ; Pass         ; Inapplicable ; Inapplicable ; Pass         ; Inapplicable ; Inapplicable ; Inapplicable ; Inapplicable ; Inapplicable ; Inapplicable ; Inapplicable ; Inapplicable ; Inapplicable ; Pass      ; Inapplicable ; Inapplicable ;
; game                   ; Pass         ; Inapplicable ; Pass         ; Inapplicable ; Inapplicable ; Pass      ; Pass         ; Inapplicable ; Pass      ; Pass      ; Inapplicable ; Inapplicable ; Inapplicable ; Inapplicable ; Pass         ; Inapplicable ; Inapplicable ; Pass         ; Inapplicable ; Inapplicable ; Inapplicable ; Inapplicable ; Inapplicable ; Inapplicable ; Inapplicable ; Inapplicable ; Inapplicable ; Pass      ; Inapplicable ; Inapplicable ;
; clk                    ; Pass         ; Inapplicable ; Pass         ; Inapplicable ; Inapplicable ; Pass      ; Pass         ; Inapplicable ; Pass      ; Pass      ; Inapplicable ; Inapplicable ; Inapplicable ; Inapplicable ; Pass         ; Inapplicable ; Inapplicable ; Pass         ; Inapplicable ; Inapplicable ; Inapplicable ; Inapplicable ; Inapplicable ; Inapplicable ; Inapplicable ; Inapplicable ; Inapplicable ; Pass      ; Inapplicable ; Inapplicable ;
+------------------------+--------------+--------------+--------------+--------------+--------------+-----------+--------------+--------------+-----------+-----------+--------------+--------------+--------------+--------------+--------------+--------------+--------------+--------------+--------------+--------------+--------------+--------------+--------------+--------------+--------------+--------------+--------------+-----------+--------------+--------------+


+---------------------------------------------------------------------------------------------+
; Fitter Device Options                                                                       ;
+------------------------------------------------------------------+--------------------------+
; Option                                                           ; Setting                  ;
+------------------------------------------------------------------+--------------------------+
; Enable user-supplied start-up clock (CLKUSR)                     ; Off                      ;
; Enable device-wide reset (DEV_CLRn)                              ; Off                      ;
; Enable device-wide output enable (DEV_OE)                        ; Off                      ;
; Enable INIT_DONE output                                          ; Off                      ;
; Configuration scheme                                             ; Active Serial            ;
; Error detection CRC                                              ; Off                      ;
; Enable open drain on CRC_ERROR pin                               ; Off                      ;
; Enable input tri-state on active configuration pins in user mode ; Off                      ;
; Configuration Voltage Level                                      ; Auto                     ;
; Force Configuration Voltage Level                                ; Off                      ;
; nCEO                                                             ; As output driving ground ;
; Data[0]                                                          ; As input tri-stated      ;
; Data[1]/ASDO                                                     ; As input tri-stated      ;
; Data[7..2]                                                       ; Unreserved               ;
; FLASH_nCE/nCSO                                                   ; As input tri-stated      ;
; Other Active Parallel pins                                       ; Unreserved               ;
; DCLK                                                             ; As output driving ground ;
; Base pin-out file on sameframe device                            ; Off                      ;
+------------------------------------------------------------------+--------------------------+


+------------------------------------+
; Operating Settings and Conditions  ;
+---------------------------+--------+
; Setting                   ; Value  ;
+---------------------------+--------+
; Nominal Core Voltage      ; 1.20 V ;
; Low Junction Temperature  ; 0 °C   ;
; High Junction Temperature ; 85 °C  ;
+---------------------------+--------+


+-----------------------------------------------------------------------------------------------------------------------------------+
; Estimated Delay Added for Hold Timing Summary                                                                                     ;
+--------------------------------------------------------------------------------+------------------------------+-------------------+
; Source Clock(s)                                                                ; Destination Clock(s)         ; Delay Added in ns ;
+--------------------------------------------------------------------------------+------------------------------+-------------------+
; inst2|altpll_component|auto_generated|pll1|clk[0]                              ; MOUSE:inst5|MOUSE_CLK_FILTER ; 9.3               ;
; inst2|altpll_component|auto_generated|pll1|clk[0],MOUSE:inst5|MOUSE_CLK_FILTER ; MOUSE:inst5|MOUSE_CLK_FILTER ; 2.8               ;
+--------------------------------------------------------------------------------+------------------------------+-------------------+
Note: For more information on problematic transfers, consider running the Fitter again with the Optimize hold timing option (Settings Menu) turned off.
This will disable optimization of problematic paths and expose them for further analysis using either the TimeQuest Timing Analyzer or the Classic Timing Analyzer.


+-----------------------------------------------------------------------------------------------+
; Estimated Delay Added for Hold Timing Details                                                 ;
+-------------------------------------------+-------------------------------+-------------------+
; Source Register                           ; Destination Register          ; Delay Added in ns ;
+-------------------------------------------+-------------------------------+-------------------+
; MOUSE:inst5|mouse_state.WAIT_OUTPUT_READY ; MOUSE:inst5|send_char         ; 1.566             ;
; MOUSE:inst5|send_data                     ; MOUSE:inst5|MOUSE_DATA_BUF    ; 1.151             ;
; MOUSE:inst5|send_char                     ; MOUSE:inst5|output_ready      ; 0.465             ;
; MOUSE:inst5|PACKET_COUNT[1]               ; MOUSE:inst5|new_cursor_row[8] ; 0.422             ;
; MOUSE:inst5|PACKET_COUNT[0]               ; MOUSE:inst5|new_cursor_row[8] ; 0.422             ;
; MOUSE:inst5|INCNT[2]                      ; MOUSE:inst5|new_cursor_row[8] ; 0.422             ;
; MOUSE:inst5|INCNT[1]                      ; MOUSE:inst5|new_cursor_row[8] ; 0.422             ;
; MOUSE:inst5|INCNT[0]                      ; MOUSE:inst5|new_cursor_row[8] ; 0.422             ;
; MOUSE:inst5|READ_CHAR                     ; MOUSE:inst5|new_cursor_row[8] ; 0.422             ;
; MOUSE:inst5|INCNT[3]                      ; MOUSE:inst5|new_cursor_row[8] ; 0.422             ;
; MOUSE:inst5|OUTCNT[2]                     ; MOUSE:inst5|MOUSE_DATA_BUF    ; 0.406             ;
; MOUSE:inst5|OUTCNT[3]                     ; MOUSE:inst5|MOUSE_DATA_BUF    ; 0.406             ;
; MOUSE:inst5|OUTCNT[1]                     ; MOUSE:inst5|MOUSE_DATA_BUF    ; 0.406             ;
; mouse_data                                ; MOUSE:inst5|PACKET_CHAR3[7]   ; 0.307             ;
+-------------------------------------------+-------------------------------+-------------------+
Note: This table only shows the top 14 path(s) that have the largest delay added for hold.


+-----------------+
; Fitter Messages ;
+-----------------+
Warning (20028): Parallel compilation is not licensed and has been disabled
Info (119006): Selected device EP3C16F484C6 for design "miniProject"
Info (21077): Core supply voltage is 1.2V
Info (21077): Low junction temperature is 0 degrees C
Info (21077): High junction temperature is 85 degrees C
Info (15535): Implemented PLL "altpll0:inst2|altpll:altpll_component|altpll0_altpll:auto_generated|pll1" as Cyclone III PLL type
    Info (15099): Implementing clock multiplication of 1, clock division of 2, and phase shift of 0 degrees (0 ps) for altpll0:inst2|altpll:altpll_component|altpll0_altpll:auto_generated|wire_pll1_clk[0] port
Info (171003): Fitter is performing an Auto Fit compilation, which may decrease Fitter effort to reduce compilation time
Warning (292013): Feature LogicLock is only available with a valid subscription license. You can purchase a software subscription to gain full access to this feature.
Info (176444): Device migration not selected. If you intend to use device migration later, you may need to change the pin assignments as they may be incompatible with other devices
    Info (176445): Device EP3C40F484C6 is compatible
    Info (176445): Device EP3C55F484C6 is compatible
    Info (176445): Device EP3C80F484C6 is compatible
Info (169124): Fitter converted 5 user pins into dedicated programming pins
    Info (169125): Pin ~ALTERA_ASDO_DATA1~ is reserved at location D1
    Info (169125): Pin ~ALTERA_FLASH_nCE_nCSO~ is reserved at location E2
    Info (169125): Pin ~ALTERA_DCLK~ is reserved at location K2
    Info (169125): Pin ~ALTERA_DATA0~ is reserved at location K1
    Info (169125): Pin ~ALTERA_nCEO~ is reserved at location K22
Warning (15714): Some pins have incomplete I/O assignments. Refer to the I/O Assignment Warnings report for details
Info (176045): Design uses memory blocks. Violating setup or hold times of memory block address registers for either read or write operations could cause memory contents to be corrupted. Make sure that all memory block address registers meet the setup and hold time requirements.
Critical Warning (169085): No exact pin location assignment(s) for 21 pins of 56 total pins
    Info (169086): Pin right_button not assigned to an exact location on the device
    Info (169086): Pin mouse_cursor_column[9] not assigned to an exact location on the device
    Info (169086): Pin mouse_cursor_column[8] not assigned to an exact location on the device
    Info (169086): Pin mouse_cursor_column[7] not assigned to an exact location on the device
    Info (169086): Pin mouse_cursor_column[6] not assigned to an exact location on the device
    Info (169086): Pin mouse_cursor_column[5] not assigned to an exact location on the device
    Info (169086): Pin mouse_cursor_column[4] not assigned to an exact location on the device
    Info (169086): Pin mouse_cursor_column[3] not assigned to an exact location on the device
    Info (169086): Pin mouse_cursor_column[2] not assigned to an exact location on the device
    Info (169086): Pin mouse_cursor_column[1] not assigned to an exact location on the device
    Info (169086): Pin mouse_cursor_column[0] not assigned to an exact location on the device
    Info (169086): Pin mouse_cursor_row[9] not assigned to an exact location on the device
    Info (169086): Pin mouse_cursor_row[8] not assigned to an exact location on the device
    Info (169086): Pin mouse_cursor_row[7] not assigned to an exact location on the device
    Info (169086): Pin mouse_cursor_row[6] not assigned to an exact location on the device
    Info (169086): Pin mouse_cursor_row[5] not assigned to an exact location on the device
    Info (169086): Pin mouse_cursor_row[4] not assigned to an exact location on the device
    Info (169086): Pin mouse_cursor_row[3] not assigned to an exact location on the device
    Info (169086): Pin mouse_cursor_row[2] not assigned to an exact location on the device
    Info (169086): Pin mouse_cursor_row[1] not assigned to an exact location on the device
    Info (169086): Pin mouse_cursor_row[0] not assigned to an exact location on the device
Warning (335093): TimeQuest Timing Analyzer is analyzing 3 combinational loops as latches.
Critical Warning (332012): Synopsys Design Constraints File file not found: 'miniProject.sdc'. A Synopsys Design Constraints File is required by the TimeQuest Timing Analyzer to get proper timing constraints. Without it, the Compiler will not properly optimize the design.
Info (332144): No user constrained generated clocks found in the design
Info (332144): No user constrained base clocks found in the design
Info (332143): No user constrained clock uncertainty found in the design. Calling "derive_clock_uncertainty"
Info (332123): Deriving Clock Uncertainty. Please refer to report_sdc in TimeQuest to see clock uncertainties.
Info (332130): Timing requirements not specified -- quality metrics such as performance may be sacrificed to reduce compilation time.
Info (176353): Automatically promoted node altpll0:inst2|altpll:altpll_component|altpll0_altpll:auto_generated|wire_pll1_clk[0] (placed in counter C0 of PLL_2)
    Info (176355): Automatically promoted destinations to use location or clock signal Global Clock CLKCTRL_G8
Info (176353): Automatically promoted node MOUSE:inst5|MOUSE_CLK_FILTER 
    Info (176355): Automatically promoted destinations to use location or clock signal Global Clock
    Info (176356): Following destination nodes may be non-global or may not use global or regional clocks
        Info (176357): Destination node MOUSE:inst5|MOUSE_CLK_FILTER~1
        Info (176357): Destination node MOUSE:inst5|MOUSE_CLK_FILTER~2
        Info (176357): Destination node MOUSE:inst5|MOUSE_CLK_FILTER~3
Info (176353): Automatically promoted node VGA_SYNC:inst|vert_sync_out 
    Info (176355): Automatically promoted destinations to use location or clock signal Global Clock
    Info (176356): Following destination nodes may be non-global or may not use global or regional clocks
        Info (176357): Destination node vert_sync_out~output
Info (176353): Automatically promoted node upCounter:inst9|converter:convert|vclkslow 
    Info (176355): Automatically promoted destinations to use location or clock signal Global Clock
Info (176353): Automatically promoted node lfsr_9:inst13|converter:convert|vclkslow 
    Info (176355): Automatically promoted destinations to use location or clock signal Global Clock
Info (176233): Starting register packing
Info (176235): Finished register packing
    Extra Info (176219): No registers were packed into other blocks
Info (176214): Statistics of I/O pins that need to be placed that use the same VCCIO and VREF, before I/O pin placement
    Info (176211): Number of I/O pins in group: 21 (unused VREF, 2.5V VCCIO, 0 input, 21 output, 0 bidirectional)
        Info (176212): I/O standards used: 2.5 V.
Info (176215): I/O bank details before I/O pin placement
    Info (176214): Statistics of I/O banks
        Info (176213): I/O bank number 1 does not use VREF pins and has undetermined VCCIO pins. 7 total pin(s) used --  26 pins available
        Info (176213): I/O bank number 2 does not use VREF pins and has undetermined VCCIO pins. 0 total pin(s) used --  48 pins available
        Info (176213): I/O bank number 3 does not use VREF pins and has undetermined VCCIO pins. 0 total pin(s) used --  46 pins available
        Info (176213): I/O bank number 4 does not use VREF pins and has undetermined VCCIO pins. 0 total pin(s) used --  41 pins available
        Info (176213): I/O bank number 5 does not use VREF pins and has 2.5V VCCIO pins. 2 total pin(s) used --  44 pins available
        Info (176213): I/O bank number 6 does not use VREF pins and has 2.5V VCCIO pins. 7 total pin(s) used --  36 pins available
        Info (176213): I/O bank number 7 does not use VREF pins and has 2.5V VCCIO pins. 24 total pin(s) used --  23 pins available
        Info (176213): I/O bank number 8 does not use VREF pins and has undetermined VCCIO pins. 0 total pin(s) used --  43 pins available
Warning (15705): Ignored locations or region assignments to the following nodes
    Warning (15706): Node "blue" is assigned to location or region, but does not exist in design
    Warning (15706): Node "green" is assigned to location or region, but does not exist in design
    Warning (15706): Node "pb1" is assigned to location or region, but does not exist in design
    Warning (15706): Node "pb2" is assigned to location or region, but does not exist in design
    Warning (15706): Node "red" is assigned to location or region, but does not exist in design
    Warning (15706): Node "sw3" is assigned to location or region, but does not exist in design
    Warning (15706): Node "sw4" is assigned to location or region, but does not exist in design
    Warning (15706): Node "sw5" is assigned to location or region, but does not exist in design
    Warning (15706): Node "sw6" is assigned to location or region, but does not exist in design
    Warning (15706): Node "sw7" is assigned to location or region, but does not exist in design
Info (171121): Fitter preparation operations ending: elapsed time is 00:00:01
Info (170189): Fitter placement preparation operations beginning
Info (170190): Fitter placement preparation operations ending: elapsed time is 00:00:00
Info (170191): Fitter placement operations beginning
Info (170137): Fitter placement was successful
Info (170192): Fitter placement operations ending: elapsed time is 00:00:01
Info (170193): Fitter routing operations beginning
Info (170195): Router estimated average interconnect usage is 0% of the available device resources
    Info (170196): Router estimated peak interconnect usage is 3% of the available device resources in the region that extends from location X21_Y10 to location X30_Y19
Info (170194): Fitter routing operations ending: elapsed time is 00:00:01
Info (170199): The Fitter performed an Auto Fit compilation.  Optimizations were skipped to reduce compilation time.
    Info (170201): Optimizations that may affect the design's routability were skipped
Info (11888): Total time spent on timing analysis during the Fitter is 0.48 seconds.
Info (334003): Started post-fitting delay annotation
Info (334004): Delay annotation completed successfully
Info (334003): Started post-fitting delay annotation
Info (334004): Delay annotation completed successfully
Info (11218): Fitter post-fit operations ending: elapsed time is 00:00:00
Warning (171167): Found invalid Fitter assignments. See the Ignored Assignments panel in the Fitter Compilation Report for more information.
Info (144001): Generated suppressed messages file C:/Users/owene/Desktop/SOFTENG_2022_SEM1/COMPSYS 305/305Project/MiniProject/output_files/miniProject.fit.smsg
Info: Quartus II 64-Bit Fitter was successful. 0 errors, 18 warnings
    Info: Peak virtual memory: 4911 megabytes
    Info: Processing ended: Mon May 16 11:58:03 2022
    Info: Elapsed time: 00:00:07
    Info: Total CPU time (on all processors): 00:00:07


+----------------------------+
; Fitter Suppressed Messages ;
+----------------------------+
The suppressed messages can be found in C:/Users/owene/Desktop/SOFTENG_2022_SEM1/COMPSYS 305/305Project/MiniProject/output_files/miniProject.fit.smsg.


